Datum,AfD,CDU,BSW,LINKE,Sonstige,SPD,GRÜNE
2026-08-14,39.95,22.1,7,15.9,5.1,6,3.97
2026-08-13,39.96,22.09,7,15.91,5.09,6,3.97
2026-08-12,39.96,22.07,7,15.93,5.07,6,3.98
2026-08-11,39.97,22.06,7,15.94,5.06,6,3.98
2026-08-10,39.98,22.04,7,15.96,5.04,6,3.99
2026-08-09,39.98,22.03,7,15.97,5.03,6,3.99
2026-08-08,39.99,22.02,7,15.98,5.02,6,3.99
2026-08-07,40,22.01,7,15.99,5.01,6,4
2026-08-06,40,22,7,16,5,6,4
2026-08-05,40.01,21.99,7,16.01,4.99,6,4
2026-08-04,40.01,21.98,7,16.02,4.98,6,4.01
2026-08-03,40.02,21.97,7,16.03,4.97,6,4.01
2026-08-02,40.02,21.96,7,16.04,4.96,6,4.01
2026-08-01,40.02,21.95,7,16.05,4.95,6,4.02
2026-07-31,40.03,21.95,7,16.05,4.95,6,4.02
2026-07-30,40.03,21.94,7,16.06,4.94,6,4.02
2026-07-29,40.03,21.94,7,16.06,4.94,6,4.02
2026-07-28,40.03,21.94,7,16.06,4.94,6,4.02
2026-07-27,40.03,21.93,7,16.07,4.93,6,4.02
2026-07-26,40.03,21.93,7,16.07,4.93,6,4.03
2026-07-25,40.04,21.93,7,16.07,4.93,6,4.03
2026-07-24,40.04,21.93,7,16.07,4.93,6,4.03
2026-07-23,40.03,21.93,7,16.07,4.93,6,4.03
2026-07-22,40.03,21.93,7,16.07,4.93,6,4.03
2026-07-21,40.03,21.93,7,16.07,4.93,6,4.03
2026-07-20,40.03,21.94,7,16.06,4.94,6,4.02
2026-07-19,40.03,21.94,7,16.06,4.94,6,4.02
2026-07-18,40.03,21.95,7,16.05,4.95,6,4.02
2026-07-17,40.02,21.95,7,16.05,4.95,6,4.02
2026-07-16,40.02,21.96,7,16.04,4.96,6,4.02
2026-07-15,40.02,21.97,7,16.03,4.97,6,4.01
2026-07-14,40.01,21.98,7,16.02,4.98,6,4.01
2026-07-13,40.01,21.99,7,16.01,4.99,6,4.01
2026-07-12,40,22,7,16,5,6,4
2026-07-11,40,22.01,7,15.99,5.01,6,4
2026-07-10,39.99,22.02,7,15.98,5.02,6,3.99
2026-07-09,39.98,22.03,7,15.97,5.03,6,3.99
2026-07-08,39.98,22.05,7,15.95,5.05,6,3.98
2026-07-07,39.97,22.06,7,15.94,5.06,6,3.97
2026-07-06,39.96,22.08,7,15.92,5.08,6,3.97
2026-07-05,39.95,22.09,7,15.91,5.09,6,3.96
2026-07-04,39.95,22.11,7,15.89,5.11,6,3.95
2026-07-03,39.94,22.12,7,15.88,5.12,6,3.94
2026-07-02,39.93,22.14,7,15.86,5.14,6,3.92
2026-05-25,39.1,23.8,7,14.2,6.8,6,3.06
2026-05-24,39.08,23.83,7,14.17,6.83,6,3.05
2026-05-23,39.07,23.86,7,14.14,6.86,6,3.04
2026-05-22,39.06,23.89,7,14.11,6.89,6,3.03
2026-05-21,39.04,23.91,7,14.09,6.91,6,3.03
2026-05-20,39.03,23.93,7,14.07,6.93,6,3.02
2026-05-19,39.03,23.95,7,14.05,6.95,6,3.02
2026-05-18,39.02,23.96,7,14.04,6.96,6,3.01
2026-05-17,39.02,23.97,7,14.03,6.97,6,3.01
2026-05-16,39.02,23.98,7,14.02,6.98,5.99,3
2026-05-15,39.02,23.99,7,14.01,6.99,5.99,3
2026-05-14,39.02,23.99,7,14.01,6.99,5.98,3
2026-05-13,39.02,24,7,14,7,5.98,3
2026-05-12,39.03,24,7,14,7,5.97,3
2026-05-11,39.03,24,7,14,7,5.97,3
2026-05-10,39.04,24,7,14,7,5.96,3
2026-05-09,39.04,24,7,14,7,5.96,3
2026-05-08,39.05,24,7,14,7,5.95,3
2026-05-07,39.05,24,7,14,7,5.95,3
2026-05-06,39.05,24,7,14,7,5.95,3
2026-05-05,39.05,24,7,14,7,5.95,3
2026-05-04,39.06,24,7,14,7,5.94,3
2026-05-03,39.06,24,7,14,7,5.94,3
2026-05-02,39.06,24,7,14,7,5.94,3
2026-05-01,39.06,24,7,14,7,5.94,3
2026-04-30,39.05,24,7,14,7,5.95,3
2026-04-29,39.05,24,7,14,7,5.95,3
2026-04-28,39.05,24,7,14,7,5.95,3
2026-04-27,39.05,24,7,14,7,5.95,3
2026-04-26,39.04,24,7,14,7,5.96,3
2026-04-25,39.04,24,7,14,7,5.96,3
2026-04-24,39.03,24,7,14,7,5.97,3
2026-04-23,39.02,24,7,14,7,5.98,3
2026-04-22,39.01,24,7,14,7,5.99,3
2026-04-21,39.01,24,7,14,7,5.99,3
2026-04-20,39,24,7,14,7,6,3
2026-04-19,38.99,24,7,14,7,6.01,3
2026-04-18,38.98,24,7,14,7,6.02,3
2026-04-17,38.98,24,7,14,7,6.02,3
2026-04-16,38.96,24,7,14,7,6.04,3
2026-04-15,38.95,24,7,14,7,6.05,3
2026-04-14,38.94,24,7,14,7,6.06,3
2026-04-13,38.92,24,7,14,7,6.08,3
2026-04-12,38.91,24,7,14,7,6.09,3
2026-04-11,38.88,24,7,14,7,6.12,3
2026-04-10,38.86,24,7,14,7,6.14,3
2026-03-23,38.15,24,7,14,7,6.85,3
2026-03-22,38.12,24,7,14,7,6.88,3
2026-03-21,38.1,24,7,14,7,6.9,3
2026-03-20,38.08,24,7,14,7,6.92,3
2026-03-19,38.06,24,7,14,7,6.94,3
2026-03-18,38.05,24,7,14,7,6.95,3
2026-03-17,38.04,24,7,14,7,6.96,3
2026-03-16,38.03,24,7,14,7,6.97,3
2026-03-15,38.02,24,7,14,7,6.98,3
2026-03-14,38.01,24,7,14,7,6.99,3
2026-03-13,38,24,7,14,7,7,3
2026-03-12,37.99,24,7,14,7,7.01,3
2026-03-11,37.98,24,7,14,7,7.02,3
2026-03-10,37.97,24,7,14,7,7.03,3
2026-03-09,37.97,24,7,14,7,7.03,3
2026-03-08,37.96,24,7,14,7,7.04,3
2026-03-07,37.96,24,7,14,7,7.04,3
2026-03-06,37.96,24,7,14,7,7.04,3
2026-03-05,37.96,24,7,14,7,7.04,3
2026-03-04,37.96,24,7,14,7,7.04,3
2026-03-03,37.96,24,7,14,7,7.04,3
2026-03-02,37.96,24,7,14,7,7.04,3
2026-03-01,37.96,24,7,14,7,7.04,3
2026-02-28,37.96,24,7,14,7,7.04,3
2026-02-27,37.95,24,7,14,7,7.05,3
2026-02-26,37.95,24,7,14,7,7.05,3
2026-02-25,37.95,24,7,14,7,7.05,3
2026-02-24,37.94,24,7,14,7,7.06,3
2026-02-23,37.95,24,7,14,7,7.05,3
2026-02-22,37.95,24,7,14,7,7.05,3
2026-02-21,37.96,24,7,14,7,7.04,3
2026-02-20,37.96,24,7,14,7,7.04,3
2026-02-19,37.96,24,7,14,7,7.04,3
2026-02-18,37.97,24,7,14,7,7.03,3
2026-02-17,37.98,24,7,14,7,7.02,3
2026-02-16,37.99,24,7,14,7,7.01,3
2026-02-15,38,24,7,14,7,7,3
2026-02-14,38.03,24,7,14,7,6.97,3
2026-02-13,38.05,24,7,14,7,6.95,3
2026-02-12,38.08,24,7,14,7,6.92,3
2026-02-11,38.11,24,7,14,7,6.89,3
2026-02-10,38.15,24,7,14,7,6.85,3
2026-02-09,38.18,24,7,14,7,6.82,3
2026-02-08,38.22,24,7,14,7,6.78,3
2026-02-07,38.26,24,7,14,7,6.74,3
2026-02-06,38.31,24,7,14,7,6.69,3
2026-01-25,38.79,24,7,14,7,6.21,3
2026-01-24,38.82,24,7,14,7,6.18,3
2026-01-23,38.85,24,7,14,7,6.15,3
2026-01-22,38.87,24,7,14,7,6.13,3
2026-01-21,38.9,24,7,14,7,6.1,3
2026-01-20,38.93,24,7,14,7,6.07,3
2026-01-19,38.95,24,7,14,7,6.05,3
2026-01-18,38.97,24,7,14,7,6.03,3
2026-01-17,38.99,24,7,14,7,6.01,3
2026-01-16,39,24,7,14,7,6,3
2026-01-15,39.01,24,7,14,7,5.99,3
2026-01-14,39.01,24,7,14,7,5.99,3
2026-01-13,39.02,24,7,14,7,5.98,3
2026-01-12,39.03,24,7,14,7,5.97,3
2026-01-11,39.04,24,7,14,7,5.96,3
2026-01-10,39.04,24,7,14,7,5.96,3
2026-01-09,39.05,24,7,14,7,5.95,3
2026-01-08,39.06,24,7,14,7,5.94,3
2026-01-07,39.06,24,7,14,7,5.94,3
2026-01-06,39.06,24,7,14,7,5.94,3
2026-01-05,39.07,24,7,14,7,5.93,3
2026-01-04,39.07,24,7,14,7,5.93,3
2026-01-03,39.07,24,7,14,7,5.93,3
2026-01-02,39.07,24,7,14,7,5.93,3
2026-01-01,39.06,24,7,14,7,5.94,3
2025-12-31,39.06,24,7,14,7,5.94,3
2025-12-30,39.06,24,7,14,7,5.94,3
2025-12-29,39.06,24,7,14,7,5.94,3
2025-12-28,39.06,24,7,14,7,5.94,3
2025-12-27,39.05,24,7,14,7,5.95,3
2025-12-26,39.05,24,7,14,7,5.95,3
2025-12-25,39.04,24,7,14,7,5.96,3
2025-12-24,39.04,24,7,14,7,5.96,3
2025-12-23,39.03,24,7,14,7,5.97,3
2025-12-22,39.03,24,7,14,7,5.97,3
2025-12-21,39.02,24,7,14,7,5.98,3
2025-12-20,39.01,24,7.01,14,6.99,5.99,3
2025-12-19,39,24.01,7.01,14,6.99,6,3
2025-12-18,38.99,24.01,7.02,14,6.98,6,3
2025-12-17,38.98,24.01,7.02,14,6.98,6.01,3
2025-12-16,38.97,24.02,7.03,14,6.97,6.01,3
2025-12-15,38.96,24.02,7.04,14,6.96,6.02,3
2025-12-14,38.94,24.03,7.06,14,6.94,6.03,3
2025-12-13,38.93,24.04,7.07,14,6.93,6.04,3
2025-12-12,38.91,24.05,7.09,14,6.91,6.05,3
2025-12-11,38.89,24.06,7.11,14,6.89,6.06,3
2025-10-26,37.15,24.93,8.85,14,5.15,6.93,3
2025-10-25,37.12,24.94,8.87,14,5.13,6.94,3
2025-10-24,37.1,24.95,8.9,14,5.1,6.95,3
2025-10-23,37.09,24.96,8.91,14,5.09,6.96,3
2025-10-22,37.07,24.97,8.93,14,5.07,6.97,3
2025-10-21,37.05,24.97,8.95,14,5.05,6.97,3
2025-10-20,37.04,24.98,8.96,14,5.04,6.98,3
2025-10-19,37.03,24.98,8.97,14,5.03,6.98,3
2025-10-18,37.02,24.99,8.98,14,5.02,6.99,3
2025-10-17,37.01,24.99,8.99,14,5.01,6.99,3
2025-10-16,37,25,9,14,5,7,3
2025-10-15,36.99,25,9.01,14,4.99,7,3
2025-10-14,36.98,25.01,9.02,14,4.98,7.01,3
2025-10-13,36.98,25.01,9.02,14,4.98,7.01,3
2025-10-12,36.97,25.01,9.03,14,4.97,7.01,3
2025-10-11,36.96,25.02,9.04,14,4.96,7.02,3
2025-10-10,36.96,25.02,9.04,14,4.96,7.02,3
2025-10-09,36.96,25.02,9.04,14,4.96,7.02,3
2025-10-08,36.95,25.02,9.05,14,4.95,7.02,3
2025-10-07,36.95,25.03,9.05,14,4.95,7.03,3
2025-10-06,36.95,25.03,9.05,14,4.95,7.03,3
2025-10-05,36.94,25.03,9.06,14,4.94,7.03,3
2025-10-04,36.94,25.03,9.06,14,4.94,7.03,3
2025-10-03,36.94,25.03,9.06,14,4.94,7.03,3
2025-10-02,36.94,25.03,9.06,14,4.94,7.03,3
2025-10-01,36.94,25.03,9.06,14,4.94,7.03,3
2025-09-30,36.95,25.03,9.05,14,4.95,7.03,3
2025-09-29,36.95,25.03,9.05,14,4.95,7.03,3
2025-09-28,36.95,25.02,9.05,14,4.95,7.02,3
2025-09-27,36.95,25.02,9.05,14,4.95,7.02,3
2025-09-26,36.96,25.02,9.04,14,4.96,7.02,3
2025-09-25,36.96,25.02,9.04,14,4.96,7.02,3
2025-09-24,36.97,25.02,9.03,14,4.97,7.02,3
2025-09-23,36.97,25.01,9.03,14,4.97,7.01,3
2025-09-22,36.98,25.01,9.02,14,4.98,7.01,3
2025-09-21,36.99,25.01,9.01,14,4.99,7.01,3
2025-09-20,36.99,25,9.01,14,4.99,7,3
2025-09-19,37,25,9,14,5,7,3
2025-09-18,37,25,9,14,5,7,3
2025-09-17,36.99,24.99,9.01,14,5,7,3
2025-09-16,36.98,24.99,9.02,14,5,7.01,3
2025-09-15,36.97,24.99,9.03,14,5,7.01,3
2025-09-14,36.97,24.98,9.03,14,5,7.02,3
2025-09-13,36.96,24.98,9.04,14,5,7.02,3
2025-09-12,36.95,24.98,9.05,14,5,7.02,3
2025-09-11,36.94,24.97,9.06,14,5,7.03,3
2025-06-22,35.05,24.04,10.98,13.95,5,7.96,3
2025-06-21,35.04,24.03,10.99,13.96,5,7.97,3
2025-06-20,35.03,24.03,10.99,13.96,5,7.97,3
2025-06-19,35.02,24.02,11,13.97,5,7.98,3
2025-06-18,35.02,24.02,11,13.97,5,7.98,3
2025-06-17,35.01,24.01,11,13.98,5,7.99,3
2025-06-16,35.01,24.01,11,13.99,5,7.99,3
2025-06-15,35,24,11,13.99,5,8,3
2025-06-14,35,24,11,14,5,8,3
2025-06-13,35,24,10.99,14.01,5,8,3
2025-06-12,35,24,10.99,14.02,5,8,3
2025-06-11,35,23.99,10.98,14.03,5,8.01,3
2025-06-10,35,23.99,10.98,14.04,5,8.01,2.99
2025-06-09,35,23.99,10.97,14.04,5,8.01,2.99
2025-06-08,35,23.98,10.96,14.05,5,8.02,2.99
2025-06-07,35,23.98,10.96,14.06,5,8.02,2.99
2025-06-06,35,23.98,10.96,14.07,5,8.02,2.99
2025-06-05,35,23.98,10.95,14.07,5,8.02,2.99
2025-06-04,35,23.97,10.95,14.08,5,8.03,2.99
2025-06-03,35,23.97,10.95,14.08,5,8.03,2.99
2025-06-02,35,23.97,10.95,14.08,5,8.03,2.99
2025-06-01,35,23.97,10.95,14.08,5,8.03,2.99
2025-05-31,35,23.97,10.95,14.08,5,8.03,2.99
2025-05-30,35,23.97,10.95,14.08,5,8.03,2.99
2025-05-29,35,23.97,10.95,14.08,5,8.03,2.99
2025-05-28,35,23.97,10.95,14.08,5,8.03,2.99
2025-05-27,35,23.98,10.95,14.07,5,8.02,2.99
2025-05-26,35,23.98,10.95,14.07,5,8.02,2.99
2025-05-25,35,23.98,10.96,14.06,5,8.02,2.99
2025-05-24,35,23.98,10.96,14.06,5,8.02,2.99
2025-05-23,35,23.98,10.97,14.05,5,8.02,2.99
2025-05-22,35,23.99,10.97,14.04,5,8.01,2.99
2025-05-21,35,23.99,10.98,14.03,5,8.01,2.99
2025-05-20,35,23.99,10.98,14.02,5,8.01,2.99
2025-05-19,35,24,10.99,14.01,5,8,3
2025-05-18,35,24,11,14,5,8,3
2025-05-17,35,24,11.01,13.99,5,8,3
2025-05-16,35,24.01,11.02,13.97,5,7.99,3.01
2025-05-15,35,24.01,11.03,13.96,5,7.99,3.01
2025-05-14,35,24.02,11.04,13.94,5,7.98,3.01
2025-05-13,35,24.03,11.05,13.92,5,7.97,3.02
2025-05-12,35,24.03,11.07,13.9,5,7.97,3.02
2025-05-11,35,24.04,11.08,13.88,5,7.96,3.03
2025-05-10,35,24.05,11.1,13.85,5,7.95,3.04
2025-05-09,35,24.06,11.12,13.82,5,7.94,3.05
2025-05-08,35,24.07,11.14,13.79,5,7.93,3.06
2025-03-21,35,24.95,12.89,11.16,5,7.05,3.95
2025-03-20,35,24.95,12.91,11.14,5,7.05,3.96
2025-03-19,35,24.96,12.92,11.12,5,7.04,3.97
2025-03-18,35,24.97,12.93,11.1,5,7.03,3.99
2025-03-17,35,24.97,12.94,11.08,5,7.03,4
2025-03-16,35.01,24.98,12.95,11.06,5.01,7.02,4
2025-03-15,35.01,24.98,12.96,11.04,5.01,7.02,4
2025-03-14,35.01,24.99,12.96,11.02,5.01,7.01,4
2025-03-13,35.02,24.99,12.96,11.01,5.02,7.01,4
2025-03-12,35.02,24.99,12.97,10.99,5.02,7.01,4
2025-03-11,35.03,25,12.97,10.98,5.03,7,4
2025-03-10,35.03,25,12.97,10.97,5.03,7,4
2025-03-09,35.04,25,12.96,10.96,5.04,7,4
2025-03-08,35.04,25,12.96,10.96,5.04,7,4
2025-03-07,35.05,25,12.95,10.95,5.05,7,4
2025-03-06,35.05,25,12.95,10.95,5.05,7,4
2025-03-05,35.06,25,12.94,10.94,5.06,7,4
2025-03-04,35.06,25,12.94,10.94,5.06,7,4
2025-03-03,35.06,25,12.94,10.94,5.06,7,4
2025-03-02,35.06,25,12.94,10.94,5.06,7,4
2025-03-01,35.07,25,12.93,10.93,5.07,7,4
2025-02-28,35.07,25,12.93,10.93,5.07,7,4
2025-02-27,35.07,25,12.93,10.93,5.07,7,4
2025-02-26,35.07,25,12.93,10.93,5.07,7,4
2025-02-25,35.07,25,12.93,10.93,5.07,7,4
2025-02-24,35.06,25,12.94,10.94,5.06,7,4
2025-02-23,35.06,25,12.94,10.94,5.06,7,4
2025-02-22,35.06,25,12.94,10.94,5.06,7,4
2025-02-21,35.05,25,12.95,10.95,5.05,7,4
2025-02-20,35.05,25,12.95,10.95,5.05,7,4
2025-02-19,35.04,25,12.96,10.96,5.04,7,4
2025-02-18,35.04,25,12.96,10.96,5.04,7,4
2025-02-17,35.03,25,12.97,10.97,5.03,7,4
2025-02-16,35.03,25,12.97,10.97,5.03,7,4
2025-02-15,35.02,25,12.98,10.98,5.02,7,4
2025-02-14,35.01,25,12.99,10.99,5.01,7,4
2025-02-13,35,25,13,11,5,7,4
2025-02-12,34.98,25,13.02,11.02,4.98,7,4
2025-02-11,34.96,25,13.04,11.04,4.96,7,4
2025-02-10,34.94,25,13.06,11.06,4.94,7,4
2025-02-09,34.91,25,13.09,11.09,4.91,7,4
2025-02-08,34.88,25,13.12,11.12,4.88,7,4
2025-02-07,34.85,25,13.15,11.15,4.85,7,4
2025-02-06,34.82,25,13.18,11.18,4.82,7,4
2025-02-05,34.79,25,13.21,11.21,4.79,7,4
2025-02-04,34.76,25,13.24,11.24,4.76,7,4
2025-01-25,34.27,25,13.73,11.73,4.27,7,4
2025-01-24,34.22,25,13.78,11.78,4.22,7,4
2025-01-23,34.18,25,13.82,11.82,4.18,7,4
2025-01-22,34.14,25,13.86,11.86,4.14,7,4
2025-01-21,34.11,25,13.89,11.89,4.11,7,4
2025-01-20,34.08,25,13.92,11.92,4.08,7,4
2025-01-19,34.06,25,13.94,11.94,4.06,7,4
2025-01-18,34.04,25,13.96,11.96,4.04,7,4
2025-01-17,34.03,25,13.97,11.97,4.02,7,4
2025-01-16,34.02,25,13.98,11.98,4.01,7,4
2025-01-15,34.01,25,13.99,11.99,3.99,7,4
2025-01-14,34,25,14,12,3.98,7,4
2025-01-13,33.99,25,14.01,12,3.97,7.01,4
2025-01-12,33.99,25,14.01,12.01,3.96,7.01,4
2025-01-11,33.98,25,14.02,12.01,3.95,7.01,4
2025-01-10,33.98,25,14.02,12.01,3.95,7.01,4
2025-01-09,33.98,25,14.02,12.01,3.94,7.01,4
2025-01-08,33.97,25,14.03,12.02,3.94,7.01,4
2025-01-07,33.97,25,14.03,12.01,3.92,7.01,4
2025-01-06,33.98,25,14.02,12,3.89,7.02,4
2025-01-05,33.98,25,14.02,11.98,3.85,7.03,4
2025-01-04,33.99,25,14.01,11.96,3.81,7.05,4
2025-01-03,34,25,14,11.95,3.78,7.05,4
2025-01-02,34,25,14,11.95,3.78,7.05,4
2025-01-01,34,25,14,11.95,3.79,7.05,4
2024-12-31,34,25,14,11.94,3.78,7.06,4
2024-12-30,34,25,14,11.94,3.76,7.06,4
2024-12-29,34,25,14,11.93,3.74,7.07,4
2024-12-28,34,25,14,11.93,3.73,7.07,4
2024-12-27,34,25,14,11.94,3.74,7.06,4
2024-12-26,34,25,14,11.95,3.78,7.05,4
2024-12-25,34,25,14,11.96,3.85,7.04,4
2024-12-24,34,25,14,11.98,3.94,7.02,4
2024-12-23,34,25,14,12.01,4.04,6.99,4
2024-12-22,34,25,14,12.04,4.15,6.96,4
2024-12-21,34,25,14,12.07,4.27,6.93,4
2024-12-20,34,25,14,12.1,4.41,6.9,4
2024-12-19,34,25,14,12.14,4.55,6.86,4
2024-12-18,34,25,14,12.17,4.69,6.83,4
2024-12-17,34,25,14,12.21,4.84,6.79,4
2024-12-16,34,25,14,12.25,4.99,6.75,4
2024-12-15,34,25,14,12.28,5.14,6.72,4
2024-12-14,34,25,14,12.32,5.28,6.68,4
2024-12-13,34,25,14,12.36,5.45,6.64,4
2024-12-12,34,25,14,12.42,5.67,6.58,4
2024-12-11,34,25,14,12.48,5.91,6.52,4
2024-12-10,34,25,14,12.54,6.14,6.46,NA
2024-12-09,34,25,14,12.59,6.36,6.41,NA
2024-12-08,34,25,14,12.63,6.53,6.37,NA
2024-12-07,34,25,14,12.67,6.69,6.33,NA
2024-12-06,34,25,14,12.71,6.85,6.29,NA
2024-12-05,34,25,14,12.76,7.02,6.24,NA
2024-12-04,34,25,14,12.8,7.19,6.2,NA
2024-12-03,34,25,14,12.84,7.34,6.16,NA
2024-12-02,34,25,14,12.87,7.48,6.13,NA
2024-12-01,34,25,14,12.9,7.6,6.1,NA
2024-11-30,34,25,14,12.92,7.69,6.08,NA
2024-11-29,34,25,14,12.95,7.78,6.05,NA
2024-11-28,34,25,14,12.97,7.87,6.03,NA
2024-11-27,34,25,14,12.99,7.95,6.01,NA
2024-11-26,34,25,14,13,8.02,6,NA
2024-11-25,34,25,14,13.02,8.08,5.98,NA
2024-11-24,34,25,14,13.03,8.13,5.97,NA
2024-11-23,34,25,14,13.04,8.18,5.96,NA
2024-11-22,34,25,14,13.05,8.21,5.95,NA
2024-11-21,34,25,14,13.06,8.24,5.94,NA
2024-11-20,34,25,14,13.06,8.26,5.94,NA
2024-11-19,34,25,14,13.07,8.26,5.93,NA
2024-11-18,34,25,14,13.06,8.26,5.94,NA
2024-11-17,34,25,14,13.06,8.25,5.94,NA
2024-11-16,34,25,14,13.06,8.23,5.94,NA
2024-11-15,34,25,14,13.05,8.2,5.95,NA
2024-11-14,34,25,14,13.04,8.16,5.96,NA
2024-11-13,34,25,14,13.03,8.11,5.97,NA
2024-11-12,34,25,14,13.01,8.05,5.99,NA
2024-11-11,34,25,14,13,7.99,6,NA
2024-11-10,34,25,14,12.98,7.91,6.02,NA
2024-11-09,34,25,14,12.96,7.83,6.04,NA
2024-11-08,34,25,14,12.93,7.74,6.07,NA
2024-11-07,34,25,14,12.91,7.64,6.09,NA
