Datum,SPD,CDU,GRÃœNE,AfD,FDP,FW,Sonstige,LINKE
2026-03-02,26.92,28.78,9.76,17.95,NA,4.3,6.57,5.44
2026-03-01,26.88,28.79,9.77,17.96,NA,4.29,6.6,5.47
2026-02-28,26.83,28.79,9.78,17.96,NA,4.28,6.64,5.5
2026-02-27,26.78,28.8,9.79,17.97,NA,4.27,6.67,5.53
2026-02-26,26.74,28.81,9.79,17.98,NA,4.27,6.7,5.56
2026-02-25,26.69,28.81,9.8,17.98,NA,4.26,6.73,5.59
2026-02-24,26.65,28.82,9.8,17.99,NA,4.25,6.76,5.62
2026-02-23,26.6,28.83,9.81,18,NA,4.24,6.79,5.64
2026-02-22,26.56,28.83,9.82,18.01,NA,4.23,6.82,5.67
2026-02-21,26.52,28.84,9.82,18.02,NA,4.23,6.85,5.7
2026-02-20,26.47,28.84,9.83,18.03,NA,4.22,6.87,5.72
2026-02-19,26.43,28.84,9.83,18.04,NA,4.21,6.9,5.74
2026-02-18,26.38,28.85,9.83,18.05,NA,4.2,6.93,5.77
2026-02-17,26.34,28.85,9.84,18.07,NA,4.2,6.95,5.79
2026-02-16,26.29,28.85,9.84,18.08,NA,4.19,6.98,5.81
2026-02-15,26.25,28.86,9.85,18.09,NA,4.18,7,5.83
2026-02-14,26.2,28.86,9.85,18.11,NA,4.17,7.03,5.85
2026-02-13,26.16,28.86,9.85,18.12,NA,4.17,7.05,5.87
2026-02-12,26.11,28.86,9.86,18.14,NA,4.16,7.08,5.89
2026-02-11,26.07,28.87,9.86,18.15,NA,4.15,7.1,5.91
2026-02-10,26.03,28.87,9.86,18.17,NA,4.15,7.12,5.92
2026-02-09,25.98,28.87,9.86,18.18,NA,4.14,7.15,5.94
2026-02-08,25.94,28.87,9.87,18.2,NA,4.13,7.17,5.96
2026-02-07,25.9,28.87,9.87,18.21,NA,4.12,7.19,5.97
2026-02-06,25.85,28.87,9.87,18.23,NA,4.12,7.21,5.99
2026-02-05,25.81,28.87,9.87,18.24,NA,4.11,7.23,6
2026-02-04,25.77,28.87,9.88,18.26,NA,4.1,7.25,6.02
2026-02-03,25.72,28.87,9.88,18.28,NA,4.1,7.27,6.03
2026-02-02,25.68,28.87,9.88,18.3,NA,4.09,7.29,6.04
2026-02-01,25.64,28.87,9.88,18.31,NA,4.08,7.31,6.06
2026-01-31,25.6,28.87,9.88,18.33,NA,4.08,7.32,6.07
2026-01-30,25.55,28.87,9.88,18.35,NA,4.07,7.34,6.08
2026-01-29,25.51,28.87,9.88,18.37,NA,4.06,7.36,6.09
2026-01-28,25.47,28.87,9.88,18.39,NA,4.06,7.37,6.1
2026-01-27,25.43,28.86,9.88,18.41,NA,4.05,7.39,6.11
2026-01-26,25.39,28.86,9.88,18.43,NA,4.04,7.41,6.12
2026-01-25,25.35,28.86,9.88,18.45,NA,4.04,7.42,6.12
2026-01-24,25.31,28.86,9.88,18.47,NA,4.03,7.44,6.13
2026-01-23,25.26,28.86,9.88,18.49,NA,4.02,7.45,6.14
2026-01-22,25.22,28.85,9.88,18.51,NA,4.02,7.46,6.14
2025-11-23,23.16,28.39,9.67,20.09,NA,3.71,7.46,6.01
2025-11-22,23.13,28.38,9.66,20.11,NA,3.71,7.45,6
2025-11-21,23.1,28.38,9.66,20.13,NA,3.71,7.44,6
2025-11-20,23.08,28.37,9.66,20.15,NA,3.7,7.43,6
2025-11-19,23.06,28.36,9.66,20.17,NA,3.7,7.42,6
2025-11-18,23.03,28.36,9.65,20.18,4.05,3.7,7.41,6
2025-11-17,23.01,28.35,9.65,20.2,4.05,3.69,7.4,6
2025-11-16,22.98,28.35,9.65,20.22,4.05,3.69,7.39,6
2025-11-15,22.96,28.34,9.65,20.23,4.05,3.68,7.38,6
2025-11-14,22.94,28.34,9.65,20.25,4.05,3.68,7.37,6
2025-11-13,22.92,28.33,9.65,20.26,4.04,3.68,7.36,6
2025-11-12,22.9,28.33,9.65,20.28,4.04,3.67,7.35,6
2025-11-11,22.87,28.32,9.64,20.3,4.04,3.67,7.34,6
2025-11-10,22.85,28.32,9.64,20.32,4.04,3.67,7.33,6
2025-11-09,22.83,28.31,9.64,20.34,4.04,3.66,7.32,6
2025-11-08,22.8,28.3,9.64,20.36,4.03,3.66,7.31,6
2025-11-07,22.78,28.29,9.63,20.38,4.03,3.66,7.29,6
2025-11-06,22.76,28.29,9.63,20.4,4.03,3.65,7.28,6
2025-11-05,22.74,28.28,9.63,20.41,4.03,3.65,7.27,6
2025-11-04,22.72,28.27,9.62,20.43,4.02,3.65,7.25,6
2025-11-03,22.7,28.27,9.62,20.45,4.02,3.64,7.24,6
2025-11-02,22.68,28.26,9.62,20.46,4.02,3.64,7.23,6
2025-11-01,22.66,28.26,9.62,20.47,4.01,3.64,7.22,6
2025-10-31,22.64,28.26,9.62,20.48,4.01,3.63,7.2,6
2025-10-30,22.62,28.25,9.62,20.5,4.01,3.63,7.19,6
2025-10-29,22.61,28.25,9.62,20.51,4,3.63,7.17,6
2025-10-28,22.59,28.24,9.62,20.52,4,3.62,7.16,6
2025-10-27,22.57,28.24,9.62,20.54,4,3.62,7.14,6
2025-10-26,22.55,28.23,9.62,20.55,3.99,3.62,7.12,6
2025-10-25,22.54,28.23,9.62,20.57,3.99,3.61,7.1,6
2025-10-24,22.52,28.22,9.62,20.58,3.98,3.61,7.08,6
2025-10-23,22.5,28.22,9.62,20.59,3.98,3.6,7.06,6
2025-10-22,22.49,28.22,9.62,20.61,3.98,3.6,7.05,6
2025-10-21,22.47,28.21,9.62,20.62,3.97,3.6,7.03,6
2025-10-20,22.46,28.21,9.62,20.62,3.97,3.59,7.01,6
2025-10-19,22.45,28.21,9.62,20.63,3.96,3.59,7,6
2025-10-18,22.43,28.21,9.62,20.64,3.96,3.59,6.98,6
2025-10-17,22.42,28.2,9.62,20.65,3.95,3.58,6.96,6
2025-10-16,22.41,28.2,9.62,20.67,3.95,3.58,6.93,6
2025-10-15,22.4,28.19,9.61,20.69,3.94,3.57,6.89,6
2025-10-14,22.39,28.18,9.61,20.71,3.94,3.56,6.85,6
2025-10-13,22.39,28.16,9.61,20.73,3.93,3.56,6.8,6
2025-10-12,22.38,28.15,9.6,20.75,3.93,3.55,6.76,6
2025-10-11,22.37,28.14,9.6,20.78,3.92,3.54,6.71,6
2025-10-10,22.36,28.13,9.6,20.79,3.91,3.54,6.67,6
2025-10-09,22.36,28.13,9.59,20.81,3.91,3.53,6.64,6
2025-10-08,22.35,28.12,9.59,20.82,3.9,3.53,6.61,6
2025-10-07,22.34,28.12,9.6,20.83,3.9,3.52,6.59,6
2025-10-06,22.33,28.12,9.6,20.83,3.89,3.52,6.57,6
2025-10-05,22.33,28.12,9.6,20.82,3.89,3.52,6.55,5.99
2025-10-04,22.32,28.13,9.61,20.82,3.88,3.52,6.54,5.99
2025-07-20,23.2,30.05,11.12,17.18,3.23,4.07,7.14,5.1
2025-07-19,23.2,30.06,11.12,17.16,3.22,4.07,7.14,5.09
2025-07-18,23.2,30.07,11.13,17.13,3.21,4.07,7.14,5.07
2025-07-17,23.2,30.07,11.13,17.11,3.2,4.07,7.14,5.06
2025-07-16,23.19,30.08,11.13,17.09,3.19,4.07,7.14,5.04
2025-07-15,23.19,30.08,11.13,17.07,3.18,4.07,7.14,5.03
2025-07-14,23.18,30.09,11.13,17.05,3.16,4.07,7.13,5.02
2025-07-13,23.17,30.09,11.12,17.04,3.15,4.07,7.13,5
2025-07-12,23.16,30.09,11.12,17.02,3.14,4.07,7.12,4.99
2025-07-11,23.15,30.08,11.11,17.02,3.13,4.06,7.11,4.98
2025-07-10,23.14,30.08,11.1,17.01,3.11,4.06,7.11,4.97
2025-07-09,23.12,30.07,11.09,17.01,3.1,4.05,7.09,4.96
2025-07-08,23.11,30.06,11.08,17.01,3.09,4.04,7.08,4.95
2025-07-07,23.09,30.05,11.06,17.02,3.08,4.04,7.06,4.94
2025-07-06,23.07,30.03,11.05,17.02,3.07,4.03,7.05,4.93
2025-07-05,23.05,30.02,11.03,17.03,3.05,4.02,7.03,4.92
2025-07-04,23.03,30,11.01,17.04,3.04,4.01,7.01,4.91
2025-07-03,23.01,29.98,10.99,17.05,3.03,4,6.99,4.9
2025-07-02,22.99,29.97,10.98,17.06,3.01,3.99,6.98,4.9
2025-07-01,22.97,29.95,10.96,17.06,3,3.98,6.96,4.89
2025-06-30,22.95,29.94,10.94,17.07,2.98,3.97,6.94,4.89
2025-06-29,22.93,29.93,10.93,17.07,2.97,3.97,6.93,4.88
2025-06-28,22.92,29.92,10.92,17.08,2.96,3.96,6.91,4.88
2025-06-27,22.9,29.91,10.9,17.08,2.94,3.95,6.9,4.88
2025-06-26,22.88,29.89,10.89,17.09,2.93,3.94,6.88,4.88
2025-06-25,22.86,29.88,10.87,17.1,2.92,3.93,6.86,4.88
2025-06-24,22.84,29.86,10.85,17.11,2.9,3.92,6.85,4.88
2025-06-23,22.82,29.84,10.83,17.12,2.89,3.91,6.83,4.88
2025-06-22,22.79,29.82,10.81,17.14,2.88,3.9,6.81,4.88
2025-06-21,22.77,29.8,10.79,17.15,2.86,3.89,6.79,4.88
2025-06-20,22.75,29.79,10.77,17.16,2.85,3.88,6.77,4.88
2025-06-19,22.73,29.77,10.75,17.18,2.83,3.87,6.74,4.89
2025-06-18,22.7,29.75,10.73,17.19,2.82,3.86,6.72,4.91
2025-06-17,22.68,29.73,10.71,17.2,2.81,3.85,6.71,4.92
2025-06-16,22.66,29.71,10.69,17.22,2.79,3.84,6.69,4.95
2025-06-15,22.64,29.69,10.67,17.23,2.78,3.83,6.67,4.98
2025-06-14,22.62,29.67,10.65,17.25,2.77,3.82,6.64,5
2025-06-13,22.59,29.64,10.62,17.28,2.75,3.81,6.62,5.02
2025-06-12,22.55,29.61,10.59,17.31,2.74,3.79,6.59,5.05
2025-06-11,22.52,29.57,10.56,17.35,2.72,3.77,6.56,5.08
2025-06-10,22.48,29.53,10.52,17.39,2.71,3.76,6.53,5.14
2025-06-09,22.44,29.49,10.48,17.44,2.69,3.74,6.5,5.21
2025-06-08,22.4,29.45,10.44,17.48,2.67,3.72,6.47,5.3
2025-06-07,22.36,29.4,10.4,17.54,2.65,3.7,6.43,5.4
2025-06-06,22.31,29.35,10.36,17.59,2.63,3.67,6.4,5.51
2025-06-05,22.27,29.3,10.31,17.65,2.61,3.65,6.36,5.64
2025-05-17,21.48,28.43,9.52,18.62,2.25,3.26,5.67,8.54
2025-05-16,21.46,28.41,9.5,18.64,2.24,3.25,5.64,8.61
2025-05-15,21.43,28.39,9.48,18.66,2.23,3.24,5.62,8.68
2025-05-14,21.41,28.37,9.46,18.68,2.22,3.23,5.59,8.74
2025-05-13,21.39,28.34,9.43,18.7,2.2,3.22,5.57,8.8
2025-05-12,21.37,28.32,9.41,18.72,2.19,3.2,5.54,8.84
2025-05-11,21.34,28.3,9.39,18.74,2.18,3.19,5.51,8.89
2025-05-10,21.32,28.28,9.36,18.76,2.17,3.18,5.49,8.92
2025-05-09,21.3,28.26,9.34,18.78,2.15,3.17,5.46,8.96
2025-05-08,21.28,28.24,9.32,18.79,2.14,3.16,5.43,8.99
2025-05-07,21.26,28.23,9.3,18.81,2.13,3.15,5.41,9.02
2025-05-06,21.25,28.21,9.28,18.82,2.12,3.14,5.38,9.05
2025-05-05,21.23,28.2,9.26,18.83,2.11,3.13,5.36,9.07
2025-05-04,21.22,28.19,9.24,18.84,2.1,3.12,5.33,9.09
2025-05-03,21.2,28.17,9.23,18.85,2.1,3.11,5.31,9.09
2025-05-02,21.19,28.16,9.21,18.86,2.09,3.1,5.28,9.1
2025-05-01,21.17,28.15,9.19,18.88,2.08,3.1,5.26,9.1
2025-04-30,21.15,28.13,9.17,18.89,2.07,3.09,5.23,9.11
2025-04-29,21.13,28.12,9.15,18.9,2.06,3.08,5.2,9.12
2025-04-28,21.12,28.1,9.13,18.91,2.05,3.07,5.18,9.12
2025-04-27,21.1,28.09,9.11,18.93,2.04,3.06,5.15,9.12
2025-04-26,21.08,28.07,9.09,18.94,2.03,3.05,5.12,9.12
2025-04-25,21.07,28.06,9.08,18.95,2.02,3.04,5.1,9.12
2025-04-24,21.06,28.05,9.06,18.95,2.02,3.03,5.07,9.12
2025-04-23,21.05,28.05,9.05,18.95,2.01,3.02,5.05,9.12
2025-04-22,21.04,28.04,9.04,18.95,2.01,3.02,5.03,9.12
2025-04-21,21.03,28.04,9.03,18.95,2.01,3.01,5,9.11
2025-04-20,21.02,28.03,9.01,18.96,2,3.01,4.98,9.11
2025-04-19,21.01,28.02,9,18.96,2,3,4.96,9.1
2025-04-18,21,28.01,8.98,18.97,1.99,2.99,4.93,9.09
2025-04-17,20.98,28,8.96,18.98,1.99,2.98,4.91,9.08
2025-04-16,20.97,27.99,8.95,18.98,1.98,2.97,4.88,9.07
2025-04-15,20.96,27.98,8.93,18.99,1.98,2.97,4.85,9.06
2025-04-14,20.94,27.97,8.92,19,1.98,2.96,4.83,9.05
2025-04-13,20.93,27.97,8.9,19,1.97,2.95,4.8,9.04
2025-04-12,20.93,27.96,8.89,19,1.97,2.94,4.78,9.03
2025-04-11,20.92,27.96,8.88,19,1.97,2.94,4.76,9.02
2025-04-10,20.92,27.96,8.87,18.99,1.98,2.94,4.74,9.01
2025-04-09,20.92,27.97,8.87,18.98,1.98,2.93,4.72,8.99
2025-04-08,20.92,27.98,8.87,18.97,1.99,2.93,4.7,8.98
2025-04-07,20.93,27.99,8.87,18.95,1.99,2.93,4.68,8.97
2025-04-06,20.94,28,8.87,18.93,2,2.93,4.66,8.95
2025-04-05,20.95,28.02,8.87,18.9,2.01,2.94,4.65,8.94
2025-04-04,20.96,28.04,8.88,18.88,2.02,2.94,4.63,8.92
2025-04-03,20.97,28.06,8.88,18.85,2.03,2.94,4.61,8.91
2025-04-02,20.99,28.08,8.89,18.82,2.04,2.94,4.6,8.89
2025-01-26,23.42,31.24,10.59,14.93,3.64,3.79,4.11,NA
2025-01-25,23.45,31.28,10.61,14.89,3.66,3.8,4.11,NA
2025-01-24,23.47,31.32,10.63,14.84,3.68,3.81,4.1,NA
2025-01-23,23.5,31.35,10.65,14.8,3.69,3.82,4.1,NA
2025-01-22,23.52,31.38,10.67,14.76,3.71,3.83,4.09,NA
2025-01-21,23.55,31.41,10.68,14.72,3.73,3.84,4.09,NA
2025-01-20,23.58,31.45,10.7,14.68,3.74,3.85,4.08,NA
2025-01-19,23.62,31.49,10.73,14.63,3.76,3.85,4.07,NA
2025-01-18,23.65,31.54,10.75,14.59,3.79,3.86,4.07,NA
2025-01-17,23.69,31.58,10.78,14.54,3.81,3.87,4.06,NA
2025-01-16,23.73,31.63,10.8,14.49,3.83,3.87,4.06,NA
2025-01-15,23.77,31.67,10.83,14.44,3.85,3.88,4.05,NA
2025-01-14,23.81,31.72,10.86,14.39,3.87,3.89,4.04,NA
2025-01-13,23.84,31.76,10.88,14.34,3.88,3.9,4.04,NA
2025-01-12,23.88,31.8,10.9,14.3,3.9,3.9,4.03,NA
2025-01-11,23.9,31.83,10.92,14.26,3.91,3.91,4.03,NA
2025-01-10,23.92,31.86,10.94,14.22,3.92,3.92,4.02,NA
2025-01-09,23.94,31.88,10.95,14.19,3.93,3.93,4.02,NA
2025-01-08,23.95,31.9,10.96,14.16,3.94,3.94,4.02,NA
2025-01-07,23.96,31.92,10.96,14.13,3.96,3.95,4.01,NA
2025-01-06,23.97,31.94,10.97,14.1,3.97,3.96,4.01,NA
2025-01-05,23.98,31.96,10.98,14.07,3.98,3.97,4.01,NA
2025-01-04,23.99,31.98,10.99,14.03,3.99,3.98,4,NA
2025-01-03,24,32,11,14,4,4,4,NA
2025-01-02,24.01,32.02,11.01,13.97,4.02,4.01,3.99,NA
2025-01-01,24.02,32.04,11.02,13.94,4.03,4.02,3.99,NA
2024-12-31,24.03,32.06,11.03,13.91,4.04,4.03,3.99,NA
2024-12-30,24.04,32.08,11.03,13.88,4.05,4.05,3.99,NA
2024-12-29,24.05,32.09,11.04,13.85,4.06,4.06,3.98,NA
2024-12-28,24.05,32.11,11.05,13.82,4.07,4.07,3.98,NA
2024-12-27,24.06,32.13,11.05,13.79,4.08,4.09,3.98,NA
2024-12-26,24.06,32.14,11.06,13.76,4.1,4.1,3.98,NA
2024-12-25,24.07,32.16,11.07,13.73,4.11,4.11,3.98,NA
2024-12-24,24.07,32.17,11.07,13.7,4.12,4.13,3.98,NA
2024-12-23,24.08,32.19,11.08,13.67,4.13,4.14,3.97,NA
2024-12-22,24.08,32.2,11.09,13.64,4.15,4.15,3.97,NA
2024-12-21,24.09,32.22,11.09,13.61,4.16,4.17,3.97,NA
2024-12-20,24.09,32.23,11.1,13.59,4.17,4.18,3.97,NA
2024-12-19,24.09,32.25,11.1,13.56,4.18,4.19,3.97,NA
2024-12-18,24.1,32.26,11.11,13.53,4.19,4.21,3.97,NA
2024-12-17,24.1,32.28,11.11,13.5,4.2,4.22,3.97,NA
2024-12-16,24.1,32.29,11.12,13.47,4.21,4.24,3.97,NA
2024-12-15,24.1,32.3,11.12,13.45,4.23,4.25,3.97,NA
2024-12-14,24.1,32.31,11.13,13.42,4.24,4.27,3.97,NA
2024-12-13,24.1,32.32,11.13,13.4,4.25,4.28,3.97,NA
2024-12-12,24.09,32.33,11.13,13.37,4.26,4.3,3.97,NA
2024-08-25,21.17,31.09,10.08,11.93,4.99,6.78,4.99,NA
2024-08-24,21.15,31.08,10.08,11.93,5,6.79,4.99,NA
2024-08-23,21.14,31.07,10.07,11.93,5,6.8,5,NA
2024-08-22,21.13,31.07,10.06,11.93,5,6.82,5,NA
2024-08-21,21.11,31.06,10.06,11.93,5,6.83,5,NA
2024-08-20,21.1,31.05,10.05,11.93,5,6.84,5,NA
2024-08-19,21.09,31.05,10.05,11.93,5,6.86,5.01,NA
2024-08-18,21.08,31.04,10.04,11.93,5,6.87,5.01,NA
2024-08-17,21.07,31.04,10.04,11.94,5.01,6.88,5.01,NA
2024-08-16,21.07,31.04,10.04,11.94,5.01,6.89,5.01,NA
2024-08-15,21.06,31.03,10.03,11.94,5.01,6.9,5.01,NA
2024-08-14,21.05,31.03,10.03,11.94,5.01,6.91,5.01,NA
2024-08-13,21.04,31.03,10.03,11.94,5.01,6.92,5.01,NA
2024-08-12,21.04,31.02,10.02,11.94,5.01,6.93,5.01,NA
2024-08-11,21.03,31.02,10.02,11.95,5.01,6.94,5.01,NA
2024-08-10,21.03,31.02,10.02,11.95,5.01,6.95,5.01,NA
2024-08-09,21.02,31.02,10.02,11.95,5.01,6.95,5.01,NA
2024-08-08,21.01,31.01,10.01,11.96,5.01,6.96,5.01,NA
2024-08-07,21.01,31.01,10.01,11.96,5.01,6.97,5.01,NA
2024-08-06,21,31.01,10.01,11.96,5.01,6.98,5.01,NA
2024-08-05,21,31,10,11.97,5.01,6.99,5.01,NA
2024-08-04,20.99,31,10,11.97,5.01,7,5.01,NA
2024-08-03,20.98,31,10,11.98,5.01,7.01,5.01,NA
2024-08-02,20.98,30.99,9.99,11.98,5.01,7.02,5.01,NA
2024-08-01,20.98,30.99,9.99,11.99,5.01,7.03,5.01,NA
2024-07-31,20.97,30.99,9.99,11.99,5.01,7.03,5.01,NA
2024-07-30,20.97,30.99,9.99,12,5.01,7.04,5,NA
2024-07-29,20.96,30.98,9.98,12.01,5.01,7.05,5,NA
2024-07-28,20.96,30.98,9.98,12.01,5,7.06,5,NA
2024-07-27,20.96,30.98,9.98,12.02,5,7.06,5,NA
2024-07-26,20.95,30.98,9.98,12.03,5,7.07,5,NA
2024-07-25,20.95,30.97,9.97,12.04,5,7.08,5,NA
2024-07-24,20.95,30.97,9.97,12.04,5,7.09,4.99,NA
2024-07-23,20.95,30.97,9.97,12.05,4.99,7.09,4.99,NA
2024-07-22,20.94,30.97,9.97,12.06,4.99,7.1,4.99,NA
2024-07-21,20.94,30.96,9.96,12.07,4.99,7.11,4.99,NA
2024-07-20,20.94,30.96,9.96,12.08,4.98,7.11,4.99,NA
2024-07-19,20.94,30.96,9.96,12.09,4.98,7.12,4.98,NA
2024-07-18,20.94,30.96,9.96,12.1,4.97,7.13,4.98,NA
2024-07-17,20.94,30.96,9.95,12.11,4.97,7.13,4.97,NA
2024-07-16,20.94,30.95,9.95,12.12,4.97,7.14,4.96,NA
2024-07-15,20.94,30.95,9.95,12.13,4.97,7.15,4.96,NA
2024-07-14,20.94,30.95,9.94,12.14,4.96,7.15,4.95,NA
2024-07-13,20.94,30.95,9.94,12.16,4.96,7.16,4.94,NA
2024-07-12,20.94,30.95,9.94,12.17,4.95,7.17,4.93,NA
2024-07-11,20.94,30.95,9.93,12.19,4.95,7.17,4.93,NA
2024-04-07,21.93,31,9.83,14.61,3.99,7.17,3.73,NA
2024-04-06,21.93,31,9.83,14.63,3.99,7.17,3.74,NA
2024-04-05,21.94,31,9.84,14.65,3.98,7.16,3.74,NA
2024-04-04,21.94,31,9.84,14.66,3.98,7.16,3.75,NA
2024-04-03,21.94,31,9.85,14.68,3.98,7.15,3.76,NA
2024-04-02,21.95,31,9.85,14.69,3.98,7.15,3.76,NA
2024-04-01,21.95,31,9.86,14.71,3.98,7.14,3.77,NA
2024-03-31,21.95,31,9.86,14.72,3.98,7.14,3.78,NA
2024-03-30,21.96,31,9.87,14.74,3.98,7.13,3.78,NA
2024-03-29,21.96,31,9.88,14.76,3.98,7.12,3.79,NA
2024-03-28,21.96,31,9.88,14.77,3.98,7.12,3.8,NA
2024-03-27,21.97,31,9.89,14.79,3.98,7.11,3.81,NA
2024-03-26,21.97,31,9.9,14.81,3.98,7.1,3.82,NA
2024-03-25,21.97,31,9.91,14.83,3.98,7.09,3.84,NA
2024-03-24,21.98,31,9.91,14.85,3.98,7.09,3.85,NA
2024-03-23,21.98,31,9.92,14.87,3.98,7.08,3.87,NA
2024-03-22,21.98,31,9.93,14.89,3.98,7.07,3.88,NA
2024-03-21,21.99,31,9.94,14.91,3.98,7.06,3.9,NA
2024-03-20,21.99,31,9.95,14.93,3.98,7.05,3.91,NA
2024-03-19,21.99,31,9.96,14.95,3.98,7.04,3.93,NA
2024-03-18,22,31,9.97,14.97,3.99,7.03,3.95,NA
2024-03-17,22,31,9.98,14.98,3.99,7.02,3.97,NA
2024-03-16,22,31,9.99,15,3.99,7.01,3.98,NA
2024-03-15,22.01,31,10,15.02,3.99,7,4,NA
2024-03-14,22.01,31,10.01,15.04,4,6.99,4.02,NA
2024-03-13,22.01,31,10.02,15.06,4,6.98,4.04,NA
2024-03-12,22.01,31,10.03,15.08,4,6.97,4.05,NA
2024-03-11,22.02,31,10.05,15.1,4.01,6.95,4.07,NA
2024-03-10,22.02,31,10.06,15.12,4.01,6.94,4.1,NA
2024-03-09,22.02,31,10.07,15.14,4.01,6.93,4.12,NA
2024-03-08,22.02,31,10.08,15.16,4.01,6.92,4.14,NA
2024-03-07,22.03,31,10.1,15.18,4.02,6.9,4.17,NA
2024-03-06,22.03,31,10.11,15.2,4.02,6.89,4.19,NA
2024-03-05,22.03,31,10.13,15.22,4.03,6.87,4.22,NA
2024-03-04,22.03,31,10.14,15.24,4.04,6.86,4.25,NA
2024-03-03,22.03,31,10.15,15.26,4.04,6.85,4.27,NA
2024-03-02,22.04,31,10.17,15.28,4.05,6.83,4.29,NA
2024-03-01,22.04,31,10.18,15.29,4.06,6.82,4.32,NA
2024-02-29,22.04,31,10.19,15.31,4.07,6.81,4.34,NA
2024-02-28,22.04,31,10.2,15.33,4.07,6.8,4.36,NA
2024-02-27,22.04,31,10.22,15.35,4.08,6.78,4.39,NA
2024-02-26,22.04,31,10.23,15.37,4.08,6.77,4.42,NA
2024-02-25,22.04,31,10.25,15.39,4.09,6.75,4.45,NA
2024-02-24,22.04,31,10.26,15.41,4.09,6.74,4.48,NA
2024-02-23,22.04,31,10.28,15.43,4.1,6.72,4.51,NA
2024-02-22,22.04,31,10.3,15.45,4.11,6.7,4.54,NA
2023-12-17,21.76,31,11.85,16.85,4.9,5.15,7.7,NA
2023-12-16,21.76,31,11.86,16.86,4.9,5.14,7.73,NA
2023-12-15,21.77,31,11.87,16.87,4.91,5.13,7.75,NA
2023-12-14,21.78,31,11.88,16.88,4.92,5.12,7.77,NA
2023-12-13,21.79,31,11.89,16.89,4.92,5.11,7.79,NA
2023-12-12,21.79,31,11.9,16.9,4.93,5.1,7.81,NA
2023-12-11,21.8,31,11.91,16.91,4.94,5.09,7.82,NA
2023-12-10,21.81,31,11.92,16.92,4.94,5.08,7.84,NA
2023-12-09,21.82,31,11.93,16.93,4.95,5.07,7.86,NA
2023-12-08,21.82,31,11.94,16.94,4.95,5.06,7.88,NA
2023-12-07,21.83,31,11.95,16.95,4.96,5.05,7.9,NA
2023-12-06,21.84,31,11.96,16.96,4.96,5.04,7.92,NA
2023-12-05,21.85,31,11.97,16.97,4.97,5.03,7.93,NA
2023-12-04,21.86,31,11.98,16.98,4.97,5.02,7.95,NA
2023-12-03,21.87,31,11.98,16.98,4.97,5.02,7.97,NA
2023-12-02,21.88,31,11.99,16.99,4.98,5.01,7.98,NA
2023-12-01,21.89,31,12,17,4.98,5,7.99,NA
2023-11-30,21.9,31,12,17,4.99,5,8,NA
2023-11-29,21.91,31,12.01,17.01,4.99,4.99,8.01,NA
2023-11-28,21.93,31,12.01,17.01,4.99,4.99,8.02,NA
2023-11-27,21.94,31,12.01,17.01,5,4.99,8.03,NA
2023-11-26,21.96,31,12.02,17.02,5,4.98,8.04,NA
2023-11-25,21.97,31,12.02,17.02,5.01,4.98,8.04,NA
2023-11-24,21.98,31,12.02,17.02,5.01,4.98,8.05,NA
2023-11-23,22,31,12.03,17.03,5.01,4.97,8.05,NA
2023-11-22,22.01,31,12.03,17.03,5.02,4.97,8.06,NA
2023-11-21,22.03,31,12.03,17.03,5.02,4.97,8.06,NA
2023-11-20,22.05,31,12.03,17.03,5.02,4.97,8.07,NA
2023-11-19,22.06,31,12.04,17.04,5.03,4.96,8.07,NA
2023-11-18,22.08,31,12.04,17.04,5.03,4.96,8.08,NA
2023-11-17,22.09,31,12.04,17.04,5.03,4.96,8.08,NA
2023-11-16,22.11,31,12.04,17.04,5.03,4.96,8.08,NA
2023-11-15,22.13,31,12.04,17.04,5.04,4.96,8.07,NA
2023-11-14,22.15,31,12.03,17.03,5.04,4.97,8.06,NA
2023-11-13,22.17,31,12.03,17.03,5.04,4.97,8.05,NA
2023-11-12,22.19,31,12.02,17.02,5.04,4.98,8.04,NA
2023-11-11,22.21,31,12.01,17.01,5.04,4.99,8.03,NA
2023-11-10,22.24,31,12.01,17.01,5.03,4.99,8.01,NA
2023-11-09,22.26,31,12,17,5.03,5,8,NA
2023-11-08,22.28,31,11.99,17,5.03,5.01,7.99,NA
2023-11-07,22.3,31,11.99,16.99,5.03,5.01,7.98,NA
2023-11-06,22.32,31,11.99,16.99,5.03,5.01,7.97,NA
2023-11-05,22.34,31,11.98,16.98,5.03,5.02,7.97,NA
2023-11-04,22.36,31,11.98,16.98,5.03,5.02,7.96,NA
2023-11-03,22.38,31.01,11.97,16.98,5.03,5.03,7.95,NA
2023-11-02,22.4,31.01,11.97,16.98,5.03,5.03,7.94,NA
2023-09-03,24.21,31.62,11.11,16.42,4.85,6.04,6.07,NA
2023-09-02,24.25,31.61,11.1,16.41,4.85,6.05,6.05,NA
2023-09-01,24.29,31.59,11.09,16.39,4.85,6.05,6.04,NA
2023-08-31,24.33,31.57,11.08,16.37,4.86,6.06,6.02,NA
2023-08-30,24.36,31.55,11.08,16.35,4.86,6.06,6.01,NA
2023-08-29,24.4,31.53,11.07,16.33,4.87,6.07,6,NA
2023-08-28,24.44,31.51,11.06,16.31,4.87,6.07,5.99,NA
2023-08-27,24.48,31.48,11.05,16.29,4.88,6.07,5.99,NA
2023-08-26,24.52,31.46,11.05,16.27,4.89,6.07,5.98,NA
2023-08-25,24.56,31.42,11.04,16.25,4.89,6.06,5.98,NA
2023-08-24,24.6,31.39,11.04,16.23,4.9,6.06,5.98,NA
2023-08-23,24.64,31.35,11.03,16.21,4.91,6.06,5.98,NA
2023-08-22,24.69,31.3,11.03,16.18,4.92,6.05,5.98,NA
2023-08-21,24.73,31.26,11.02,16.15,4.93,6.04,5.98,NA
2023-08-20,24.78,31.21,11.02,16.13,4.94,6.03,5.99,NA
2023-08-19,24.83,31.16,11.02,16.1,4.96,6.02,5.99,NA
2023-08-18,24.87,31.11,11.01,16.07,4.97,6.02,6,NA
2023-08-17,24.92,31.07,11.01,16.05,4.98,6.01,6,NA
2023-08-16,24.96,31.02,11.01,16.02,4.99,6,6.01,NA
2023-08-15,25,30.98,11,15.99,5,5.99,6.01,NA
2023-08-14,25.04,30.94,11,15.97,5.01,5.98,6.02,NA
2023-08-13,25.08,30.9,10.99,15.95,5.02,5.98,6.02,NA
2023-08-12,25.13,30.84,10.99,15.92,5.03,5.97,6.03,NA
2023-08-11,25.17,30.78,10.98,15.9,5.05,5.95,6.04,NA
2023-08-10,25.22,30.72,10.97,15.87,5.07,5.94,6.05,NA
2023-08-09,25.27,30.65,10.96,15.85,5.08,5.92,6.07,NA
2023-08-08,25.32,30.57,10.95,15.82,5.1,5.91,6.09,NA
2023-08-07,25.37,30.49,10.94,15.79,5.12,5.89,6.11,NA
2023-08-06,25.42,30.42,10.94,15.76,5.14,5.87,6.13,NA
2023-08-05,25.47,30.34,10.93,15.74,5.16,5.85,6.15,NA
2023-08-04,25.52,30.26,10.92,15.71,5.18,5.83,6.17,NA
2023-08-03,25.57,30.19,10.91,15.68,5.19,5.81,6.18,NA
2023-08-02,25.62,30.12,10.91,15.65,5.21,5.8,6.2,NA
2023-08-01,25.66,30.06,10.9,15.63,5.22,5.78,6.22,NA
2023-07-31,25.7,30,10.9,15.6,5.24,5.77,6.23,NA
2023-07-30,25.75,29.93,10.89,15.57,5.26,5.75,6.25,NA
2023-07-29,25.81,29.85,10.88,15.55,5.28,5.73,6.27,NA
2023-07-28,25.86,29.76,10.86,15.52,5.3,5.71,6.28,NA
2023-07-27,25.92,29.67,10.85,15.49,5.32,5.69,6.3,NA
2023-07-26,25.98,29.58,10.83,15.46,5.35,5.67,6.32,NA
2023-07-25,26.04,29.49,10.82,15.43,5.37,5.65,6.34,NA
2023-07-24,26.1,29.41,10.8,15.4,5.39,5.63,6.36,NA
2023-07-23,26.15,29.32,10.79,15.37,5.41,5.62,6.38,NA
2023-07-22,26.21,29.24,10.78,15.34,5.43,5.6,6.4,NA
2023-07-21,26.26,29.17,10.77,15.31,5.44,5.58,6.42,NA
2023-07-20,26.31,29.1,10.77,15.28,5.46,5.56,6.44,NA
2023-07-07,27.04,28.09,10.72,14.83,5.76,5.32,6.68,2
2023-07-06,27.1,28,10.71,14.79,5.78,5.3,6.7,2
2023-07-05,27.16,27.92,10.71,14.75,5.81,5.28,6.72,2
2023-07-04,27.22,27.84,10.71,14.71,5.83,5.26,6.74,2
2023-07-03,27.28,27.76,10.71,14.67,5.85,5.24,6.76,2
2023-07-02,27.34,27.69,10.71,14.63,5.87,5.22,6.78,2
2023-07-01,27.39,27.62,10.72,14.59,5.89,5.2,6.8,2
2023-06-30,27.45,27.55,10.72,14.55,5.91,5.18,6.82,2
2023-06-29,27.5,27.49,10.73,14.52,5.92,5.17,6.83,2
2023-06-28,27.55,27.43,10.74,14.48,5.93,5.15,6.85,2
2023-06-27,27.59,27.37,10.75,14.44,5.95,5.14,6.86,2
2023-06-26,27.64,27.33,10.76,14.4,5.96,5.12,6.88,2
2023-06-25,27.67,27.28,10.78,14.37,5.97,5.11,6.89,2
2023-06-24,27.71,27.25,10.79,14.33,5.98,5.1,6.9,2
2023-06-23,27.75,27.21,10.81,14.29,5.99,5.08,6.92,2
2023-06-22,27.79,27.17,10.83,14.26,6,5.07,6.93,2
2023-06-21,27.83,27.13,10.84,14.22,6.01,5.06,6.94,2
2023-06-20,27.86,27.09,10.86,14.18,6.03,5.05,6.95,2
2023-06-19,27.9,27.05,10.88,14.15,6.03,5.03,6.97,2
2023-06-18,27.93,27.02,10.9,14.11,6.04,5.02,6.98,2
2023-06-17,27.97,26.99,10.92,14.07,6.05,5.01,6.99,2
2023-06-16,28,26.96,10.95,14.03,6.05,5,7,2
2023-06-15,28.03,26.94,10.97,14,6.05,4.99,7.01,2
2023-06-14,28.06,26.92,11,13.96,6.04,4.98,7.02,2
2023-06-13,28.09,26.9,11.03,13.92,6.03,4.97,7.03,2
2023-06-12,28.11,26.9,11.07,13.88,6.03,4.96,7.04,2
2023-06-11,28.13,26.9,11.11,13.84,6.02,4.96,7.04,2
2023-06-10,28.14,26.91,11.15,13.8,6,4.95,7.05,2
2023-06-09,28.15,26.94,11.21,13.76,5.99,4.95,7.05,2
2023-06-08,28.16,26.96,11.26,13.72,5.98,4.95,7.05,2
2023-06-07,28.16,26.99,11.32,13.68,5.97,4.95,7.05,2
2023-06-06,28.17,27.03,11.38,13.63,5.95,4.94,7.06,2
2023-06-05,28.17,27.06,11.44,13.59,5.94,4.94,7.06,2
2023-06-04,28.18,27.1,11.5,13.55,5.93,4.94,7.06,2
2023-06-03,28.18,27.13,11.55,13.51,5.92,4.94,7.06,2
2023-06-02,28.19,27.16,11.61,13.47,5.9,4.94,7.06,2
2023-06-01,28.19,27.18,11.66,13.43,5.88,4.94,7.06,2
2023-05-31,28.2,27.19,11.7,13.4,5.86,4.93,7.07,2
2023-05-30,28.22,27.21,11.74,13.36,5.83,4.93,7.07,2
2023-05-29,28.22,27.23,11.79,13.33,5.8,4.93,7.07,2
2023-05-28,28.23,27.25,11.84,13.29,5.78,4.92,7.08,2
2023-05-27,28.24,27.27,11.88,13.25,5.75,4.92,7.08,2
2023-05-26,28.24,27.3,11.93,13.22,5.72,4.92,7.08,2
2023-05-25,28.24,27.33,11.99,13.18,5.7,4.92,7.08,2
2023-05-24,28.24,27.37,12.04,13.14,5.68,4.92,7.08,2
2023-05-23,28.25,27.4,12.1,13.11,5.66,4.92,7.08,2
2023-05-14,28.22,27.76,12.59,12.79,5.5,4.93,7.07,NA
2023-05-13,28.22,27.8,12.64,12.76,5.48,4.93,7.07,NA
2023-05-12,28.22,27.83,12.69,12.73,5.46,4.93,7.07,NA
2023-05-11,28.22,27.87,12.74,12.7,5.44,4.93,7.07,NA
2023-05-10,28.21,27.91,12.79,12.67,5.42,4.93,7.07,NA
2023-05-09,28.21,27.95,12.84,12.64,5.4,4.93,7.07,NA
2023-05-08,28.19,28.01,12.9,12.6,5.38,4.94,7.06,NA
2023-05-07,28.18,28.07,12.96,12.57,5.36,4.94,7.06,NA
2023-05-06,28.16,28.14,13.03,12.54,5.34,4.95,7.05,NA
2023-05-05,28.14,28.2,13.09,12.51,5.32,4.95,7.05,NA
2023-05-04,28.12,28.27,13.16,12.48,5.3,4.96,7.04,NA
2023-05-03,28.11,28.34,13.22,12.45,5.29,4.96,7.04,NA
2023-05-02,28.09,28.41,13.28,12.42,5.27,4.97,7.03,NA
2023-05-01,28.07,28.47,13.34,12.39,5.25,4.98,7.02,NA
2023-04-30,28.06,28.52,13.4,12.36,5.23,4.98,7.02,NA
2023-04-29,28.05,28.57,13.45,12.34,5.2,4.98,7.02,NA
2023-04-28,28.05,28.6,13.49,12.31,5.18,4.98,7.02,NA
2023-04-27,28.04,28.64,13.54,12.28,5.16,4.99,7.01,NA
2023-04-26,28.04,28.67,13.58,12.25,5.13,4.99,7.01,NA
2023-04-25,28.04,28.71,13.63,12.22,5.11,4.99,7.01,NA
2023-04-24,28.03,28.75,13.68,12.2,5.09,4.99,7.01,NA
2023-04-23,28.03,28.79,13.73,12.17,5.08,4.99,7.01,NA
2023-04-22,28.02,28.82,13.78,12.14,5.06,4.99,7.01,NA
2023-04-21,28.02,28.86,13.82,12.11,5.05,4.99,7.01,NA
2023-04-20,28.01,28.9,13.87,12.08,5.04,5,7,NA
2023-04-19,28.01,28.93,13.92,12.05,5.03,5,7,NA
2023-04-18,28,28.96,13.96,12.02,5.01,5,7,NA
2023-04-17,28,28.99,14,12,5,5,7,NA
2023-04-16,28,29.01,14.03,11.98,4.98,5,7,NA
2023-04-15,28,29.03,14.07,11.95,4.97,5,7,NA
2023-04-14,28,29.06,14.1,11.93,4.96,5,7,NA
2023-04-13,28,29.08,14.14,11.9,4.95,5,7,NA
2023-04-12,28,29.1,14.18,11.87,4.93,5,7,NA
2023-04-11,28,29.13,14.22,11.84,4.92,5,7,NA
2023-04-10,28,29.15,14.26,11.82,4.91,5,7,NA
2023-04-09,28,29.18,14.3,11.79,4.91,5,7,NA
2023-04-08,28,29.2,14.34,11.76,4.9,5,7,NA
2023-04-07,28,29.22,14.38,11.73,4.89,5,7,NA
2023-04-06,28,29.24,14.42,11.71,4.89,5,7,NA
2023-04-05,28,29.26,14.45,11.68,4.88,5,7,NA
2023-04-04,28,29.28,14.48,11.66,4.88,5,7,NA
2023-04-03,28,29.3,14.51,11.64,4.87,5,7,NA
2023-04-02,28,29.31,14.54,11.62,4.87,5,7,NA
2023-04-01,28,29.32,14.56,11.6,4.86,5,7,NA
2023-03-31,28,29.34,14.59,11.58,4.86,5,7,NA
2023-03-30,28,29.35,14.61,11.56,4.85,5,7,NA
2023-01-29,28.08,29.23,15.12,10.89,4.94,5.08,6.99,NA
2023-01-28,28.07,29.22,15.11,10.89,4.94,5.07,6.98,NA
2023-01-27,28.07,29.21,15.1,10.9,4.93,5.07,6.98,NA
2023-01-26,28.07,29.2,15.1,10.91,4.92,5.07,6.97,NA
2023-01-25,28.07,29.19,15.09,10.92,4.91,5.07,6.97,NA
2023-01-24,28.07,29.18,15.08,10.92,4.89,5.07,6.96,NA
2023-01-23,28.07,29.17,15.07,10.93,4.88,5.07,6.96,NA
2023-01-22,28.07,29.15,15.06,10.94,4.86,5.07,6.95,NA
2023-01-21,28.07,29.14,15.04,10.96,4.85,5.07,6.94,NA
2023-01-20,28.07,29.13,15.02,10.98,4.83,5.07,6.93,NA
2023-01-19,28.07,29.12,15,11,4.82,5.07,6.92,NA
2023-01-18,28.07,29.1,14.98,11.02,4.82,5.07,6.91,NA
2023-01-17,28.07,29.09,14.95,11.05,4.82,5.07,6.89,NA
2023-01-16,28.07,29.07,14.92,11.08,4.82,5.07,6.87,NA
2023-01-15,28.07,29.06,14.89,11.11,4.82,5.07,6.85,NA
2023-01-14,28.07,29.04,14.86,11.14,4.82,5.07,6.84,NA
2023-01-13,28.07,29.03,14.83,11.17,4.82,5.07,6.82,NA
2023-01-12,28.07,29.01,14.8,11.2,4.82,5.07,6.8,NA
2023-01-11,28.07,29,14.77,11.23,4.81,5.07,6.78,NA
2023-01-10,28.07,28.98,14.75,11.25,4.81,5.07,6.77,NA
2023-01-09,28.07,28.97,14.72,11.28,4.8,5.07,6.76,2
2023-01-08,28.07,28.95,14.7,11.3,4.79,5.07,6.75,2
2023-01-07,28.07,28.93,14.67,11.33,4.79,5.07,6.74,2
2023-01-06,28.06,28.92,14.64,11.36,4.78,5.06,6.72,2
2023-01-05,28.06,28.89,14.6,11.4,4.78,5.06,6.71,2
2023-01-04,28.06,28.87,14.57,11.43,4.79,5.06,6.69,2
2023-01-03,28.06,28.85,14.53,11.47,4.79,5.06,6.68,2
2023-01-02,28.05,28.82,14.49,11.51,4.8,5.05,6.66,2
2023-01-01,28.05,28.8,14.45,11.55,4.81,5.05,6.65,2
2022-12-31,28.05,28.77,14.41,11.59,4.83,5.05,6.64,2
2022-12-30,28.04,28.75,14.38,11.62,4.84,5.04,6.62,2
2022-12-29,28.04,28.73,14.34,11.66,4.86,5.04,6.61,2
2022-12-28,28.03,28.71,14.31,11.69,4.88,5.03,6.6,2
2022-12-27,28.03,28.68,14.28,11.72,4.89,5.03,6.59,2
2022-12-26,28.02,28.66,14.25,11.75,4.91,5.02,6.59,2
2022-12-25,28.01,28.63,14.22,11.78,4.92,5.01,6.59,2
2022-12-24,28,28.6,14.2,11.8,4.94,5,6.59,2
2022-12-23,27.99,28.57,14.17,11.83,4.97,4.99,6.6,2
2022-12-22,27.98,28.54,14.15,11.85,5,4.98,6.6,2
2022-12-21,27.97,28.51,14.12,11.88,5.04,4.97,6.61,2
2022-12-20,27.95,28.48,14.1,11.9,5.08,4.95,6.62,2
2022-12-19,27.94,28.45,14.08,11.92,5.12,4.94,6.63,2
2022-12-18,27.93,28.42,14.05,11.95,5.17,4.93,6.64,2
2022-12-17,27.92,28.39,14.03,11.97,5.21,4.92,6.64,2
2022-12-16,27.9,28.36,14.01,11.99,5.25,4.9,6.65,2
2022-12-15,27.9,28.34,13.99,12.01,5.29,4.9,6.65,2
2022-12-14,27.89,28.31,13.97,12.03,5.33,4.89,6.66,2
2022-12-13,27.88,28.29,13.95,12.05,5.36,4.88,6.66,2
2022-12-12,27.86,28.26,13.93,12.07,5.39,4.86,6.67,2
2022-12-11,27.85,28.23,13.91,12.09,5.43,4.85,6.68,2
2022-12-10,27.84,28.21,13.9,12.1,5.46,4.84,6.69,2
2022-12-09,27.83,28.18,13.88,12.12,5.5,4.83,6.7,2
2022-12-08,27.81,28.15,13.87,12.13,5.54,4.81,6.71,2
2022-12-07,27.8,28.12,13.85,12.15,5.58,4.8,6.73,2
2022-12-06,27.79,28.1,13.84,12.16,5.63,4.79,6.74,2
2022-12-05,27.77,28.07,13.82,12.18,5.67,4.77,6.75,2
2022-12-04,27.76,28.04,13.81,12.19,5.71,4.76,6.76,2
2022-12-03,27.75,28.02,13.8,12.2,5.75,4.75,6.78,2
2022-12-02,27.74,28,13.78,12.22,5.79,4.74,6.79,2
2022-12-01,27.72,27.97,13.77,12.23,5.83,4.72,6.8,2
2022-11-30,27.71,27.95,13.76,12.24,5.86,4.71,6.81,2
2022-11-29,27.7,27.92,13.75,12.25,5.9,4.7,6.82,2
2022-11-28,27.69,27.9,13.74,12.26,5.94,4.69,6.84,2
2022-11-27,27.67,27.87,13.73,12.27,5.98,4.67,6.85,2
2022-11-26,27.66,27.85,13.72,12.28,6.02,4.66,6.87,2
2022-11-25,27.65,27.83,13.71,12.29,6.06,4.65,6.88,2
2022-11-13,27.47,27.54,13.66,12.34,6.58,4.47,7.12,NA
2022-11-12,27.46,27.52,13.66,12.34,6.63,4.46,7.14,NA
2022-11-11,27.44,27.49,13.66,12.34,6.67,4.44,7.16,NA
2022-11-10,27.43,27.47,13.66,12.34,6.72,4.43,7.19,NA
2022-11-09,27.41,27.45,13.66,12.34,6.76,4.41,7.21,NA
2022-11-08,27.4,27.43,13.66,12.34,6.81,4.4,7.23,NA
2022-11-07,27.38,27.41,13.67,12.33,6.85,4.38,7.26,NA
2022-11-06,27.37,27.39,13.67,12.33,6.9,4.37,7.28,NA
2022-11-05,27.35,27.37,13.67,12.33,6.95,4.35,7.31,NA
2022-11-04,27.34,27.34,13.68,12.32,7,4.34,7.34,NA
2022-11-03,27.32,27.32,13.69,12.31,7.04,4.32,7.36,NA
2022-11-02,27.3,27.3,13.69,12.31,7.09,4.3,7.39,NA
2022-11-01,27.29,27.28,13.7,12.3,7.14,4.29,7.42,NA
2022-10-31,27.27,27.26,13.71,12.29,7.19,4.27,7.45,NA
2022-10-30,27.25,27.24,13.72,12.28,7.24,4.25,7.48,NA
2022-10-29,27.24,27.22,13.72,12.28,7.29,4.24,7.51,NA
2022-10-28,27.22,27.2,13.74,12.26,7.34,4.22,7.54,NA
2022-10-27,27.2,27.18,13.75,12.25,7.39,4.2,7.57,NA
2022-10-26,27.19,27.16,13.76,12.24,7.44,4.19,7.6,NA
2022-10-25,27.17,27.14,13.77,12.23,7.49,4.17,7.63,NA
2022-10-24,27.15,27.12,13.78,12.22,7.54,4.15,7.66,NA
2022-10-23,27.14,27.1,13.8,12.2,7.59,4.14,7.69,NA
2022-10-22,27.12,27.09,13.81,12.19,7.64,4.12,7.73,NA
2022-10-21,27.1,27.07,13.83,12.17,7.7,4.1,7.76,NA
2022-10-20,27.08,27.05,13.84,12.16,7.75,4.08,7.79,NA
2022-10-19,27.07,27.03,13.86,12.14,7.8,4.07,7.83,NA
2022-10-18,27.05,27.01,13.88,12.12,7.85,4.05,7.86,NA
2022-10-17,27.03,26.99,13.89,12.11,7.91,4.03,7.9,NA
2022-10-16,27.01,26.98,13.91,12.09,7.96,4.01,7.93,NA
2022-10-15,27,26.96,13.93,12.07,8.01,4,7.97,NA
2022-10-14,26.98,26.94,13.95,12.05,8.07,3.98,8.01,NA
2022-10-13,26.96,26.93,13.97,12.03,8.12,3.96,8.04,NA
2022-10-12,26.95,26.91,13.99,12.01,8.17,3.94,8.08,NA
2022-10-11,26.93,26.9,14.01,11.99,8.22,3.93,8.11,NA
2022-10-10,26.92,26.88,14.03,11.97,8.27,3.91,8.15,NA
2022-10-09,26.91,26.87,14.05,11.94,8.32,3.9,8.18,NA
2022-10-08,26.89,26.85,14.07,11.92,8.37,3.88,8.21,NA
2022-10-07,26.88,26.84,14.09,11.9,8.42,3.87,8.25,NA
2022-10-06,26.86,26.83,14.11,11.87,8.47,3.85,8.28,NA
2022-10-05,26.85,26.81,14.13,11.85,8.52,3.83,8.32,NA
2022-10-04,26.84,26.8,14.15,11.82,8.58,3.82,8.36,NA
2022-10-03,26.82,26.79,14.18,11.8,8.63,3.8,8.4,NA
2022-10-02,26.8,26.78,14.2,11.77,8.68,3.78,8.43,NA
2022-10-01,26.79,26.76,14.23,11.74,8.73,3.77,8.47,NA
2022-09-30,26.78,26.75,14.25,11.71,8.78,3.75,8.51,NA
2022-09-29,26.77,26.74,14.27,11.69,8.83,3.74,8.54,NA
2022-04-24,33.73,26.52,11.02,7.08,8.79,4.86,8.02,NA
2022-04-23,33.75,26.5,11.02,7.07,8.79,4.87,8.01,NA
2022-04-22,33.77,26.48,11.01,7.06,8.8,4.87,8.01,NA
2022-04-21,33.79,26.46,11,7.06,8.81,4.88,8.01,NA
2022-04-20,33.81,26.44,11,7.05,8.82,4.89,8,NA
2022-04-19,33.83,26.41,11,7.04,8.83,4.9,8,NA
2022-04-18,33.84,26.39,10.99,7.04,8.83,4.9,8,NA
2022-04-17,33.86,26.37,10.99,7.03,8.85,4.91,8,NA
2022-04-16,33.87,26.34,10.99,7.03,8.86,4.92,8,NA
2022-04-15,33.88,26.32,10.99,7.03,8.87,4.92,8,NA
2022-04-14,33.89,26.29,10.99,7.02,8.88,4.93,8,NA
2022-04-13,33.91,26.26,10.99,7.02,8.89,4.94,8,NA
2022-04-12,33.92,26.24,10.99,7.01,8.9,4.94,8,NA
2022-04-11,33.94,26.21,10.99,7.01,8.91,4.95,8,NA
2022-04-10,33.95,26.18,10.98,7,8.92,4.96,8,NA
2022-04-09,33.97,26.15,10.98,7,8.94,4.96,8,NA
2022-04-08,33.98,26.12,10.99,6.99,8.95,4.97,8,NA
2022-04-07,33.99,26.09,10.99,6.99,8.96,4.98,8,NA
2022-04-06,33.99,26.06,10.99,6.99,8.98,4.99,8,NA
2022-04-05,33.99,26.02,11,7,8.99,5,8,NA
2022-04-04,33.99,25.99,11.01,7,9.01,5,8,NA
2022-04-03,33.98,25.95,11.02,7.01,9.03,5.01,8.01,NA
2022-04-02,33.97,25.9,11.03,7.02,9.05,5.02,8.01,NA
2022-04-01,33.96,25.86,11.05,7.03,9.07,5.03,8.01,NA
2022-03-31,33.94,25.81,11.06,7.03,9.09,5.04,8.02,NA
2022-03-30,33.93,25.76,11.08,7.04,9.11,5.06,8.02,NA
2022-03-29,33.91,25.71,11.1,7.05,9.13,5.07,8.03,NA
2022-03-28,33.9,25.66,11.11,7.06,9.15,5.08,8.03,NA
2022-03-27,33.88,25.6,11.13,7.07,9.17,5.09,8.04,NA
2022-03-26,33.86,25.55,11.15,7.08,9.19,5.1,8.05,NA
2022-03-25,33.85,25.5,11.17,7.09,9.21,5.12,8.05,NA
2022-03-24,33.83,25.44,11.18,7.1,9.23,5.13,8.06,NA
2022-03-23,33.82,25.39,11.2,7.11,9.25,5.14,8.06,NA
2022-03-22,33.81,25.34,11.21,7.12,9.28,5.15,8.06,NA
2022-03-21,33.8,25.3,11.23,7.13,9.3,5.16,8.07,NA
2022-03-20,33.78,25.25,11.24,7.14,9.32,5.17,8.07,NA
2022-03-19,33.77,25.19,11.26,7.15,9.35,5.18,8.08,NA
2022-03-18,33.76,25.14,11.28,7.16,9.37,5.2,8.08,NA
2022-03-17,33.74,25.09,11.29,7.17,9.39,5.21,8.09,NA
2022-03-16,33.73,25.03,11.31,7.18,9.42,5.22,8.09,NA
2022-03-15,33.72,24.98,11.33,7.19,9.44,5.23,8.09,NA
2022-03-14,33.71,24.92,11.34,7.2,9.46,5.24,8.1,NA
2022-03-13,33.69,24.87,11.36,7.21,9.48,5.26,8.1,NA
2022-03-12,33.68,24.82,11.37,7.22,9.5,5.27,8.11,NA
2022-03-11,33.67,24.77,11.39,7.22,9.52,5.28,8.11,NA
2022-03-10,33.66,24.72,11.4,7.23,9.55,5.29,8.11,NA
2022-01-09,33.26,21.36,12.25,7.88,11.39,6,8.25,NA
2022-01-08,33.28,21.32,12.25,7.89,11.4,6.01,8.24,NA
2022-01-07,33.3,21.29,12.25,7.9,11.4,6.01,8.23,NA
2022-01-06,33.31,21.25,12.25,7.9,11.4,6.02,8.23,NA
2022-01-05,33.33,21.22,12.24,7.91,11.39,6.02,8.22,NA
2022-01-04,33.36,21.19,12.24,7.92,11.39,6.03,8.21,NA
2022-01-03,33.38,21.16,12.24,7.93,11.38,6.03,8.21,NA
2022-01-02,33.41,21.14,12.23,7.93,11.37,6.03,8.2,NA
2022-01-01,33.43,21.11,12.22,7.94,11.36,6.03,8.19,NA
2021-12-31,33.46,21.09,12.22,7.95,11.34,6.04,8.18,NA
2021-12-30,33.49,21.07,12.21,7.95,11.33,6.04,8.17,NA
2021-12-29,33.52,21.05,12.2,7.96,11.31,6.04,8.16,NA
2021-12-28,33.56,21.03,12.19,7.96,11.29,6.04,8.15,NA
2021-12-27,33.59,21.02,12.17,7.97,11.27,6.04,8.14,NA
2021-12-26,33.63,21,12.16,7.97,11.25,6.04,8.12,NA
2021-12-25,33.68,21,12.14,7.98,11.23,6.03,8.11,NA
2021-12-24,33.72,20.99,12.12,7.98,11.21,6.03,8.09,NA
2021-12-23,33.77,20.99,12.1,7.99,11.19,6.03,8.08,NA
2021-12-22,33.82,20.98,12.08,7.99,11.16,6.02,8.06,NA
2021-12-21,33.87,20.98,12.06,8,11.14,6.02,8.04,NA
2021-12-20,33.93,20.98,12.04,8,11.12,6.01,8.02,NA
2021-12-19,33.98,20.98,12.01,8,11.08,6.01,8.01,NA
2021-12-18,34.03,20.98,11.99,8.01,11.05,6,7.99,NA
2021-12-17,34.07,20.98,11.97,8.01,11.01,6,7.98,NA
2021-12-16,34.12,20.97,11.95,8.01,10.96,5.99,7.96,NA
2021-12-15,34.17,20.97,11.93,8.02,10.92,5.99,7.94,NA
2021-12-14,34.22,20.98,11.91,8.02,10.87,5.98,7.93,NA
2021-12-13,34.28,20.99,11.88,8.02,10.83,5.97,7.91,NA
2021-12-12,34.35,21.01,11.85,8.02,10.78,5.96,7.88,NA
2021-12-11,34.42,21.03,11.81,8.02,10.73,5.95,7.86,NA
2021-12-10,34.49,21.06,11.78,8.02,10.69,5.94,7.84,NA
2021-12-09,34.57,21.08,11.74,8.02,10.65,5.92,7.81,NA
2021-12-08,34.64,21.11,11.7,8.02,10.61,5.91,7.79,NA
2021-12-07,34.72,21.14,11.67,8.02,10.55,5.89,7.77,NA
2021-12-06,34.79,21.17,11.63,8.02,10.48,5.88,7.74,NA
2021-12-05,34.86,21.19,11.59,8.02,10.4,5.87,7.72,NA
2021-12-04,34.93,21.22,11.56,8.02,10.32,5.86,7.7,NA
2021-12-03,34.99,21.23,11.53,8.02,10.23,5.85,7.68,NA
2021-12-02,35.05,21.25,11.5,8.02,10.14,5.84,7.66,NA
2021-12-01,35.12,21.27,11.47,8.02,10.05,5.82,7.63,NA
2021-11-30,35.2,21.29,11.43,8.02,9.97,5.81,7.61,NA
2021-11-29,35.28,21.31,11.39,8.02,9.89,5.8,7.58,NA
2021-11-28,35.36,21.33,11.35,8.02,9.82,5.78,7.56,NA
2021-11-27,35.45,21.36,11.31,8.02,9.76,5.77,7.53,NA
2021-11-26,35.54,21.38,11.27,8.02,9.7,5.75,7.5,NA
2021-11-25,35.64,21.41,11.22,8.02,9.64,5.73,7.47,NA
2021-10-24,39.2,22.53,9.52,8,6.88,5.05,6.35,3
2021-10-23,39.27,22.56,9.48,8,6.8,5.04,6.32,3
2021-10-22,39.34,22.59,9.45,8,6.73,5.03,6.3,3
2021-10-21,39.39,22.61,9.41,8,6.66,5.03,6.28,3
2021-10-20,39.45,22.64,9.38,8,6.6,5.02,6.26,3
2021-10-19,39.5,22.66,9.35,8,6.54,5.01,6.24,3
2021-10-18,39.56,22.68,9.32,8,6.48,5.01,6.21,3
2021-10-17,39.61,22.71,9.29,8,6.43,5,6.2,3
2021-10-16,39.67,22.73,9.26,8,6.38,4.99,6.18,3
2021-10-15,39.72,22.75,9.23,8,6.33,4.99,6.16,3
2021-10-14,39.77,22.77,9.21,8,6.29,4.98,6.14,3
2021-10-13,39.81,22.79,9.18,8,6.25,4.97,6.12,3
2021-10-12,39.86,22.82,9.15,8,6.21,4.97,6.1,3
2021-10-11,39.9,22.84,9.13,8,6.18,4.96,6.08,3
2021-10-10,39.94,22.86,9.1,8,6.14,4.96,6.07,3
2021-10-09,39.97,22.88,9.08,8,6.11,4.96,6.05,3
2021-10-08,40.01,22.91,9.05,8,6.08,4.96,6.04,3
2021-10-07,40.03,22.93,9.03,8,6.05,4.96,6.02,3
2021-10-06,40.04,22.95,9.02,8,6.02,4.97,6.01,3
2021-10-05,40.05,22.98,9,8,5.98,4.98,6,3
2021-10-04,40.05,23,8.99,8,5.95,4.98,5.99,3
2021-10-03,40.05,23.02,8.97,8,5.92,4.99,5.98,3
2021-10-02,40.04,23.04,8.96,8,5.9,5.01,5.98,3
2021-10-01,40.03,23.06,8.95,8,5.89,5.02,5.97,3
2021-09-30,40.02,23.08,8.94,8,5.87,5.03,5.96,3
2021-09-29,40.01,23.11,8.93,8,5.86,5.04,5.96,3
2021-09-28,40,23.13,8.92,8,5.86,5.05,5.95,3
2021-09-27,40,23.15,8.91,8,5.85,5.06,5.94,3
2021-09-26,40,23.17,8.9,8,5.85,5.07,5.93,3
2021-09-25,40,23.19,8.89,8,5.84,5.07,5.92,3
2021-09-24,40,23.21,8.87,8,5.83,5.08,5.92,3
2021-09-23,39.99,23.23,8.87,8,5.82,5.1,5.91,3
2021-09-22,39.97,23.25,8.86,8,5.81,5.11,5.91,3
2021-09-21,39.95,23.27,8.85,8,5.8,5.12,5.9,3
2021-09-20,39.93,23.29,8.85,8,5.79,5.14,5.9,3
2021-09-19,39.91,23.31,8.84,8,5.78,5.15,5.89,3
2021-09-18,39.88,23.33,8.84,8,5.78,5.17,5.89,3
2021-09-17,39.86,23.35,8.83,8,5.78,5.18,5.89,3
2021-09-16,39.83,23.37,8.83,8,5.77,5.2,5.89,3
2021-09-15,39.81,23.39,8.83,8,5.78,5.21,5.88,3
2021-09-14,39.79,23.4,8.82,8,5.78,5.23,5.88,3
2021-09-13,39.77,23.42,8.81,8,5.78,5.24,5.88,3
2021-09-12,39.76,23.44,8.81,8,5.77,5.25,5.87,3
2021-09-11,39.74,23.46,8.8,8,5.77,5.26,5.87,3
2021-09-10,39.72,23.47,8.8,8,5.77,5.27,5.87,3
2021-09-09,39.7,23.49,8.8,8,5.76,5.29,5.86,3
2021-08-29,39.34,23.66,8.8,8,5.78,5.46,5.87,3
2021-08-28,39.3,23.67,8.81,8,5.78,5.48,5.87,3
2021-08-27,39.26,23.69,8.81,8,5.79,5.5,5.87,3
2021-08-26,39.22,23.7,8.81,8,5.79,5.51,5.87,3
2021-08-25,39.18,23.72,8.82,8,5.8,5.53,5.88,3
2021-08-24,39.14,23.73,8.82,8,5.81,5.55,5.88,3
2021-08-23,39.1,23.74,8.82,8,5.81,5.57,5.88,3
2021-08-22,39.07,23.76,8.83,8,5.82,5.58,5.88,3
2021-08-21,39.03,23.77,8.83,8,5.82,5.6,5.89,3
2021-08-20,38.99,23.78,8.83,8,5.83,5.62,5.89,3
2021-08-19,38.94,23.8,8.84,8,5.83,5.64,5.89,3
2021-08-18,38.9,23.81,8.85,8,5.84,5.65,5.9,3
2021-08-17,38.85,23.82,8.85,8,5.85,5.67,5.9,3
2021-08-16,38.8,23.83,8.86,8,5.85,5.69,5.91,3
2021-08-15,38.76,23.85,8.87,8,5.86,5.71,5.91,3
2021-08-14,38.71,23.86,8.87,8,5.87,5.73,5.92,3
2021-08-13,38.66,23.87,8.88,8,5.88,5.75,5.92,3
2021-08-12,38.61,23.88,8.89,8,5.89,5.77,5.93,3
2021-08-11,38.56,23.89,8.9,8,5.89,5.79,5.93,3
2021-08-10,38.51,23.9,8.91,8,5.9,5.81,5.94,3
2021-08-09,38.46,23.91,8.91,8,5.91,5.83,5.94,3
2021-08-08,38.41,23.92,8.92,8,5.92,5.85,5.95,3
2021-08-07,38.36,23.94,8.93,8,5.93,5.87,5.95,3
2021-08-06,38.31,23.95,8.94,8,5.94,5.89,5.96,3
2021-08-05,38.26,23.96,8.95,8,5.95,5.91,5.97,3
2021-08-04,38.2,23.97,8.96,8,5.96,5.93,5.97,3
2021-08-03,38.15,23.98,8.97,8,5.97,5.95,5.98,3
2021-08-02,38.1,23.99,8.98,8,5.98,5.97,5.99,3
2021-08-01,38.04,24,8.99,8,5.99,5.99,5.99,3
2021-07-31,37.99,24.01,9,8,6,6.01,6,3
2021-07-30,37.93,24.02,9.01,8,6.01,6.03,6.01,3
2021-07-29,37.88,24.02,9.02,8,6.02,6.05,6.02,3
2021-07-28,37.82,24.03,9.03,8,6.03,6.07,6.02,3
2021-07-27,37.76,24.04,9.05,8,6.04,6.09,6.03,3
2021-07-26,37.7,24.05,9.06,8,6.05,6.11,6.04,3
2021-07-25,37.65,24.06,9.07,8,6.07,6.13,6.05,3
2021-07-24,37.59,24.07,9.08,8,6.08,6.15,6.06,3
2021-07-23,37.54,24.07,9.09,8,6.09,6.17,6.06,3
2021-07-22,37.48,24.08,9.11,8,6.1,6.19,6.07,3
2021-07-21,37.43,24.09,9.12,8,6.11,6.21,6.08,3
2021-07-20,37.37,24.1,9.13,8,6.12,6.23,6.09,3
2021-07-19,37.32,24.1,9.14,8,6.13,6.25,6.1,3
2021-07-18,37.26,24.11,9.16,8,6.14,6.27,6.1,3
2021-07-17,37.21,24.12,9.17,8,6.15,6.29,6.11,3
2021-07-16,37.15,24.12,9.18,8,6.17,6.3,6.12,3
2021-07-15,37.09,24.13,9.19,8,6.18,6.32,6.13,3
