Datum,SPD,CDU,GRÜNE,AfD,Sonstige,FDP,LINKE
2026-10-08,26.01,21.96,15.04,21.01,3,5.01,6
2026-10-07,26.01,21.96,15.04,21.01,3,5.01,6
2026-10-06,26.01,21.96,15.04,21.01,3,5.01,6
2026-10-05,26.01,21.96,15.04,21.01,3,5.01,6
2026-10-04,26.01,21.96,15.04,21.01,3,5.01,6
2026-10-03,26.01,21.96,15.04,21.01,3,5.01,5.99
2026-10-02,26.01,21.96,15.04,21.01,3,5.01,5.99
2026-10-01,26.01,21.97,15.03,21.01,3,5.01,5.99
2026-09-30,26.01,21.97,15.03,21.01,3,5.01,5.99
2026-09-29,26.01,21.97,15.03,21.01,3,5.01,5.99
2026-09-28,26.01,21.98,15.02,21.01,3,5.01,5.99
2026-09-27,26.01,21.98,15.02,21.01,3,5.01,6
2026-09-26,26,21.99,15.01,21,3,5,6
2026-09-25,26,21.99,15.01,21,3,5,6
2026-09-24,26,22,15,21,3,5,6
2026-09-23,26,22.01,14.99,21,3,5,6
2026-09-22,26,22.01,14.99,21,3,5,6
2026-09-21,25.99,22.02,14.98,20.99,3,4.99,6
2026-09-20,25.99,22.03,14.97,20.99,3,4.99,6
2026-09-19,25.99,22.04,14.96,20.99,3,4.99,6
2026-09-18,25.98,22.05,14.95,20.98,3,4.99,6.01
2026-09-17,25.98,22.06,14.94,20.98,3,4.98,6.01
2026-09-16,25.98,22.07,14.93,20.98,3,4.98,6.01
2026-09-15,25.97,22.08,14.92,20.97,3,4.98,6.01
2026-09-14,25.97,22.09,14.91,20.97,3,4.97,6.02
2026-09-13,25.97,22.1,14.9,20.97,3,4.97,6.02
2026-09-12,25.96,22.12,14.88,20.96,3.01,4.96,6.02
2026-09-11,25.96,22.14,14.86,20.96,3.01,4.95,6.02
2026-06-06,25.11,25.21,11.79,20.11,3.31,3.89,6.99
2026-06-05,25.09,25.18,11.82,20.09,3.27,3.91,6.99
2026-06-04,25.07,25.15,11.85,20.07,3.22,3.93,7
2026-06-03,25.06,25.11,11.89,20.06,3.17,3.94,7
2026-06-02,25.04,25.08,11.92,20.04,3.12,3.96,7
2026-06-01,25.03,25.05,11.95,20.03,3.08,3.97,7
2026-05-31,25.01,25.03,11.97,20.01,3.04,3.99,7
2026-05-30,25,25,12,20,3,4,7
2026-05-29,24.99,24.98,12.02,19.99,2.97,4.01,7
2026-05-28,24.98,24.96,12.04,19.98,2.94,4.02,7
2026-05-27,24.97,24.94,12.06,19.97,2.91,4.03,7
2026-05-26,24.96,24.92,12.08,19.96,2.88,4.04,7
2026-05-25,24.95,24.91,12.09,19.95,2.86,4.05,7
2026-05-24,24.95,24.89,12.11,19.95,2.84,4.05,7
2026-05-23,24.94,24.88,12.12,19.94,2.82,4.06,7
2026-05-22,24.94,24.87,12.13,19.94,2.81,4.06,7
2026-05-21,24.93,24.86,12.14,19.93,2.8,4.07,7
2026-05-20,24.93,24.86,12.14,19.93,2.79,4.07,7
2026-05-19,24.93,24.86,12.14,19.93,2.78,4.07,7
2026-05-18,24.93,24.85,12.15,19.93,2.78,4.07,7
2026-05-17,24.93,24.85,12.15,19.93,2.78,4.07,7
2026-05-16,24.93,24.86,12.14,19.93,2.78,4.07,7
2026-05-15,24.93,24.86,12.14,19.93,2.79,4.07,7
2026-05-14,24.93,24.87,12.13,19.93,2.8,4.07,7
2026-05-13,24.94,24.88,12.12,19.94,2.81,4.07,7
2026-05-12,24.94,24.89,12.11,19.94,2.83,4.06,7
2026-05-11,24.95,24.9,12.1,19.95,2.85,4.05,7
2026-05-10,24.96,24.91,12.09,19.96,2.87,4.05,7
2026-05-09,24.96,24.93,12.07,19.96,2.89,4.04,7
2026-05-08,24.97,24.95,12.05,19.97,2.92,4.03,7
2026-05-07,24.98,24.97,12.03,19.98,2.95,4.02,7
2026-05-06,24.99,24.99,12.01,19.99,2.98,4.01,7
2026-05-05,25.01,25.01,11.99,20.01,3.02,4,7
2026-05-04,25.02,25.04,11.96,20.02,3.06,3.99,7
2026-05-03,25.03,25.06,11.94,20.03,3.1,3.97,7
2026-05-02,25.05,25.09,11.91,20.05,3.14,3.96,7
2026-05-01,25.06,25.12,11.88,20.06,3.18,3.94,7
2026-04-30,25.08,25.15,11.85,20.08,3.23,3.93,7
2026-04-29,25.09,25.19,11.81,20.09,3.28,3.91,7
2026-04-28,25.11,25.22,11.78,20.11,3.33,3.9,7
2026-04-27,25.13,25.26,11.74,20.13,3.39,3.88,7
2026-04-26,25.15,25.31,11.69,20.15,3.46,3.85,7
2026-04-25,25.18,25.36,11.64,20.18,3.54,3.83,7
2026-04-24,25.21,25.42,11.58,20.21,3.64,3.79,7
2026-04-23,25.25,25.49,11.51,20.25,3.74,3.76,7
2026-04-22,25.28,25.57,11.43,20.28,3.85,3.72,7
2026-04-11,25.74,26.47,10.53,20.74,5.21,3.26,7
2026-04-10,25.76,26.53,10.47,20.76,5.29,3.23,7
2026-04-09,25.79,26.58,10.42,20.79,5.37,3.2,7
2026-04-08,25.81,26.63,10.37,20.81,5.44,3.18,7
2026-04-07,25.84,26.67,10.33,20.84,5.51,3.16,7
2026-04-06,25.86,26.72,10.28,20.86,5.57,3.14,7
2026-04-05,25.88,26.76,10.24,20.88,5.64,3.11,7
2026-04-04,25.9,26.8,10.2,20.9,5.7,3.09,7
2026-04-03,25.92,26.84,10.16,20.92,5.76,3.07,7
2026-04-02,25.94,26.87,10.13,20.94,5.81,3.06,7
2026-04-01,25.95,26.91,10.09,20.95,5.86,3.04,7
2026-03-31,25.97,26.94,10.06,20.97,5.91,3.03,7
2026-03-30,25.98,26.96,10.04,20.98,5.95,3.01,7
2026-03-29,25.99,26.99,10.01,20.99,5.98,3,7
2026-03-28,26.01,27.01,9.99,21.01,6.02,2.99,7
2026-03-27,26.02,27.03,9.97,21.02,6.05,2.98,7
2026-03-26,26.03,27.05,9.95,21.03,6.08,2.97,7
2026-03-25,26.04,27.07,9.93,21.04,6.11,2.96,7
2026-03-24,26.04,27.09,9.91,21.04,6.13,2.95,7
2026-03-23,26.05,27.1,9.9,21.05,6.15,2.95,7
2026-03-22,26.06,27.11,9.89,21.06,6.17,2.94,7
2026-03-21,26.06,27.12,9.88,21.06,6.19,2.94,7
2026-03-20,26.07,27.13,9.87,21.07,6.2,2.93,7
2026-03-19,26.07,27.14,9.86,21.07,6.21,2.93,7
2026-03-18,26.07,27.14,9.86,21.07,6.22,2.93,7
2026-03-17,26.07,27.15,9.85,21.07,6.22,2.93,7
2026-03-16,26.07,27.15,9.85,21.07,6.22,2.92,7
2026-03-15,26.07,27.15,9.85,21.07,6.22,2.93,7
2026-03-14,26.07,27.14,9.86,21.07,6.21,2.93,7
2026-03-13,26.07,27.14,9.86,21.07,6.2,2.93,7
2026-03-12,26.06,27.13,9.87,21.06,6.19,2.93,7
2026-03-11,26.06,27.12,9.88,21.06,6.18,2.94,7
2026-03-10,26.05,27.11,9.89,21.05,6.16,2.95,7
2026-03-09,26.05,27.1,9.91,21.05,6.14,2.95,7
2026-03-08,26.04,27.08,9.92,21.04,6.12,2.96,7
2026-03-07,26.04,27.07,9.93,21.04,6.11,2.96,7
2026-03-06,26.04,27.07,9.94,21.03,6.09,2.96,7
2026-03-05,26.04,27.07,9.95,21.03,6.08,2.96,7
2026-03-04,26.04,27.06,9.95,21.02,6.07,2.96,7
2026-03-03,26.04,27.06,9.96,21.02,6.06,2.96,6.99
2026-03-02,26.04,27.06,9.97,21.01,6.04,2.96,6.99
2026-03-01,26.05,27.05,9.98,21.01,6.03,2.97,6.99
2026-02-28,26.05,27.05,9.99,21,6.01,2.97,6.98
2026-02-27,26.05,27.04,10.01,21,5.99,2.97,6.97
2026-02-26,26.05,27.03,10.02,20.99,5.96,2.97,6.96
2026-02-25,26.04,27.02,10.04,20.98,5.94,2.97,6.96
2026-01-03,26,26.06,11.88,20.06,3.18,3,6.06
2026-01-02,26,26.05,11.89,20.05,3.16,3,6.05
2026-01-01,26,26.05,11.91,20.05,3.14,3,6.04
2025-12-31,26,26.04,11.92,20.04,3.12,3,6.04
2025-12-30,26,26.03,11.93,20.03,3.1,3,6.03
2025-12-29,26,26.03,11.95,20.03,3.08,3,6.02
2025-12-28,26,26.02,11.96,20.02,3.07,3,6.02
2025-12-27,26,26.02,11.97,20.02,3.05,3,6.01
2025-12-26,26,26.01,11.98,20.01,3.04,3,6.01
2025-12-25,26,26.01,11.98,20.01,3.02,3,6.01
2025-12-24,26,26,11.99,20,3.01,3,6
2025-12-23,26,26,12,20,3,3,6
2025-12-22,26,26,12.01,20,2.99,3,5.99
2025-12-21,26,25.99,12.01,19.99,2.98,3,5.99
2025-12-20,26,25.99,12.02,19.99,2.97,3,5.99
2025-12-19,26,25.99,12.03,19.99,2.96,3,5.98
2025-12-18,26,25.98,12.03,19.98,2.95,3,5.98
2025-12-17,26,25.98,12.04,19.98,2.95,3,5.98
2025-12-16,26,25.98,12.04,19.98,2.94,3,5.98
2025-12-15,26,25.98,12.04,19.98,2.94,3,5.98
2025-12-14,26,25.98,12.04,19.98,2.93,3,5.98
2025-12-13,26,25.98,12.05,19.98,2.93,3,5.98
2025-12-12,26,25.98,12.05,19.98,2.93,3,5.97
2025-12-11,26,25.98,12.05,19.98,2.93,3,5.97
2025-12-10,26,25.98,12.05,19.98,2.93,3,5.97
2025-12-09,26,25.98,12.05,19.98,2.93,3,5.97
2025-12-08,26,25.98,12.05,19.98,2.93,3,5.98
2025-12-07,26,25.98,12.05,19.98,2.93,3,5.98
2025-12-06,26,25.98,12.04,19.98,2.93,3,5.98
2025-12-05,26,25.98,12.04,19.98,2.94,3,5.98
2025-12-04,26,25.98,12.04,19.98,2.94,3,5.98
2025-12-03,26,25.98,12.03,19.98,2.95,3,5.98
2025-12-02,26,25.99,12.03,19.99,2.96,3,5.99
2025-12-01,26,25.99,12.02,19.99,2.96,3,5.99
2025-11-30,26,25.99,12.02,19.99,2.97,3,5.99
2025-11-29,26,25.99,12.01,19.99,2.98,3,5.99
2025-11-28,26,26,12.01,20,2.99,3,6
2025-11-27,26,26,12,20,3,3,6
2025-11-26,26,26,11.99,20,3.01,3,6.01
2025-11-25,26,26.01,11.98,20.01,3.03,3,6.01
2025-11-24,26,26.01,11.97,20.01,3.04,3,6.01
2025-11-23,26,26.02,11.96,20.02,3.05,3,6.02
2025-11-22,26,26.02,11.95,20.02,3.07,3,6.02
2025-11-21,26,26.03,11.94,20.03,3.08,3,6.03
2025-11-20,26,26.04,11.93,20.03,3.1,3,6.04
2025-11-19,26,26.04,11.92,20.03,3.11,3,6.04
2025-04-05,25.13,30.19,10,16,4.94,4.93,4.9
2025-04-04,25.11,30.16,10,16,4.95,4.94,4.91
2025-04-03,25.09,30.14,10,16,4.95,4.95,4.92
2025-04-02,25.07,30.11,10,16,4.96,4.96,4.93
2025-04-01,25.06,30.08,10,16,4.97,4.97,4.95
2025-03-31,25.04,30.06,10,16,4.98,4.98,4.96
2025-03-30,25.02,30.04,10,16,4.99,4.99,4.97
2025-03-29,25.01,30.02,10,16,4.99,4.99,4.98
2025-03-28,25,30,10,16,5,5,5
2025-03-27,24.98,29.98,10,16,5.01,5.01,5.01
2025-03-26,24.97,29.96,10,16,5.01,5.01,5.02
2025-03-25,24.96,29.94,10,16,5.02,5.02,5.03
2025-03-24,24.95,29.93,10,16,5.02,5.02,5.04
2025-03-23,24.95,29.92,10,16,5.03,5.03,5.04
2025-03-22,24.94,29.91,10,16,5.03,5.03,5.05
2025-03-21,24.93,29.9,10,16,5.03,5.03,5.06
2025-03-20,24.93,29.89,10,16,5.04,5.04,5.06
2025-03-19,24.92,29.88,10,16,5.04,5.04,5.07
2025-03-18,24.92,29.88,10,16,5.04,5.04,5.07
2025-03-17,24.92,29.88,10,16,5.04,5.04,5.07
2025-03-16,24.92,29.87,10,16,5.04,5.04,5.07
2025-03-15,24.92,29.87,10,16,5.04,5.04,5.08
2025-03-14,24.92,29.88,10,16,5.04,5.04,5.08
2025-03-13,24.92,29.88,10,16,5.04,5.04,5.07
2025-03-12,24.92,29.88,10,16,5.04,5.04,5.07
2025-03-11,24.93,29.89,10,16,5.04,5.04,5.07
2025-03-10,24.93,29.9,10,16,5.03,5.04,5.07
2025-03-09,24.94,29.91,10,16,5.03,5.03,5.06
2025-03-08,24.94,29.92,10,16,5.03,5.03,5.06
2025-03-07,24.95,29.93,10,16,5.02,5.02,5.05
2025-03-06,24.96,29.94,10,16,5.02,5.02,5.04
2025-03-05,24.97,29.96,10,16,5.01,5.01,5.04
2025-03-04,24.98,29.98,10,16,5.01,5.01,5.03
2025-03-03,25,30,10,16,5,5,5.02
2025-03-02,25.01,30.02,10,16,4.99,5,5.01
2025-03-01,25.02,30.04,10,16,4.99,4.99,5
2025-02-28,25.04,30.06,10,16,4.98,4.98,4.99
2025-02-27,25.06,30.08,10,16,4.97,4.97,4.97
2025-02-26,25.07,30.11,10,16,4.96,4.97,4.96
2025-02-25,25.09,30.14,10,16,4.95,4.96,4.94
2025-02-24,25.11,30.16,10,16,4.95,4.95,4.93
2025-02-23,25.13,30.19,10,16,4.94,4.94,4.91
2025-02-22,25.15,30.23,10,16,4.92,4.92,4.89
2025-02-21,25.18,30.26,10,16,4.91,4.91,4.87
2025-02-20,25.2,30.3,10,16,4.9,4.89,4.85
2025-02-19,25.23,30.35,10,16,4.88,4.87,4.82
2025-01-19,26.82,32.72,9.97,16.01,4.07,4.1,NA
2025-01-18,26.86,32.77,9.98,16.01,4.05,4.09,NA
2025-01-17,26.88,32.81,9.98,16.01,4.03,4.07,NA
2025-01-16,26.91,32.85,9.98,16.01,4.02,4.06,NA
2025-01-15,26.93,32.89,9.98,16.01,4.01,4.05,NA
2025-01-14,26.95,32.92,9.98,16.01,4,4.04,NA
2025-01-13,26.98,32.95,9.98,16.01,3.99,4.04,NA
2025-01-12,27,32.98,9.97,16.01,3.98,4.03,NA
2025-01-11,27.02,33.01,9.97,16.02,3.96,4.02,NA
2025-01-10,27.04,33.03,9.96,16.02,3.95,4.01,NA
2025-01-09,27.05,33.06,9.96,16.02,3.94,4.01,NA
2025-01-08,27.06,33.07,9.96,16.02,3.94,4,NA
2025-01-07,27.07,33.09,9.96,16.02,3.93,4,NA
2025-01-06,27.08,33.1,9.96,16.02,3.93,4,NA
2025-01-05,27.09,33.11,9.95,16.02,3.93,4,NA
2025-01-04,27.1,33.11,9.95,16.03,3.92,4,NA
2025-01-03,27.1,33.11,9.94,16.03,3.92,4,NA
2025-01-02,27.1,33.11,9.94,16.03,3.92,4,NA
2025-01-01,27.1,33.11,9.94,16.03,3.92,4,NA
2024-12-31,27.1,33.11,9.94,16.03,3.92,4,NA
2024-12-30,27.09,33.1,9.94,16.03,3.93,4,NA
2024-12-29,27.08,33.08,9.94,16.03,3.95,4,NA
2024-12-28,27.06,33.05,9.95,16.03,3.98,4,NA
2024-12-27,27.04,33.01,9.95,16.02,4.02,4,2.17
2024-12-26,27.02,32.97,9.96,16.02,4.05,4,2.14
2024-12-25,26.99,32.94,9.96,16.02,4.08,4,2.12
2024-12-24,26.97,32.9,9.97,16.01,4.11,4,2.1
2024-12-23,26.95,32.88,9.98,16.01,4.13,4,2.09
2024-12-22,26.93,32.85,9.99,16,4.15,4,2.07
2024-12-21,26.91,32.82,10,16,4.18,4,2.06
2024-12-20,26.88,32.78,10.01,15.99,4.21,4,2.04
2024-12-19,26.85,32.74,10.03,15.99,4.24,4,2.03
2024-12-18,26.82,32.7,10.04,15.98,4.28,4,2.01
2024-12-17,26.79,32.66,10.06,15.97,4.31,4,2
2024-12-16,26.76,32.63,10.07,15.96,4.34,4,1.99
2024-12-15,26.73,32.59,10.09,15.95,4.36,4,1.98
2024-12-14,26.7,32.56,10.11,15.94,4.38,4,1.97
2024-12-13,26.67,32.53,10.13,15.93,4.4,4,1.96
2024-12-12,26.63,32.5,10.15,15.92,4.43,4,1.95
2024-12-11,26.6,32.46,10.18,15.91,4.45,4,1.95
2024-12-10,26.56,32.42,10.2,15.9,4.48,4,1.94
2024-12-09,26.52,32.39,10.23,15.89,4.5,4,1.94
2024-12-08,26.49,32.35,10.25,15.87,4.52,4,1.93
2024-12-07,26.45,32.32,10.28,15.86,4.54,4,1.93
2024-12-06,26.41,32.29,10.31,15.84,4.56,4,1.93
2024-12-05,26.37,32.25,10.34,15.83,4.58,4,1.93
2024-12-04,26.33,32.22,10.37,15.81,4.6,4,1.92
2024-12-03,26.28,32.18,10.41,15.8,4.62,4,1.92
2024-12-02,26.24,32.14,10.44,15.78,4.63,4,1.93
2024-12-01,26.19,32.11,10.48,15.76,4.65,4,1.93
2024-11-30,26.15,32.07,10.52,15.74,4.67,4,1.93
2024-11-29,26.1,32.04,10.56,15.72,4.69,4,1.93
2024-11-28,26.05,32,10.6,15.7,4.7,4,1.94
2024-11-27,26,31.96,10.64,15.68,4.72,4,1.94
2024-11-26,25.95,31.93,10.68,15.66,4.73,4,1.95
2024-11-25,25.9,31.89,10.73,15.64,4.75,4,1.96
2024-11-24,25.84,31.85,10.77,15.61,4.76,4,1.96
2024-11-23,25.79,31.81,10.82,15.59,4.78,4,1.97
2024-11-22,25.74,31.77,10.87,15.57,4.79,4,1.98
2024-11-21,25.68,31.74,10.92,15.54,4.81,4,1.99
2024-11-20,25.62,31.7,10.97,15.52,4.82,4,2
2024-11-19,25.56,31.66,11.02,15.49,4.83,4,2.02
2024-11-18,25.5,31.62,11.08,15.46,4.84,4,2.03
2024-11-17,25.44,31.58,11.13,15.43,4.85,4,2.04
2024-11-16,25.38,31.54,11.19,15.41,4.86,4,2.06
2024-11-15,25.32,31.5,11.25,15.38,4.87,4,2.07
2024-11-14,25.25,31.46,11.3,15.35,4.88,4,2.09
2024-11-13,25.19,31.42,11.36,15.32,4.89,4,2.1
2024-11-12,25.13,31.39,11.42,15.29,4.9,4,2.12
2024-11-11,25.07,31.35,11.48,15.26,4.91,NA,NA
2024-11-10,25.01,31.31,11.54,15.24,4.92,NA,NA
2024-11-09,24.95,31.27,11.59,15.21,4.94,NA,NA
2024-11-08,24.89,31.23,11.65,15.18,4.95,NA,NA
2024-03-21,28.83,29.89,11.11,20.83,3.39,4.06,2.03
2024-03-20,28.86,29.91,11.09,20.86,3.33,4.05,2.03
2024-03-19,28.88,29.92,11.08,20.88,3.27,4.04,2.02
2024-03-18,28.91,29.94,11.06,20.91,3.22,4.03,2.02
2024-03-17,28.93,29.95,11.05,20.93,3.17,4.02,2.02
2024-03-16,28.95,29.97,11.03,20.95,3.12,4.02,2.01
2024-03-15,28.97,29.98,11.02,20.97,3.08,4.01,2.01
2024-03-14,28.98,29.99,11.01,20.98,3.04,4.01,2
2024-03-13,29,30,11,21,3,4,2
2024-03-12,29.02,30.01,10.99,21.02,2.96,3.99,2
2024-03-11,29.03,30.02,10.98,21.03,2.93,3.99,2
2024-03-10,29.04,30.03,10.97,21.04,2.9,3.99,1.99
2024-03-09,29.06,30.04,10.96,21.06,2.87,3.98,1.99
2024-03-08,29.07,30.04,10.96,21.07,2.84,3.98,1.99
2024-03-07,29.08,30.05,10.95,21.08,2.82,3.97,1.99
2024-03-06,29.08,30.06,10.94,21.08,2.8,3.97,1.98
2024-03-05,29.09,30.06,10.94,21.09,2.79,3.97,1.98
2024-03-04,29.1,30.06,10.94,21.1,2.78,3.97,1.98
2024-03-03,29.1,30.07,10.93,21.1,2.77,3.97,1.98
2024-03-02,29.1,30.07,10.93,21.1,2.76,3.97,1.98
2024-03-01,29.1,30.07,10.93,21.1,2.76,3.96,1.98
2024-02-29,29.11,30.07,10.93,21.11,2.75,3.96,1.98
2024-02-28,29.1,30.07,10.93,21.1,2.76,3.96,1.98
2024-02-27,29.1,30.07,10.93,21.1,2.76,3.97,1.98
2024-02-26,29.1,30.07,10.93,21.1,2.77,3.97,1.98
2024-02-25,29.09,30.06,10.94,21.09,2.78,3.97,1.98
2024-02-24,29.09,30.06,10.94,21.09,2.8,3.97,1.98
2024-02-23,29.08,30.05,10.95,21.08,2.81,3.97,1.98
2024-02-22,29.07,30.05,10.95,21.07,2.83,3.98,1.98
2024-02-21,29.06,30.04,10.96,21.06,2.86,3.98,1.99
2024-02-20,29.05,30.03,10.97,21.05,2.88,3.98,1.99
2024-02-19,29.04,30.03,10.97,21.04,2.91,3.99,1.99
2024-02-18,29.02,30.02,10.98,21.02,2.94,3.99,1.99
2024-02-17,29.01,30.01,10.99,21.01,2.98,4,1.99
2024-02-16,28.99,30,11,20.99,3.02,4,2
2024-02-15,28.98,29.98,11.02,20.98,3.06,4.01,2
2024-02-14,28.96,29.97,11.03,20.96,3.1,4.01,2
2024-02-13,28.94,29.96,11.04,20.94,3.15,4.02,2.01
2024-02-12,28.92,29.94,11.06,20.92,3.2,4.03,2.01
2024-02-11,28.89,29.93,11.07,20.89,3.25,4.03,2.01
2024-02-10,28.87,29.91,11.09,20.87,3.31,4.04,2.02
2024-02-09,28.84,29.89,11.11,20.84,3.38,4.05,2.02
2024-02-08,28.8,29.87,11.13,20.8,3.46,4.06,2.03
2024-02-07,28.77,29.84,11.16,20.77,3.55,4.07,2.03
2024-02-06,28.72,29.82,11.18,20.73,3.65,4.09,2.04
2024-02-05,28.68,29.78,11.21,20.68,3.75,4.1,2.04
2023-12-29,26.21,28.13,12.84,18.27,9.52,4.95,NA
2023-12-28,26.18,28.11,12.86,18.24,9.6,4.96,NA
2023-12-27,26.15,28.09,12.88,18.21,9.67,4.97,NA
2023-12-26,26.12,28.07,12.9,18.18,9.74,4.98,NA
2023-12-25,26.09,28.05,12.92,18.16,9.81,4.99,NA
2023-12-24,26.07,28.03,12.93,18.14,9.87,5,NA
2023-12-23,26.04,28.01,12.94,18.12,9.93,5.01,NA
2023-12-22,26.02,28,12.96,18.11,9.99,5.02,NA
2023-12-21,26,27.98,12.97,18.1,10.04,5.03,NA
2023-12-20,25.98,27.97,12.98,18.08,10.08,5.04,NA
2023-12-19,25.97,27.96,12.99,18.07,10.11,5.05,NA
2023-12-18,25.95,27.95,12.99,18.07,10.15,5.05,NA
2023-12-17,25.94,27.94,13,18.07,10.17,5.06,NA
2023-12-16,25.93,27.93,13,18.07,10.2,5.07,NA
2023-12-15,25.93,27.93,13,18.07,10.22,5.07,NA
2023-12-14,25.92,27.92,13,18.08,10.24,5.08,NA
2023-12-13,25.92,27.92,13,18.08,10.24,5.08,NA
2023-12-12,25.92,27.92,13,18.08,10.24,5.08,NA
2023-12-11,25.93,27.93,13,18.07,10.23,5.08,NA
2023-12-10,25.93,27.93,13,18.07,10.2,5.07,NA
2023-12-09,25.95,27.95,13,18.05,10.16,5.06,NA
2023-12-08,25.96,27.96,13,18.04,10.12,5.05,NA
2023-12-07,25.97,27.97,13,18.03,10.08,5.03,NA
2023-12-06,25.99,27.99,13,18.01,10.04,5.01,NA
2023-12-05,26,28,13,18,10,5,NA
2023-12-04,26.01,28.01,13,17.99,9.97,4.99,NA
2023-12-03,26.03,28.03,13,17.97,9.92,4.97,2.95
2023-12-02,26.04,28.04,13,17.96,9.87,4.96,2.96
2023-12-01,26.06,28.06,13,17.94,9.82,4.94,2.96
2023-11-30,26.08,28.08,13,17.92,9.76,4.92,2.97
2023-11-29,26.1,28.1,13,17.9,9.7,4.9,2.98
2023-11-28,26.12,28.12,13,17.88,9.64,4.88,2.98
2023-11-27,26.14,28.14,13,17.86,9.59,4.86,2.99
2023-11-26,26.16,28.16,13,17.84,9.53,4.84,2.99
2023-11-25,26.18,28.18,13,17.82,9.47,4.82,2.99
2023-11-24,26.2,28.2,13,17.8,9.41,4.8,3
2023-11-23,26.22,28.22,13,17.78,9.35,4.78,3
2023-11-22,26.24,28.24,13,17.76,9.28,4.76,3
2023-11-21,26.26,28.26,13,17.74,9.21,4.74,3
2023-11-20,26.29,28.29,13,17.71,9.14,4.71,3.01
2023-11-19,26.31,28.31,13,17.69,9.07,4.69,3.01
2023-11-18,26.33,28.33,13,17.67,9,4.67,3.01
2023-11-17,26.36,28.36,13,17.64,8.93,4.64,3.01
2023-11-16,26.38,28.38,13,17.62,8.85,4.62,3.01
2023-11-15,26.41,28.41,13,17.59,8.77,4.59,3
2023-11-14,26.44,28.44,13,17.56,8.69,4.56,3
2023-11-13,26.46,28.46,13,17.54,8.61,4.54,3
2023-11-12,26.49,28.49,13,17.51,8.53,4.51,3
2023-11-11,26.52,28.52,13,17.48,8.45,4.48,3
2023-11-10,26.55,28.55,13,17.45,8.36,4.45,3
2023-11-09,26.58,28.58,13,17.42,8.26,4.42,3
2023-11-08,26.61,28.61,13,17.39,8.17,4.39,3
2023-11-07,26.64,28.64,13,17.36,8.07,4.36,3
2023-11-06,26.67,28.67,13,17.33,7.98,4.32,3
2023-11-05,26.71,28.71,13,17.29,7.88,4.29,3
2023-11-04,26.74,28.74,13,17.26,7.78,4.26,3
2023-11-03,26.77,28.77,13,17.23,7.68,4.23,3
2023-11-02,26.81,28.81,13,17.19,7.58,4.19,3
2023-11-01,26.84,28.84,13,17.16,7.48,4.16,3
2023-10-31,26.88,28.88,13,17.12,7.37,4.12,3
2023-10-30,26.91,28.91,13,17.09,7.26,4.09,3
2023-10-29,26.95,28.95,13,17.05,7.16,4.05,3
2023-10-28,26.98,28.98,13,17.02,7.07,4.02,3
2023-10-27,27.01,29.01,13,16.99,6.97,3.99,3
2023-10-26,27.04,29.04,13,16.96,6.89,3.97,3
2023-10-25,27.09,29.06,13,16.92,6.81,3.95,3
2023-10-24,27.14,29.08,13,16.89,6.73,3.93,3
2023-10-23,27.19,29.09,13,16.85,6.66,3.93,3
2023-10-22,27.25,29.11,13,16.81,6.59,3.92,3
2023-10-21,27.3,29.12,13,16.77,6.52,3.91,3
2023-10-20,27.36,29.14,13,16.73,6.46,3.91,3
2023-10-19,27.41,29.15,13,16.7,6.39,3.9,3
2023-08-26,31.67,29.01,13,14.19,4.17,4.92,3
2023-08-25,31.72,29.01,13,14.17,4.15,4.93,3
2023-08-24,31.76,29.01,13,14.14,4.13,4.95,3
2023-08-23,31.8,29,13,14.12,4.11,4.96,3
2023-08-22,31.83,29,13,14.1,4.1,4.97,3
2023-08-21,31.86,29,13,14.08,4.08,4.97,3
2023-08-20,31.89,29,13,14.06,4.06,4.98,3
2023-08-19,31.92,29,13,14.05,4.05,4.98,3
2023-08-18,31.94,29,13,14.04,4.04,4.99,3
2023-08-17,31.96,29,13,14.02,4.02,4.99,3
2023-08-16,31.98,29,13,14.01,4.01,5,3
2023-08-15,32,29,13,14,4,5,3
2023-08-14,32.02,29,13,13.99,3.99,5,3
2023-08-13,32.04,29,13,13.98,3.98,5.01,3
2023-08-12,32.05,29,13,13.97,3.97,5.01,3
2023-08-11,32.06,29,13,13.96,3.96,5.01,3
2023-08-10,32.08,29,13,13.95,3.95,5.02,3
2023-08-09,32.09,29,13,13.95,3.95,5.02,3
2023-08-08,32.1,29,13,13.94,3.94,5.02,3
2023-08-07,32.1,29,13,13.94,3.94,5.02,3
2023-08-06,32.11,29,13,13.93,3.93,5.02,3
2023-08-05,32.11,29,13,13.93,3.93,5.02,3
2023-08-04,32.12,29,13,13.93,3.93,5.02,3
2023-08-03,32.12,29,13,13.93,3.93,5.02,3
2023-08-02,32.12,29,13,13.93,3.93,5.02,3
2023-08-01,32.12,29,13,13.93,3.93,5.02,3
2023-07-31,32.12,29,13,13.93,3.93,5.02,3
2023-07-30,32.11,29,13,13.93,3.93,5.02,3
2023-07-29,32.11,29,13,13.94,3.94,5.02,3
2023-07-28,32.1,29,13,13.94,3.94,5.02,3
2023-07-27,32.09,29,13,13.94,3.94,5.02,3
2023-07-26,32.08,29,13,13.95,3.95,5.02,3
2023-07-25,32.07,29,13,13.95,3.96,5.01,3
2023-07-24,32.06,29,13,13.96,3.96,5.01,3
2023-07-23,32.05,29,13,13.97,3.97,5.01,3
2023-07-22,32.04,29,13,13.98,3.98,5.01,3
2023-07-21,32.02,29,13,13.98,3.99,5,3
2023-07-20,32.01,29,13,13.99,4,5,3
2023-07-19,32,28.99,13.01,14,4.01,5,3
2023-07-18,32,28.99,13.02,13.98,4.01,5,3
2023-07-17,32.02,28.98,13.03,13.96,4.01,5,3
2023-07-16,32.05,28.96,13.05,13.93,4,5.01,3
2023-07-15,32.08,28.95,13.07,13.9,4,5.01,3
2023-07-14,32.1,28.94,13.09,13.86,3.99,5.02,3
2023-07-13,32.12,28.92,13.1,13.84,3.99,5.02,3
2023-07-12,32.13,28.91,13.11,13.82,3.99,5.02,3
2023-04-02,32.97,26.08,16.89,10.11,5.94,5,3
2023-04-01,32.98,26.07,16.91,10.09,5.95,5,3
2023-03-31,32.98,26.06,16.92,10.08,5.96,5,3
2023-03-30,32.98,26.05,16.94,10.06,5.97,5,3
2023-03-29,32.99,26.04,16.95,10.05,5.97,5,3
2023-03-28,32.99,26.03,16.96,10.04,5.98,5,3
2023-03-27,32.99,26.02,16.97,10.03,5.98,5,3
2023-03-26,32.99,26.02,16.98,10.02,5.99,5,3
2023-03-25,33,26.01,16.99,10.01,5.99,5,3
2023-03-24,33,26.01,16.99,10.01,6,5,3
2023-03-23,33,26,17,10,6,5,3
2023-03-22,33,26,17,10,6,5,3
2023-03-21,33,25.99,17.01,9.99,6.01,5,3
2023-03-20,33,25.99,17.02,9.98,6.01,5,3
2023-03-19,33.01,25.98,17.02,9.98,6.01,5,3
2023-03-18,33.01,25.98,17.02,9.98,6.01,5,3
2023-03-17,33.01,25.98,17.03,9.97,6.01,5,3
2023-03-16,33.01,25.98,17.03,9.97,6.02,5,3
2023-03-15,33.01,25.97,17.03,9.97,6.02,5,3
2023-03-14,33.01,25.97,17.04,9.96,6.02,5,3
2023-03-13,33.01,25.97,17.04,9.96,6.02,5,3
2023-03-12,33.01,25.97,17.04,9.96,6.02,5,3
2023-03-11,33.01,25.97,17.04,9.96,6.02,5,3
2023-03-10,33.01,25.97,17.04,9.96,6.02,5,3
2023-03-09,33.01,25.97,17.04,9.96,6.02,5,3
2023-03-08,33.01,25.97,17.04,9.96,6.02,5,3
2023-03-07,33.01,25.97,17.04,9.96,6.02,5,3
2023-03-06,33.01,25.97,17.04,9.96,6.02,5,3
2023-03-05,33.01,25.97,17.04,9.96,6.02,5,3
2023-03-04,33.01,25.97,17.03,9.97,6.02,5,3
2023-03-03,33.01,25.98,17.03,9.97,6.02,5,3
2023-03-02,33.01,25.98,17.03,9.97,6.01,5,3
2023-03-01,33.01,25.98,17.02,9.98,6.01,5,3
2023-02-28,33,25.99,17.02,9.98,6.01,5,3
2023-02-27,33,25.99,17.01,9.99,6.01,5,3
2023-02-26,33,25.99,17.01,9.99,6,5,3
2023-02-25,33,26,17,10,6,5,3
2023-02-24,33,26,17,10,6,5,3
2023-02-23,33,26.01,16.99,10.01,6,5,3
2023-02-22,33,26.01,16.98,10.02,5.99,5,3
2023-02-21,32.99,26.02,16.98,10.02,5.99,5,3
2023-02-20,32.99,26.02,16.97,10.03,5.98,5,3
2023-02-19,32.99,26.03,16.96,10.04,5.98,5,3
2023-02-18,32.99,26.04,16.95,10.05,5.97,5,3
2023-02-17,32.98,26.05,16.94,10.06,5.97,5,3
2023-02-16,32.98,26.05,16.93,10.07,5.96,5,3
