Datum,SPD,AfD,CDU,LINKE,Sonstige,FDP,GRÜNE,BSW
2026-09-28,33.23,36.77,7.1,10.14,3.36,2.04,5.16,3.99
2026-09-27,33.11,36.75,7.17,10.17,3.36,2.06,5.16,3.99
2026-09-26,33,36.72,7.24,10.2,3.37,2.09,5.16,3.99
2026-09-25,32.88,36.7,7.3,10.23,3.37,2.12,5.16,3.99
2026-09-24,32.77,36.68,7.37,10.26,3.38,2.15,5.16,3.99
2026-09-23,32.66,36.65,7.43,10.29,3.38,2.18,5.16,3.99
2026-09-22,32.55,36.63,7.49,10.32,3.39,2.2,5.16,3.99
2026-09-21,32.44,36.61,7.56,10.35,3.39,2.23,5.16,3.99
2026-09-20,32.34,36.59,7.62,10.38,3.4,2.25,5.16,3.99
2026-09-19,32.23,36.56,7.68,10.41,3.4,2.28,5.15,3.99
2026-09-18,32.13,36.54,7.74,10.44,3.41,2.3,5.15,3.99
2026-09-17,32.03,36.52,7.79,10.47,3.41,2.33,5.15,3.99
2026-09-16,31.93,36.5,7.85,10.5,3.42,2.35,5.15,3.99
2026-09-15,31.83,36.48,7.9,10.52,3.43,2.37,5.15,3.99
2026-09-14,31.73,36.45,7.96,10.55,3.43,2.39,5.14,3.99
2026-09-13,31.64,36.43,8.01,10.58,3.44,2.42,5.14,3.99
2026-09-12,31.55,36.41,8.06,10.6,3.45,2.44,5.14,3.99
2026-09-11,31.45,36.39,8.11,10.63,3.46,2.46,5.13,3.99
2026-09-10,31.36,36.37,8.16,10.65,3.46,2.48,5.13,3.99
2026-09-09,31.28,36.35,8.21,10.68,3.47,2.5,5.12,3.99
2026-09-08,31.19,36.33,8.26,10.7,3.48,2.52,5.12,3.99
2026-09-07,31.1,36.31,8.3,10.73,3.49,2.54,5.12,3.99
2026-09-06,31.02,36.29,8.35,10.75,3.49,2.56,5.11,3.99
2026-09-05,30.93,36.27,8.4,10.78,3.5,2.58,5.11,3.99
2026-09-04,30.85,36.25,8.44,10.8,3.51,2.59,5.1,3.99
2026-09-03,30.77,36.24,8.48,10.82,3.52,2.61,5.1,3.99
2026-09-02,30.69,36.22,8.53,10.85,3.53,2.63,5.09,3.99
2026-09-01,30.61,36.2,8.57,10.87,3.54,2.65,5.09,3.99
2026-08-31,30.53,36.18,8.61,10.9,3.54,2.66,5.08,3.99
2026-08-30,30.45,36.16,8.65,10.92,3.55,2.68,5.07,3.99
2026-08-29,30.38,36.15,8.69,10.94,3.56,2.7,5.07,3.99
2026-08-28,30.3,36.13,8.73,10.96,3.57,2.71,5.06,3.99
2026-08-27,30.23,36.11,8.77,10.99,3.58,2.73,5.05,3.99
2026-08-26,30.16,36.1,8.81,11.01,3.59,2.74,5.05,3.98
2026-08-25,30.09,36.08,8.85,11.03,3.6,2.75,5.04,3.98
2026-08-24,30.02,36.06,8.88,11.05,3.6,2.77,5.03,3.98
2026-08-23,29.95,36.05,8.92,11.07,3.61,2.78,5.02,3.98
2026-08-22,29.88,36.03,8.95,11.1,3.62,2.8,5.02,3.98
2026-08-21,29.82,36.02,8.99,11.12,3.63,2.81,5.01,3.99
2026-08-20,29.75,36,9.02,11.14,3.64,2.82,5,3.99
2026-08-19,29.69,35.99,9.05,11.16,3.65,2.84,4.99,3.98
2026-08-18,29.63,35.97,9.08,11.18,3.66,2.85,4.98,3.98
2026-08-17,29.56,35.96,9.11,11.2,3.67,2.86,4.97,3.97
2026-08-16,29.5,35.94,9.14,11.22,3.68,2.87,4.96,3.97
2026-08-15,29.44,35.93,9.17,11.24,3.69,2.88,4.95,3.96
2026-08-14,29.39,35.91,9.2,11.26,3.7,2.89,4.94,3.96
2026-08-13,29.33,35.9,9.23,11.28,3.71,2.9,4.93,3.96
2026-08-12,29.27,35.89,9.26,11.3,3.72,NA,4.93,3.96
2026-08-11,29.21,35.88,9.29,11.32,3.73,NA,4.92,3.97
2026-08-10,29.16,35.86,9.31,11.34,3.74,NA,4.91,3.97
2026-08-09,29.11,35.85,9.34,11.36,3.75,NA,4.9,3.96
2026-08-08,29.06,35.84,9.36,11.38,3.76,NA,4.88,3.96
2026-08-07,29.01,35.83,9.38,11.39,3.77,NA,4.87,3.95
2026-08-06,28.97,35.82,9.4,11.41,3.78,2.96,4.86,3.95
2026-08-05,28.92,35.81,9.42,11.43,3.79,2.97,4.85,3.95
2026-08-04,28.88,35.8,9.44,11.45,3.8,2.98,4.84,3.95
2026-08-03,28.84,35.79,9.46,11.47,3.82,2.99,4.83,3.96
2026-08-02,28.8,35.78,9.47,11.48,3.83,3,4.81,3.98
2026-08-01,28.75,35.77,9.49,11.5,3.84,3,4.8,4
2026-07-31,28.71,35.76,9.51,11.52,3.85,3.01,4.79,4.03
2026-07-30,28.67,35.75,9.52,11.54,3.86,3.02,4.78,4.06
2026-07-29,28.63,35.74,9.54,11.55,3.88,3.02,4.76,4.1
2026-07-28,28.59,35.73,9.56,11.57,3.89,3.03,4.75,4.13
2026-07-27,28.55,35.72,9.57,11.59,3.9,3.03,4.74,4.17
2026-07-26,28.51,35.71,9.59,11.61,3.91,3.03,4.73,4.21
2026-07-25,28.48,35.71,9.6,11.63,3.93,3.04,4.72,4.25
2026-07-24,28.46,35.7,9.6,11.64,3.95,3.04,4.7,4.29
2026-07-23,28.44,35.69,9.61,11.66,3.97,3.05,4.69,4.32
2026-07-22,28.42,35.69,9.6,11.67,3.98,3.05,4.67,4.36
2026-07-21,28.41,35.68,9.6,11.68,4,3.06,4.66,4.41
2026-07-20,28.39,35.67,9.6,11.69,4.03,3.06,4.64,4.47
2026-07-19,28.38,35.67,9.59,11.71,4.05,3.06,4.62,4.54
2026-07-18,28.37,35.66,9.58,11.72,4.07,3.06,4.61,4.61
2026-07-17,28.36,35.66,9.58,11.73,4.09,3.06,4.59,4.68
2026-07-16,28.35,35.65,9.57,11.75,4.11,3.06,4.58,4.75
2026-07-15,28.34,35.65,9.57,11.76,4.13,3.06,4.56,4.81
2026-07-14,28.32,35.64,9.57,11.77,4.15,3.06,4.55,4.86
2026-07-13,28.3,35.64,9.57,11.79,4.16,3.06,4.53,4.9
2026-07-12,28.27,35.63,9.58,11.81,4.18,3.06,4.52,4.94
2026-07-11,28.24,35.63,9.59,11.83,4.19,3.06,4.5,4.99
2026-07-10,28.21,35.63,9.59,11.85,4.21,3.06,4.48,5.04
2026-07-09,28.19,35.64,9.6,11.88,4.23,3.06,4.46,5.09
2026-07-08,28.16,35.64,9.6,11.91,4.24,3.06,4.44,5.15
2026-07-07,28.14,35.65,9.6,11.94,4.26,3.06,4.42,5.2
2026-07-06,28.11,35.66,9.6,11.97,4.27,3.06,4.39,5.25
2026-07-05,28.09,35.67,9.6,12,4.29,3.05,4.37,5.29
2026-07-04,28.06,35.68,9.6,12.04,4.3,3.05,4.34,5.32
2026-07-03,28.04,35.69,9.59,12.07,4.32,3.04,4.31,5.34
2026-07-02,28.02,35.7,9.59,12.1,4.34,3.04,4.29,5.36
2026-07-01,27.99,35.71,9.59,12.13,4.35,3.03,4.27,5.38
2026-06-30,27.97,35.71,9.6,12.16,4.37,3.03,4.24,5.4
2026-06-29,27.94,35.72,9.6,12.18,4.38,3.02,4.22,5.42
2026-06-28,27.92,35.72,9.61,12.21,4.39,3.02,4.21,5.43
2026-06-27,27.89,35.72,9.62,12.22,4.41,3.01,4.19,5.44
2026-06-26,27.86,35.72,9.63,12.24,4.42,3.01,4.18,5.45
2026-06-25,27.83,35.72,9.64,12.25,4.43,3.01,4.17,5.46
2026-06-24,27.8,35.72,9.66,12.27,4.44,3.01,4.16,5.47
2026-06-23,27.76,35.72,9.68,12.29,4.45,3.01,4.14,5.48
2026-06-22,27.73,35.73,9.69,12.31,4.46,3.01,4.13,5.48
2026-06-21,27.69,35.74,9.71,12.34,4.46,NA,4.11,5.47
2026-06-20,27.65,35.74,9.73,12.36,4.47,NA,4.1,5.47
2026-06-19,27.62,35.75,9.75,12.39,4.47,NA,4.08,5.46
2026-06-18,27.58,35.76,9.77,12.41,4.47,NA,4.07,5.45
2026-06-17,27.54,35.76,9.79,12.44,4.47,NA,4.05,5.44
2026-06-16,27.5,35.77,9.81,12.46,4.48,NA,4.04,5.43
2026-06-15,27.47,35.78,9.83,12.48,4.48,NA,4.03,5.42
2026-06-14,27.43,35.78,9.85,12.5,4.48,NA,4.02,5.41
2026-06-13,27.4,35.78,9.88,12.51,4.49,NA,4.01,5.39
2026-06-12,27.36,35.78,9.9,12.52,4.5,NA,4,5.36
2026-06-11,27.33,35.77,9.92,12.52,4.5,NA,3.99,5.32
2026-06-10,27.3,35.76,9.94,12.52,4.51,NA,3.99,5.28
2026-06-09,27.27,35.75,9.97,12.52,4.52,NA,3.99,5.24
2026-06-08,27.24,35.74,9.99,12.51,4.54,NA,3.99,5.21
2026-06-07,27.21,35.73,10.02,12.51,4.55,NA,3.99,5.17
2026-06-06,27.18,35.72,10.04,12.51,4.57,NA,4,5.15
2026-06-05,27.14,35.71,10.07,12.5,4.59,NA,4,5.13
2026-06-04,27.11,35.7,10.1,12.5,4.62,NA,4.01,5.12
2026-06-03,27.08,35.69,10.13,12.5,4.64,NA,4.02,5.1
2026-06-02,27.05,35.68,10.15,12.49,4.66,NA,4.02,5.07
2026-06-01,27.02,35.67,10.18,12.49,4.68,NA,4.03,5.05
2026-05-31,26.98,35.66,10.21,12.48,4.71,NA,4.04,5.02
2026-05-30,26.95,35.64,10.24,12.47,4.73,NA,4.05,5
2026-05-29,26.92,35.63,10.27,12.46,4.75,NA,4.06,4.98
2026-05-28,26.89,35.62,10.3,12.45,4.77,NA,4.07,4.96
2026-05-27,26.86,35.6,10.33,12.44,4.79,NA,4.08,4.95
2026-05-26,26.84,35.59,10.36,12.42,4.8,NA,4.09,4.94
2026-05-25,26.81,35.57,10.38,12.4,4.81,NA,4.09,4.94
2026-05-24,26.79,35.55,10.41,12.38,4.83,NA,4.1,4.93
2026-05-23,26.76,35.53,10.44,12.35,4.84,NA,4.12,4.94
2026-05-22,26.75,35.5,10.47,12.32,4.85,NA,4.13,4.94
2026-05-21,26.73,35.46,10.5,12.28,4.86,NA,4.15,4.94
2026-05-20,26.72,35.42,10.53,12.23,4.87,NA,4.17,4.94
2026-05-19,26.71,35.38,10.56,12.18,4.89,NA,4.2,4.94
2026-05-18,26.7,35.33,10.6,12.13,4.9,NA,4.22,4.95
2026-05-17,26.69,35.28,10.63,12.07,4.91,NA,4.25,4.94
2026-05-16,26.68,35.23,10.67,12.01,4.93,NA,4.28,4.94
2026-05-15,26.68,35.18,10.7,11.95,4.94,NA,4.31,4.94
2026-05-14,26.67,35.13,10.74,11.88,4.95,NA,4.35,4.94
2026-05-13,26.67,35.07,10.77,11.82,4.97,NA,4.38,4.94
2026-05-01,26.55,34.54,11.19,11.09,5.09,3.17,4.71,4.99
2026-04-30,26.52,34.52,11.22,11.06,5.09,3.16,4.73,4.99
2026-04-29,26.49,34.51,11.25,11.02,5.1,3.16,4.74,5
2026-04-28,26.46,34.5,11.29,10.99,5.1,3.15,4.75,5
2026-04-27,26.43,34.49,11.32,10.95,5.1,3.14,4.76,5
2026-04-26,26.39,34.48,11.36,10.9,5.1,3.14,4.76,5
2026-04-25,26.35,34.48,11.4,10.85,5.09,3.13,4.77,5
2026-04-24,26.3,34.47,11.44,10.8,5.09,3.12,4.79,5
2026-04-23,26.26,34.46,11.48,10.74,5.08,3.11,4.8,5
2026-04-22,26.21,34.46,11.52,10.68,5.07,3.1,4.81,5
2026-04-21,26.16,34.45,11.56,10.62,5.07,3.09,4.82,5
2026-04-20,26.12,34.45,11.61,10.56,5.06,3.08,4.83,5
2026-04-19,26.07,34.45,11.65,10.51,5.05,3.07,4.83,5
2026-04-18,26.02,34.45,11.69,10.45,5.04,3.05,4.84,5
2026-04-17,25.98,34.45,11.73,10.4,5.03,3.04,4.85,5
2026-04-16,25.93,34.45,11.77,10.36,5.03,3.03,4.86,5
2026-04-15,25.89,34.45,11.8,10.32,5.02,3.02,4.86,5
2026-04-14,25.85,34.45,11.84,10.29,5.02,3,4.86,5
2026-04-13,25.82,34.45,11.87,10.27,5.02,2.99,4.86,5
2026-04-12,25.78,34.46,11.9,10.26,5.02,2.98,4.86,5
2026-04-11,25.74,34.47,11.93,10.24,5.02,2.96,4.86,5
2026-04-10,25.7,34.49,11.96,10.23,5.02,2.95,4.86,5
2026-04-09,25.65,34.51,11.99,10.22,5.02,2.93,4.85,5
2026-04-08,25.6,34.53,12.02,10.21,5.02,2.92,4.84,5
2026-04-07,25.55,34.56,12.05,10.2,5.02,2.9,4.84,5
2026-04-06,25.5,34.59,12.08,10.2,5.02,2.89,4.83,5
2026-04-05,25.45,34.62,12.11,10.19,5.02,2.87,4.82,4.99
2026-04-04,25.4,34.65,12.14,10.19,5.02,2.85,4.81,4.99
2026-04-03,25.35,34.68,12.17,10.19,5.02,2.84,4.8,4.98
2026-04-02,25.3,34.71,12.2,10.19,5.02,2.82,4.79,4.98
2026-04-01,25.25,34.74,12.23,10.19,5.01,2.8,4.78,4.97
2026-03-31,25.21,34.76,12.26,10.19,5.01,2.79,4.77,4.97
2026-03-30,25.17,34.79,12.28,10.19,5.01,2.77,4.76,4.97
2026-03-29,25.13,34.8,12.31,10.2,5.01,2.75,4.76,4.97
2026-03-28,25.1,34.82,12.33,10.2,5.01,2.73,4.75,4.97
2026-03-27,25.08,34.83,12.36,10.2,5.01,2.71,4.74,4.97
2026-03-26,25.05,34.84,12.38,10.21,5.01,2.69,4.73,4.96
2026-03-25,25.02,34.85,12.4,10.22,5.01,2.67,4.72,4.96
2026-03-24,24.99,34.87,12.43,10.23,5.01,2.65,4.71,4.96
2026-03-23,24.97,34.88,12.45,10.24,5.01,2.63,4.7,4.95
2026-03-22,24.94,34.9,12.47,10.25,5.01,2.61,4.69,4.95
2026-03-21,24.91,34.91,12.49,10.26,5.01,2.59,4.68,4.95
2026-03-20,24.88,34.93,12.51,10.28,5.01,2.57,4.67,4.95
2026-03-19,24.85,34.95,12.54,10.29,5.01,2.55,4.66,4.95
2026-03-18,24.83,34.97,12.56,10.31,5.01,2.52,4.65,4.96
2026-03-17,24.8,34.98,12.58,10.33,5.01,2.5,4.64,4.96
2026-03-16,24.78,35,12.6,10.35,5.01,2.48,4.62,4.97
2026-03-15,24.75,35.02,12.62,10.37,5.01,2.46,4.61,4.97
2026-03-14,24.73,35.04,12.64,10.39,5.01,2.43,4.6,4.98
2026-03-13,24.71,35.05,12.65,10.41,5.01,2.41,4.58,4.99
2026-03-12,24.69,35.07,12.67,10.44,5.01,2.38,4.57,4.99
2026-03-11,24.67,35.09,12.69,10.46,5.01,2.36,4.55,5
2026-03-10,24.65,35.11,12.71,10.49,5.01,2.33,4.54,5.02
2026-03-09,24.63,35.13,12.73,10.52,5.01,2.31,4.52,5.03
2026-03-08,24.61,35.15,12.74,10.55,5.01,2.28,4.5,5.05
2026-03-07,24.58,35.17,12.76,10.59,5.01,2.26,4.48,5.06
2026-03-06,24.56,35.2,12.78,10.62,5.01,2.23,4.46,5.08
2026-03-05,24.54,35.22,12.79,10.66,5,2.2,4.45,5.1
2026-03-04,24.52,35.25,12.81,10.69,5,2.18,4.43,5.13
2026-03-03,24.5,35.28,12.82,10.73,5,2.15,4.41,5.15
2026-03-02,24.48,35.3,12.84,10.77,5,2.12,4.39,5.17
2026-03-01,24.46,35.33,12.85,10.8,5,2.09,4.37,5.2
2026-02-28,24.44,35.35,12.87,10.84,5,2.07,4.35,5.22
2026-02-27,24.42,35.37,12.88,10.88,5,2.04,4.33,5.24
2026-02-26,24.41,35.39,12.89,10.92,5,2.01,4.31,5.26
2026-02-25,24.39,35.41,12.91,10.96,5,1.99,4.29,5.29
2026-02-24,24.38,35.43,12.92,11,5,1.96,4.28,5.31
2026-02-23,24.36,35.45,12.93,11.04,5,1.93,4.26,5.34
2026-02-22,24.34,35.47,12.94,11.08,5,1.91,4.24,5.37
2026-02-21,24.32,35.5,12.95,11.12,5,1.88,4.22,5.39
2026-02-20,24.3,35.53,12.96,11.16,5,1.86,4.21,5.42
2026-02-19,24.27,35.56,12.97,11.2,5.01,1.84,4.19,5.45
2026-02-18,24.24,35.59,12.98,11.24,5.01,NA,4.17,5.48
2026-02-17,24.21,35.62,12.99,11.27,5.01,NA,4.15,5.51
2026-02-16,24.18,35.65,13,11.31,5.01,NA,4.14,5.54
2026-02-15,24.15,35.68,13.01,11.34,5.01,NA,4.12,5.57
2026-02-14,24.12,35.71,13.02,11.37,5.02,NA,4.11,5.61
2026-02-13,24.09,35.74,13.03,11.4,5.02,NA,4.1,5.64
2026-02-12,24.06,35.77,13.04,11.43,5.02,NA,4.09,5.67
2026-02-11,24.02,35.79,13.05,11.46,5.03,NA,4.08,5.71
2026-02-10,23.99,35.82,13.06,11.48,5.03,NA,4.07,5.74
2026-02-09,23.96,35.84,13.07,11.5,5.03,NA,4.06,5.78
2026-02-08,23.93,35.85,13.08,11.52,5.04,NA,4.06,5.82
2026-02-07,23.9,35.87,13.09,11.54,5.04,NA,4.05,5.86
2026-02-06,23.87,35.89,13.1,11.55,5.04,NA,4.05,5.89
2026-02-05,23.83,35.91,13.11,11.57,5.05,NA,4.05,5.93
2026-02-04,23.8,35.93,13.12,11.59,5.05,NA,4.05,5.97
2026-02-03,23.77,35.95,13.13,11.6,5.06,NA,4.04,6.01
2026-02-02,23.73,35.97,13.13,11.62,5.06,NA,4.04,6.05
2026-02-01,23.69,35.99,13.14,11.63,5.07,NA,4.04,6.08
2026-01-31,23.66,36.01,13.14,11.65,5.08,NA,4.04,6.12
2026-01-30,23.62,36.03,13.15,11.66,5.08,NA,4.04,6.17
2026-01-29,23.58,36.05,13.15,11.68,5.09,NA,4.04,6.21
2026-01-28,23.54,36.07,13.16,11.69,5.09,NA,4.04,6.25
2026-01-27,23.51,36.09,13.16,11.71,5.1,NA,4.04,6.29
2025-11-09,19.88,37.76,12.95,12.06,5.82,NA,4.8,6.98
2025-11-08,19.84,37.77,12.95,12.06,5.83,NA,4.8,6.98
2025-11-07,19.81,37.78,12.95,12.06,5.84,NA,4.81,6.99
2025-11-06,19.77,37.79,12.95,12.06,5.84,NA,4.82,6.99
2025-11-05,19.73,37.81,12.95,12.05,5.85,NA,4.83,6.99
2025-11-04,19.68,37.83,12.95,12.05,5.86,NA,4.84,6.99
2025-11-03,19.64,37.85,12.95,12.04,5.87,NA,4.85,6.99
2025-11-02,19.59,37.88,12.94,12.03,5.87,NA,4.86,7
2025-11-01,19.54,37.91,12.94,12.02,5.88,NA,4.87,7
2025-10-31,19.49,37.94,12.93,12.01,5.89,NA,4.89,7
2025-10-30,19.44,37.96,12.93,12,5.9,NA,4.9,7
2025-10-29,19.39,37.99,12.92,11.99,5.91,NA,4.91,7
2025-10-28,19.34,38.01,12.92,11.98,5.91,NA,4.92,7.01
2025-10-27,19.3,38.03,12.92,11.97,5.92,NA,4.93,7.01
2025-10-26,19.26,38.05,12.92,11.96,5.93,NA,4.94,7.01
2025-10-25,19.22,38.06,12.92,11.96,5.94,NA,4.95,7.01
2025-10-24,19.18,38.06,12.92,11.96,5.95,NA,4.96,7.01
2025-10-23,19.16,38.06,12.93,11.96,5.95,NA,4.97,7.01
2025-10-22,19.13,38.05,12.94,11.97,5.96,NA,4.97,7.01
2025-10-21,19.11,38.04,12.95,11.98,5.97,NA,4.98,7.01
2025-10-20,19.09,38.02,12.96,11.99,5.98,NA,4.98,7.01
2025-10-19,19.07,38.01,12.97,12,5.98,NA,4.99,7.01
2025-10-18,19.05,38,12.99,12.01,5.99,NA,4.99,7.01
2025-10-17,19.03,37.98,13,12.02,6,NA,5,7.01
2025-10-16,19.01,37.97,13.01,12.02,6.01,NA,5,7.01
2025-10-15,18.98,37.95,13.02,12.03,6.01,NA,5.01,7.01
2025-10-14,18.96,37.94,13.03,12.04,6.02,NA,5.01,7.01
2025-10-13,18.94,37.92,13.05,12.05,6.03,NA,5.02,7.01
2025-10-12,18.92,37.9,13.06,12.06,6.04,NA,5.02,7.02
2025-10-11,18.9,37.89,13.07,12.07,6.05,NA,5.03,7.02
2025-10-10,18.88,37.87,13.09,12.08,6.05,NA,5.03,7.02
2025-10-09,18.87,37.85,13.1,12.09,6.06,NA,5.04,7.02
2025-10-08,18.85,37.83,13.12,12.1,6.07,NA,5.04,7.02
2025-10-07,18.84,37.8,13.13,12.12,6.08,NA,5.04,7.02
2025-10-06,18.82,37.78,13.15,12.13,6.08,NA,5.05,7.02
2025-10-05,18.81,37.75,13.16,12.14,6.09,NA,5.05,7.01
2025-10-04,18.8,37.73,13.18,12.16,6.1,NA,5.05,7.01
2025-10-03,18.79,37.69,13.2,12.17,6.11,NA,5.06,7.01
2025-10-02,18.78,37.66,13.22,12.19,6.12,NA,5.06,7.01
2025-10-01,18.77,37.63,13.23,12.21,6.12,NA,5.06,7.01
2025-09-30,18.76,37.59,13.25,12.23,6.13,NA,5.06,7
2025-09-29,18.76,37.55,13.28,12.26,6.14,NA,5.06,7
2025-09-28,18.75,37.51,13.3,12.28,6.15,NA,5.06,7
2025-09-27,18.75,37.47,13.32,12.31,6.16,NA,5.06,6.99
2025-09-26,18.75,37.43,13.34,12.33,6.17,NA,5.06,6.99
2025-09-25,18.75,37.38,13.37,12.36,6.17,NA,5.06,6.99
2025-06-12,20.82,29.6,16.8,15.67,7,NA,4.79,6.03
2025-06-11,20.83,29.56,16.82,15.65,7.01,NA,4.8,6.02
2025-06-10,20.84,29.52,16.83,15.63,7.01,NA,4.81,6.01
2025-06-09,20.85,29.49,16.84,15.6,7.01,NA,4.82,6
2025-06-08,20.86,29.45,16.85,15.57,7.01,NA,4.83,5.99
2025-06-07,20.87,29.42,16.86,15.54,7.02,NA,4.85,5.98
2025-06-06,20.87,29.39,16.86,15.5,7.02,NA,4.86,5.97
2025-06-05,20.88,29.36,16.87,15.46,7.02,NA,4.88,5.97
2025-06-04,20.89,29.34,16.87,15.42,7.03,NA,4.89,5.96
2025-06-03,20.9,29.31,16.88,15.37,7.03,NA,4.91,5.95
2025-06-02,20.9,29.28,16.88,15.32,7.03,NA,4.93,5.94
2025-06-01,20.91,29.26,16.88,15.28,7.04,NA,4.95,5.93
2025-05-31,20.91,29.23,16.88,15.23,7.04,NA,4.96,5.93
2025-05-30,20.92,29.21,16.88,15.18,7.05,NA,4.98,5.92
2025-05-29,20.93,29.19,16.88,15.13,7.05,NA,5,5.92
2025-05-28,20.93,29.16,16.88,15.08,7.05,NA,5.02,5.92
2025-05-27,20.94,29.14,16.88,15.03,7.06,NA,5.04,5.92
2025-05-26,20.94,29.12,16.89,14.98,7.06,NA,5.05,5.92
2025-05-25,20.95,29.1,16.89,14.93,7.06,NA,5.07,5.92
2025-05-24,20.95,29.07,16.89,14.89,7.06,NA,5.08,5.92
2025-05-23,20.96,29.05,16.89,14.84,7.06,NA,5.1,5.93
2025-05-22,20.97,29.04,16.89,14.78,7.07,NA,5.12,5.93
2025-05-21,20.97,29.03,16.88,14.72,7.07,NA,5.14,5.94
2025-05-20,20.97,29.03,16.86,14.65,7.07,NA,5.17,5.95
2025-05-19,20.98,29.03,16.85,14.58,7.08,NA,5.2,5.96
2025-05-18,20.98,29.03,16.82,14.5,7.09,NA,5.24,5.97
2025-05-17,20.98,29.03,16.8,14.42,7.09,NA,5.27,5.98
2025-05-16,20.99,29.04,16.78,14.34,7.1,NA,5.31,6
2025-05-15,20.99,29.05,16.75,14.25,7.11,NA,5.34,6.01
2025-05-14,20.99,29.06,16.72,14.16,7.11,NA,5.38,6.03
2025-05-13,20.99,29.07,16.69,14.07,7.12,NA,5.42,6.04
2025-05-12,20.99,29.08,16.67,13.98,7.13,NA,5.45,6.06
2025-05-11,20.99,29.09,16.64,13.9,7.13,NA,5.49,6.08
2025-05-10,20.99,29.1,16.62,13.81,7.14,NA,5.53,6.1
2025-05-09,21,29.11,16.59,13.72,7.14,NA,5.56,6.13
2025-05-08,21,29.12,16.57,13.64,7.15,NA,5.59,6.15
2025-05-07,21,29.12,16.55,13.56,7.15,NA,5.62,6.18
2025-05-06,21,29.13,16.53,13.48,7.15,NA,5.65,6.2
2025-05-05,21,29.14,16.51,13.4,7.16,NA,5.68,6.23
2025-05-04,21,29.14,16.49,13.31,7.16,NA,5.71,6.25
2025-05-03,21.01,29.15,16.47,13.23,7.16,NA,5.74,6.28
2025-05-02,21.01,29.16,16.45,13.14,7.16,NA,5.77,6.32
2025-05-01,21.01,29.17,16.43,13.06,7.16,NA,5.8,6.35
2025-04-30,21.01,29.18,16.41,12.97,7.16,NA,5.83,6.39
2025-04-29,21.02,29.18,16.4,12.89,7.16,NA,5.86,6.43
2025-04-28,21.02,29.19,16.38,12.8,7.16,NA,5.89,6.48
2025-03-24,21.17,29.44,15.97,9.68,6.93,3.12,6.69,8.59
2025-03-23,21.17,29.44,15.97,9.6,6.92,3.12,6.7,8.64
2025-03-22,21.18,29.44,15.98,9.53,6.9,3.11,6.71,8.68
2025-03-21,21.18,29.43,15.98,9.45,6.89,3.11,6.71,8.71
2025-03-20,21.18,29.43,15.99,9.37,6.88,3.1,6.72,8.73
2025-03-19,21.19,29.42,15.99,9.29,6.86,3.1,6.73,8.74
2025-03-18,21.19,29.42,16,9.21,6.85,3.1,6.73,8.75
2025-03-17,21.2,29.42,16.01,9.13,6.83,3.09,6.74,8.75
2025-03-16,21.2,29.41,16.01,9.04,6.81,3.09,6.75,8.76
2025-03-15,21.21,29.41,16.02,8.95,6.79,3.08,6.76,8.77
2025-03-14,21.21,29.41,16.02,8.87,6.78,3.08,6.77,8.79
2025-03-13,21.22,29.41,16.03,8.78,6.76,3.07,6.77,8.82
2025-03-12,21.22,29.4,16.04,8.69,6.74,3.07,6.78,8.85
2025-03-11,21.23,29.4,16.05,8.6,6.72,3.06,6.79,8.86
2025-03-10,21.23,29.4,16.06,8.51,6.7,3.05,6.79,8.85
2025-03-09,21.24,29.39,16.07,8.43,6.68,3.05,6.8,8.84
2025-03-08,21.24,29.39,16.08,8.34,6.66,3.04,6.8,8.82
2025-03-07,21.25,29.38,16.09,8.26,6.64,3.03,6.8,8.8
2025-03-06,21.25,29.38,16.1,8.18,6.62,3.02,6.8,8.78
2025-03-05,21.25,29.37,16.12,8.1,6.6,3.02,6.8,8.77
2025-03-04,21.26,29.35,16.13,8.03,6.58,3.01,6.8,8.78
2025-03-03,21.26,29.34,16.15,7.96,6.56,3,6.79,8.79
2025-03-02,21.26,29.33,16.18,7.9,6.53,2.99,6.78,8.82
2025-03-01,21.26,29.31,16.2,7.83,6.5,2.98,6.77,8.83
2025-02-28,21.27,29.29,16.23,7.77,6.47,2.97,6.76,8.84
2025-02-27,21.27,29.27,16.26,7.7,6.44,2.96,6.74,8.84
2025-02-26,21.27,29.25,16.3,7.64,6.4,2.95,6.73,8.85
2025-02-25,21.27,29.23,16.33,7.58,6.37,2.94,6.71,8.86
2025-02-24,21.27,29.21,16.37,7.52,6.33,2.93,6.69,8.88
2025-02-23,21.28,29.19,16.41,7.46,6.29,2.92,6.67,8.9
2025-02-22,21.28,29.16,16.44,7.4,6.25,2.91,6.65,8.94
2025-02-21,21.28,29.14,16.48,7.34,6.22,2.9,6.63,8.99
2025-02-20,21.28,29.12,16.52,7.28,6.18,2.89,6.61,9.05
2025-02-19,21.28,29.1,16.55,7.23,6.15,2.88,6.59,9.11
2025-02-18,21.28,29.08,16.59,7.17,6.12,2.86,6.57,9.18
2025-02-17,21.29,29.06,16.62,7.12,6.09,2.85,6.55,9.26
2025-02-16,21.29,29.04,16.65,7.06,6.07,2.84,6.53,9.34
2025-02-15,21.29,29.01,16.68,7.01,6.04,2.83,6.51,9.43
2025-02-14,21.29,28.99,16.72,6.96,6,2.82,6.49,9.51
2025-02-13,21.29,28.95,16.77,6.92,5.96,2.8,6.46,9.6
2025-02-12,21.28,28.92,16.82,6.87,5.91,2.79,6.43,9.69
2025-02-11,21.28,28.88,16.88,6.83,5.86,2.78,6.39,9.78
2025-02-10,21.27,28.84,16.94,6.8,5.8,2.76,6.36,9.88
2025-02-09,21.27,28.79,17,6.76,5.74,2.75,6.32,9.99
2025-02-08,21.26,28.74,17.06,6.73,5.68,2.74,6.28,10.1
2025-02-07,21.25,28.7,17.13,6.69,5.62,2.72,6.23,10.21
2025-02-06,21.25,28.65,17.19,6.66,5.56,2.71,6.19,10.33
2025-02-05,21.24,28.61,17.26,6.63,5.5,2.69,6.15,10.46
2025-02-04,21.24,28.56,17.32,6.59,5.45,2.68,6.11,10.58
2025-02-03,21.23,28.52,17.37,6.56,5.4,2.66,6.07,10.71
2025-02-02,21.23,28.49,17.43,6.52,5.36,2.65,6.04,10.84
2025-02-01,21.23,28.45,17.47,6.49,5.32,2.64,6.01,10.98
2025-01-31,21.23,28.43,17.52,6.45,5.3,2.62,5.98,11.15
2025-01-30,21.23,28.4,17.55,6.41,5.28,2.61,5.95,11.33
2025-01-29,21.23,28.37,17.59,6.37,5.25,2.59,5.92,11.53
2025-01-28,21.23,28.34,17.64,6.33,5.23,2.58,5.89,11.75
2025-01-18,21.2,27.96,18.1,5.87,5.04,2.39,5.57,14.1
2025-01-17,21.2,27.92,18.14,5.83,5.02,2.37,5.54,14.3
2025-01-16,21.19,27.89,18.19,5.78,5.01,2.35,5.5,14.48
2025-01-15,21.19,27.85,18.23,5.74,5,2.33,5.47,14.64
2025-01-14,21.19,27.81,18.28,5.7,4.99,2.31,5.44,14.77
2025-01-13,21.18,27.77,18.32,5.65,4.98,2.3,5.41,14.91
2025-01-12,21.18,27.74,18.36,5.61,4.97,2.28,5.38,15.05
2025-01-11,21.18,27.71,18.4,5.57,4.97,2.27,5.35,15.2
2025-01-10,21.18,27.68,18.44,5.54,4.97,2.25,5.32,15.35
2025-01-09,21.18,27.65,18.48,5.5,4.97,2.24,5.29,15.51
2025-01-08,21.18,27.62,18.51,5.47,4.97,2.22,5.26,15.65
2025-01-07,21.18,27.6,18.55,5.43,4.98,2.2,5.23,15.78
2025-01-06,21.19,27.58,18.58,5.4,4.99,2.18,5.2,15.9
2025-01-05,21.19,27.56,18.61,5.37,5.01,2.16,5.18,15.99
2025-01-04,21.2,27.54,18.63,5.34,5.03,2.14,5.14,16.06
2025-01-03,21.2,27.52,18.66,5.31,5.06,2.12,5.11,16.12
2025-01-02,21.21,27.5,18.68,5.29,5.1,2.1,5.08,16.17
2025-01-01,21.22,27.49,18.71,5.26,5.13,2.09,5.05,16.22
2024-12-31,21.23,27.47,18.73,5.23,5.17,2.07,5.01,16.25
2024-12-30,21.24,27.46,18.75,5.21,5.21,2.05,4.98,16.28
2024-12-29,21.25,27.45,18.77,5.18,5.26,2.04,4.95,16.31
2024-12-28,21.26,27.43,18.79,5.15,5.3,2.03,4.91,16.33
2024-12-27,21.27,27.42,18.82,5.13,5.34,2.02,4.88,16.34
2024-12-26,21.28,27.4,18.84,5.1,5.38,2.01,4.85,16.36
2024-12-25,21.28,27.39,18.86,5.08,5.42,2,4.82,16.36
2024-12-24,21.29,27.37,18.88,5.06,5.46,1.99,4.8,16.32
2024-12-23,21.29,27.35,18.91,5.03,5.49,1.98,4.77,16.27
2024-12-22,21.29,27.34,18.93,5.01,5.51,1.97,4.75,16.19
2024-12-21,21.3,27.32,18.95,4.99,5.54,1.96,4.73,16.11
2024-12-20,21.3,27.31,18.97,4.97,5.58,1.95,4.71,16.03
2024-12-19,21.31,27.31,18.99,4.96,5.63,1.94,4.69,15.95
2024-12-18,21.32,27.31,19,4.95,5.68,1.93,4.67,15.88
2024-12-17,21.33,27.31,19.01,4.94,5.73,1.92,4.65,15.84
2024-12-16,21.35,27.32,19.02,4.94,5.8,1.92,4.63,15.79
2024-12-15,21.36,27.32,19.03,4.93,5.86,1.91,4.61,15.73
2024-12-14,21.37,27.33,19.03,4.93,5.92,1.9,4.59,15.66
2024-12-13,21.39,27.34,19.04,4.92,5.99,1.9,4.57,15.57
2024-12-12,21.4,27.35,19.05,4.92,6.05,1.89,4.55,15.48
2024-12-11,21.41,27.35,19.05,4.92,6.11,1.89,4.53,15.38
2024-12-10,21.42,27.35,19.06,4.91,6.17,1.88,4.52,15.3
2024-12-09,21.43,27.35,19.07,4.9,6.22,1.88,4.5,15.22
2024-12-08,21.43,27.34,19.09,4.89,6.26,1.88,4.49,15.15
2024-12-07,21.43,27.33,19.11,4.88,6.3,1.88,4.47,15.1
2024-12-06,21.43,27.31,19.13,4.87,6.32,1.88,4.46,15.05
2024-12-05,21.42,27.29,19.15,4.85,6.34,1.88,4.45,14.98
2024-12-04,21.41,27.27,19.18,4.84,6.37,1.87,4.45,14.9
2024-12-03,21.41,27.25,19.2,4.82,6.39,NA,4.44,14.8
2024-12-02,21.4,27.23,19.23,4.81,6.42,NA,4.43,14.71
2024-12-01,21.39,27.21,19.25,4.79,6.44,NA,4.42,14.62
2024-11-30,21.39,27.19,19.27,4.78,6.47,NA,4.42,14.54
2024-11-29,21.38,27.17,19.3,4.77,6.49,NA,4.41,14.48
2024-11-28,21.37,27.15,19.32,4.76,6.52,NA,4.41,14.44
2024-11-27,21.36,27.13,19.34,4.75,6.54,NA,4.41,14.41
2024-11-26,21.35,27.11,19.37,4.73,6.57,NA,4.4,14.38
2024-11-25,21.34,27.09,19.39,4.72,6.59,NA,4.4,14.34
2024-11-24,21.33,27.07,19.42,4.71,6.61,NA,4.4,14.31
2024-11-23,21.32,27.04,19.44,4.7,6.63,NA,4.4,14.27
2024-11-22,21.31,27.02,19.47,4.69,6.64,NA,4.4,14.24
2024-11-21,21.3,26.99,19.5,4.67,6.66,NA,4.4,14.21
2024-11-20,21.28,26.96,19.52,4.66,6.67,NA,4.4,14.19
2024-11-19,21.27,26.93,19.55,4.64,6.68,NA,4.4,14.19
2024-11-18,21.25,26.91,19.58,4.63,6.69,NA,4.4,14.2
2024-11-17,21.24,26.88,19.6,4.62,6.71,NA,4.4,14.22
2024-11-16,21.23,26.86,19.62,4.61,6.72,NA,4.4,14.27
2024-11-15,21.22,26.84,19.65,4.6,6.74,NA,4.4,14.33
2024-11-14,21.2,26.81,19.67,4.59,6.76,NA,4.4,14.4
2024-11-13,21.19,26.79,19.69,4.58,6.78,NA,4.41,14.47
2024-11-12,21.18,26.77,19.71,4.58,6.8,NA,4.41,14.55
2024-11-11,21.16,26.75,19.74,4.57,6.81,NA,4.42,14.63
2024-11-10,21.15,26.72,19.76,4.56,6.83,NA,4.42,14.71
2024-11-09,21.13,26.7,19.78,4.55,6.84,1.92,4.43,14.78
2024-11-08,21.12,26.67,19.81,4.54,6.85,1.92,4.43,14.84
2024-11-07,21.1,26.64,19.84,4.53,6.85,1.92,4.44,14.9
2024-11-06,21.08,26.6,19.87,4.52,6.85,1.92,4.45,14.97
2024-11-05,21.05,26.56,19.9,4.5,6.85,1.93,4.46,15.06
2024-11-04,21.03,26.52,19.93,4.49,6.84,1.93,4.47,15.15
2024-11-03,21,26.48,19.96,4.47,6.84,1.94,4.48,15.24
2024-11-02,20.97,26.44,20,4.46,6.83,1.94,4.49,15.34
2024-11-01,20.94,26.4,20.03,4.44,6.83,1.95,4.5,15.43
2024-10-31,20.91,26.36,20.07,4.43,6.82,1.95,4.51,15.52
2024-10-30,20.88,26.31,20.1,4.41,6.82,1.96,4.53,15.6
2024-10-29,20.85,26.27,20.14,4.4,6.81,1.96,4.54,15.66
2024-10-28,20.82,26.23,20.17,4.39,6.8,1.96,4.56,15.72
2024-10-27,20.79,26.19,20.21,4.37,6.8,1.97,4.57,15.79
2024-10-26,20.76,26.15,20.24,4.36,6.79,1.97,4.58,15.86
2024-10-25,20.73,26.11,20.27,4.35,6.78,1.97,4.6,15.93
2024-10-24,20.71,26.07,20.3,4.34,6.77,1.97,4.61,16
2024-10-23,20.69,26.03,20.33,4.32,6.76,1.97,4.63,16.07
2024-10-22,20.66,25.99,20.36,4.31,6.75,1.98,4.64,16.14
2024-10-21,20.65,25.95,20.39,4.3,6.73,1.98,4.65,16.2
2024-10-20,20.63,25.92,20.42,4.29,6.72,1.98,4.66,16.26
2024-10-19,20.62,25.88,20.44,4.28,6.7,1.98,4.67,16.32
2024-10-18,20.6,25.84,20.47,4.27,6.68,1.99,4.68,16.38
2024-10-17,20.58,25.8,20.5,4.25,6.66,1.99,4.7,16.45
2024-10-16,20.57,25.76,20.52,4.24,6.63,2,4.71,16.51
2024-10-15,20.55,25.72,20.55,4.23,6.61,2,4.72,16.57
2024-10-14,20.53,25.68,20.58,4.21,6.59,2.01,4.74,16.63
2024-10-13,20.51,25.63,20.61,4.2,6.56,2.02,4.75,16.69
2024-10-12,20.49,25.59,20.64,4.19,6.54,2.03,4.76,16.75
2024-10-11,20.47,25.55,20.67,4.18,6.51,2.03,4.78,16.81
2024-10-10,20.45,25.51,20.7,4.16,6.48,2.04,4.79,16.87
2024-10-09,20.44,25.46,20.73,4.15,6.46,2.05,4.81,16.92
2024-10-08,20.43,25.43,20.75,4.14,6.43,2.05,4.82,16.97
2024-10-07,20.42,25.39,20.78,4.13,6.41,2.06,4.83,17.01
2024-10-06,20.41,25.36,20.8,4.12,6.38,2.07,4.85,17.06
2024-10-05,20.4,25.33,20.82,4.12,6.36,2.08,4.86,17.09
2024-10-04,20.4,25.3,20.83,4.11,6.34,2.09,4.87,17.13
2024-10-03,20.4,25.28,20.85,4.11,6.31,2.1,4.88,17.16
2024-10-02,20.41,25.25,20.86,4.1,6.29,2.11,4.89,17.18
2024-10-01,20.41,25.23,20.87,4.1,6.26,2.12,4.9,17.2
2024-09-30,20.42,25.21,20.88,4.1,6.23,2.13,4.91,17.22
2024-09-29,20.43,25.18,20.89,4.1,6.19,2.14,4.92,17.23
2024-09-28,20.45,25.16,20.89,4.1,6.15,2.16,4.93,17.25
2024-09-27,20.46,25.14,20.9,4.09,6.11,2.17,4.94,17.25
2024-09-26,20.48,25.12,20.91,4.1,6.07,2.19,4.95,17.26
2024-09-25,20.5,25.1,20.91,4.1,6.02,2.21,4.95,17.26
2024-07-21,22.91,24.79,20.08,4.82,2.49,3.95,5.63,14.55
2024-07-20,22.92,24.79,20.07,4.83,2.5,3.96,5.65,14.52
2024-07-19,22.92,24.8,20.07,4.85,2.52,3.96,5.67,14.49
2024-07-18,22.92,24.8,20.06,4.86,2.54,3.96,5.69,14.46
2024-07-17,22.91,24.81,20.05,4.87,2.56,3.97,5.71,14.43
2024-07-16,22.9,24.81,20.05,4.88,2.59,3.97,5.73,14.42
2024-07-15,22.9,24.82,20.05,4.89,2.62,3.97,5.75,14.4
2024-07-14,22.88,24.83,20.04,4.9,2.66,3.97,5.78,14.39
2024-07-13,22.86,24.83,20.04,4.9,2.71,3.97,5.8,14.37
2024-07-12,22.84,24.83,20.04,4.91,2.78,3.98,5.83,14.36
2024-07-11,22.82,24.84,20.03,4.92,2.85,3.98,5.85,14.34
2024-07-10,22.79,24.84,20.03,4.93,2.92,3.99,5.88,14.32
2024-07-09,22.76,24.84,20.03,4.94,3.01,3.99,5.91,14.3
2024-07-08,22.73,24.84,20.03,4.95,3.09,4,5.94,14.27
2024-07-07,22.7,24.85,20.03,4.95,3.18,4,5.97,14.24
2024-07-06,22.67,24.85,20.03,4.96,3.26,4,6,14.22
2024-07-05,22.65,24.85,20.02,4.97,3.34,4,6.03,14.19
2024-07-04,22.62,24.86,20.02,4.98,3.42,4,6.06,14.16
2024-07-03,22.59,24.86,20.02,4.99,3.5,3.99,6.09,14.14
2024-07-02,22.56,24.87,20.02,5,3.56,3.98,6.12,14.11
2024-07-01,22.54,24.88,20.01,5.01,3.62,3.96,6.14,14.08
2024-06-30,22.52,24.89,20.01,5.02,3.67,3.95,6.16,14.05
2024-06-29,22.51,24.9,20.01,5.03,3.72,3.93,6.19,14.02
2024-06-28,22.48,24.92,20.01,5.04,3.77,3.91,6.21,13.99
2024-06-27,22.45,24.93,20,5.05,3.83,3.89,6.24,13.96
2024-06-26,22.42,24.94,20,5.06,3.9,3.86,6.27,13.94
2024-06-25,22.39,24.95,20,5.07,3.98,3.84,6.29,13.91
2024-06-24,22.35,24.96,20.01,5.08,4.05,3.82,6.32,13.89
2024-06-23,22.32,24.97,20.01,5.09,4.13,3.8,6.35,13.87
2024-06-22,22.28,24.98,20.01,5.1,4.21,3.78,6.38,13.85
2024-06-21,22.24,24.99,20.01,5.11,4.29,3.77,6.41,13.83
2024-06-20,22.21,25,20.01,5.12,4.36,3.76,6.44,13.8
2024-06-19,22.17,25.01,20.01,5.13,4.44,3.75,6.47,13.76
2024-06-18,22.14,25.03,20.01,5.14,4.51,3.74,6.5,13.72
2024-06-17,22.11,25.04,20.01,5.15,4.57,3.72,6.52,13.68
2024-06-16,22.09,25.06,20,5.16,4.62,3.7,6.55,13.64
2024-06-15,22.07,25.08,20,5.17,4.67,3.68,6.57,13.6
2024-06-14,22.05,25.1,19.99,5.19,4.71,3.66,6.59,13.56
2024-06-13,22.04,25.12,19.98,5.2,4.74,3.64,6.61,13.52
2024-06-12,22.02,25.14,19.98,5.22,4.78,3.62,6.63,13.48
2024-06-11,22,25.16,19.97,5.23,4.82,3.6,6.65,13.44
2024-06-10,21.98,25.19,19.96,5.25,4.86,3.58,6.67,13.39
2024-06-09,21.96,25.21,19.95,5.26,4.91,3.57,6.69,13.34
2024-06-08,21.93,25.24,19.95,5.28,4.96,3.55,6.72,13.29
2024-06-07,21.91,25.26,19.94,5.29,5.01,3.54,6.74,13.23
2024-06-06,21.88,25.29,19.94,5.31,5.06,3.53,6.76,13.17
2024-06-05,21.86,25.31,19.93,5.32,5.11,3.51,6.78,13.1
2024-06-04,21.83,25.34,19.92,5.34,5.16,3.49,6.81,13.04
2024-06-03,21.81,25.36,19.92,5.35,5.21,3.46,6.83,12.97
2024-06-02,21.78,25.39,19.91,5.37,5.25,3.44,6.85,12.91
2024-06-01,21.76,25.42,19.9,5.38,5.3,3.41,6.87,12.84
2024-05-31,21.74,25.44,19.89,5.4,5.34,3.38,6.89,12.78
2024-05-30,21.72,25.47,19.88,5.41,5.37,3.36,6.91,12.72
2024-05-29,21.7,25.5,19.87,5.43,5.41,3.33,6.93,12.66
2024-05-28,21.69,25.53,19.87,5.45,5.44,3.31,6.95,12.6
2024-05-27,21.67,25.56,19.85,5.47,5.47,3.29,6.97,12.53
2024-05-26,21.65,25.59,19.84,5.48,5.51,3.27,6.99,12.46
2024-05-25,21.63,25.63,19.83,5.5,5.54,3.26,7.01,12.4
2024-05-24,21.61,25.66,19.82,5.52,5.58,3.25,7.02,12.33
2024-05-23,21.59,25.7,19.81,5.54,5.62,3.23,7.04,12.26
2024-05-22,21.57,25.74,19.8,5.56,5.65,3.22,7.06,12.19
2024-05-21,21.55,25.77,19.79,5.58,5.69,3.21,7.08,12.12
2024-05-20,21.53,25.81,19.78,5.6,5.73,3.2,7.1,12.05
2024-05-19,21.51,25.85,19.76,5.62,5.76,3.19,7.12,11.97
2024-05-18,21.49,25.89,19.75,5.64,5.8,3.17,7.14,11.9
2024-05-17,21.47,25.93,19.74,5.66,5.83,3.16,7.16,11.82
2024-05-16,21.45,25.97,19.73,5.68,5.86,3.15,7.18,11.73
2024-05-15,21.44,26,19.72,5.7,5.9,3.14,7.19,11.65
2024-05-14,21.42,26.04,19.71,5.72,5.92,NA,7.21,11.57
2024-05-13,21.41,26.08,19.69,5.74,5.95,NA,7.23,11.49
2024-05-12,21.39,26.11,19.68,5.76,5.97,NA,7.24,11.41
2024-05-11,21.38,26.15,19.67,5.78,6,NA,7.26,11.33
2024-05-10,21.37,26.19,19.66,5.8,6.02,NA,7.28,11.25
2024-05-09,21.35,26.23,19.64,5.82,6.04,NA,7.29,11.17
2024-03-04,20.8,30.16,18.32,7.63,6.16,2.93,7.96,5.31
2024-03-03,20.8,30.21,18.3,7.65,6.16,2.93,7.97,5.26
2024-03-02,20.8,30.26,18.29,7.67,6.16,2.93,7.97,5.22
2024-03-01,20.81,30.3,18.27,7.69,6.15,2.94,7.98,5.19
2024-02-29,20.81,30.35,18.26,7.71,6.15,2.94,7.98,5.15
2024-02-28,20.81,30.39,18.24,7.73,6.15,2.95,7.99,5.12
2024-02-27,20.82,30.43,18.23,7.75,6.15,2.96,7.99,5.09
2024-02-26,20.82,30.47,18.21,7.76,6.15,2.96,8,5.07
2024-02-25,20.83,30.51,18.2,7.78,6.15,2.97,8,5.05
2024-02-24,20.83,30.54,18.19,7.8,6.15,2.98,8,5.03
2024-02-23,20.84,30.58,18.18,7.81,6.15,2.98,8.01,5.01
2024-02-22,20.85,30.61,18.16,7.83,6.15,2.99,8.01,4.99
2024-02-21,20.86,30.65,18.15,7.84,6.15,2.99,8.01,4.98
2024-02-20,20.87,30.68,18.14,7.86,6.14,3,8.02,4.96
2024-02-19,20.88,30.72,18.13,7.87,6.14,3,8.02,4.95
2024-02-18,20.89,30.75,18.11,7.89,6.13,3,8.02,4.93
2024-02-17,20.9,30.79,18.1,7.9,6.12,3,8.02,4.92
2024-02-16,20.91,30.82,18.09,7.92,6.11,3,8.02,4.91
2024-02-15,20.92,30.85,18.07,7.93,6.1,3,8.02,4.91
2024-02-14,20.93,30.89,18.06,7.95,6.1,3,8.02,4.9
2024-02-13,20.95,30.92,18.05,7.96,6.09,3,8.02,4.89
2024-02-12,20.96,30.95,18.04,7.97,6.08,3,8.02,4.89
2024-02-11,20.97,30.99,18.02,7.99,6.07,3,8.02,4.89
2024-02-10,20.98,31.02,18.01,8,6.07,3,8.02,4.88
2024-02-09,20.99,31.05,18,8.01,6.07,3,8.03,4.88
2024-02-08,21,31.08,17.99,8.03,6.07,3,8.03,4.89
2024-02-07,21.01,31.11,17.98,8.04,6.07,3,8.03,4.89
2024-02-06,21.02,31.14,17.97,8.05,6.07,3,8.03,4.89
2024-02-05,21.03,31.17,17.96,8.06,6.08,3,8.04,4.9
2024-02-04,21.04,31.2,17.95,8.07,6.08,3,8.04,4.9
2024-02-03,21.06,31.22,17.94,8.08,6.08,3,8.04,4.91
2024-02-02,21.07,31.25,17.93,8.09,6.08,3,8.04,4.92
2024-02-01,21.08,31.28,17.93,8.1,6.09,3,8.04,4.93
2024-01-31,21.09,31.31,17.92,8.12,6.09,3,8.04,4.94
2024-01-30,21.11,31.33,17.91,8.13,6.09,3,8.04,4.96
2024-01-29,21.12,31.36,17.9,8.14,6.09,3,8.04,4.97
2024-01-28,21.13,31.38,17.89,8.15,6.09,3,8.05,4.99
2024-01-27,21.15,31.41,17.88,8.16,6.1,3,8.05,5.01
2024-01-26,21.16,31.43,17.87,8.16,6.1,3,8.05,5.02
2024-01-25,21.17,31.46,17.86,8.17,6.1,3,8.05,5.04
2024-01-24,21.18,31.48,17.86,8.18,6.11,3,8.05,5.07
2024-01-23,21.2,31.51,17.85,8.19,6.11,3,8.05,5.09
2024-01-22,21.21,31.53,17.84,8.2,6.12,3,8.05,5.11
2024-01-21,21.22,31.55,17.83,8.21,6.13,3,8.05,5.14
2024-01-20,21.23,31.58,17.83,8.22,6.13,3,8.06,5.17
2024-01-19,21.24,31.6,17.82,8.22,6.14,3,8.06,5.19
2023-11-03,22.41,32.2,17.98,7.84,7.93,2.86,8.18,NA
2023-11-02,22.44,32.19,17.98,7.85,7.94,2.87,8.17,NA
2023-11-01,22.46,32.18,17.99,7.85,7.95,2.87,8.17,NA
2023-10-31,22.49,32.17,17.99,7.86,7.95,2.87,8.16,NA
2023-10-30,22.52,32.16,17.99,7.86,7.96,2.88,8.15,NA
2023-10-29,22.55,32.14,17.99,7.87,7.96,2.88,8.14,NA
2023-10-28,22.58,32.13,17.99,7.87,7.97,2.89,8.13,NA
2023-10-27,22.61,32.12,18,7.88,7.97,2.89,8.12,NA
2023-10-26,22.64,32.11,18,7.89,7.97,2.9,8.11,NA
2023-10-25,22.68,32.1,18,7.9,7.97,2.91,8.1,NA
2023-10-24,22.71,32.08,18,7.91,7.97,2.92,8.09,NA
2023-10-23,22.74,32.07,18,7.92,7.97,2.93,8.08,NA
2023-10-22,22.78,32.05,18,7.94,7.97,2.93,8.06,NA
2023-10-21,22.81,32.04,18,7.95,7.96,2.94,8.05,NA
2023-10-20,22.85,32.02,18,7.96,7.96,2.95,8.04,NA
2023-10-19,22.88,32.01,18,7.98,7.95,2.96,8.02,NA
2023-10-18,22.92,31.99,18,7.99,7.95,2.97,8.01,NA
2023-10-17,22.96,31.97,18,8,7.94,2.98,7.99,NA
2023-10-16,22.99,31.96,18,8.02,7.94,2.99,7.98,NA
2023-10-15,23.03,31.94,18,8.03,7.93,3,7.96,NA
2023-10-14,23.07,31.92,18,8.05,7.92,3,7.95,NA
2023-10-13,23.11,31.9,18,8.06,7.92,3.01,7.93,NA
2023-10-12,23.15,31.89,18,8.08,7.91,3.02,7.92,NA
2023-10-11,23.19,31.87,18,8.09,7.9,3.03,7.9,NA
2023-10-10,23.23,31.85,18,8.11,7.89,3.04,7.89,NA
2023-10-09,23.27,31.83,18,8.13,7.88,3.05,7.87,NA
2023-10-08,23.31,31.81,18,8.14,7.88,3.06,7.85,NA
2023-10-07,23.35,31.79,18,8.16,7.87,3.07,7.84,NA
2023-10-06,23.39,31.76,18,8.18,7.85,3.08,7.82,NA
2023-10-05,23.43,31.74,17.99,8.2,7.84,3.09,7.8,NA
2023-10-04,23.48,31.71,17.99,8.22,7.82,3.1,7.78,NA
2023-10-03,23.53,31.69,17.99,8.24,7.8,3.11,7.75,NA
2023-10-02,23.59,31.66,17.99,8.26,7.77,3.12,7.72,NA
2023-10-01,23.64,31.63,17.98,8.29,7.74,3.13,7.7,NA
2023-09-30,23.7,31.6,17.98,8.31,7.71,3.14,7.67,NA
2023-09-29,23.75,31.57,17.98,8.34,7.68,3.15,7.64,NA
2023-09-28,23.81,31.54,17.97,8.37,7.65,3.17,7.61,NA
2023-09-27,23.87,31.51,17.97,8.39,7.62,3.18,7.57,NA
2023-09-26,23.93,31.48,17.97,8.42,7.6,3.2,7.54,NA
2023-09-25,23.98,31.45,17.96,8.45,7.57,3.21,7.52,NA
2023-09-24,24.04,31.42,17.96,8.47,7.54,3.23,7.49,NA
2023-09-23,24.09,31.38,17.96,8.5,7.52,3.24,7.46,NA
2023-09-22,24.14,31.35,17.96,8.52,7.49,3.25,7.44,NA
2023-09-21,24.18,31.32,17.96,8.54,7.47,3.27,7.42,NA
2023-09-20,24.23,31.29,17.96,8.56,7.46,3.28,7.4,NA
2023-09-19,24.27,31.26,17.96,8.58,7.44,3.29,7.37,NA
2023-08-20,25.89,30.01,17.96,9.41,6.56,3.69,6.54,NA
2023-08-19,25.94,29.96,17.96,9.44,6.53,3.7,6.51,NA
2023-08-18,25.99,29.92,17.96,9.46,6.5,3.71,6.49,NA
2023-08-17,26.04,29.87,17.96,9.49,6.48,3.73,6.46,NA
2023-08-16,26.09,29.82,17.96,9.52,6.45,3.74,6.44,NA
2023-08-15,26.14,29.78,17.97,9.54,6.42,3.76,6.42,NA
2023-08-14,26.18,29.73,17.97,9.57,6.4,3.77,6.39,NA
2023-08-13,26.23,29.69,17.97,9.59,6.38,3.78,6.37,NA
2023-08-12,26.27,29.64,17.97,9.62,6.35,3.8,6.35,NA
2023-08-11,26.31,29.6,17.98,9.64,6.33,3.81,6.33,NA
2023-08-10,26.36,29.56,17.98,9.67,6.31,3.82,6.31,NA
2023-08-09,26.4,29.51,17.99,9.69,6.29,3.83,6.29,NA
2023-08-08,26.44,29.47,17.99,9.71,6.27,3.85,6.27,NA
2023-08-07,26.47,29.43,17.99,9.73,6.26,3.86,6.26,NA
2023-08-06,26.51,29.38,18,9.75,6.24,3.88,6.24,NA
2023-08-05,26.55,29.34,18,9.77,6.22,3.89,6.22,NA
2023-08-04,26.59,29.29,18.01,9.79,6.21,3.9,6.21,NA
2023-08-03,26.62,29.25,18.01,9.82,6.19,3.92,6.19,NA
2023-08-02,26.66,29.2,18.02,9.84,6.17,3.93,6.17,NA
2023-08-01,26.7,29.16,18.02,9.86,6.16,3.95,6.16,NA
2023-07-31,26.74,29.11,18.03,9.88,6.14,3.96,6.14,NA
2023-07-30,26.78,29.06,18.04,9.91,6.12,3.97,6.12,NA
2023-07-29,26.82,29.01,18.04,9.93,6.11,3.99,6.11,NA
2023-07-28,26.86,28.97,18.05,9.95,6.09,4,6.09,NA
2023-07-27,26.9,28.92,18.05,9.97,6.07,4.01,6.07,NA
2023-07-26,26.93,28.87,18.06,9.99,6.06,4.03,6.06,NA
2023-07-25,26.97,28.82,18.07,10.01,6.04,4.04,6.04,NA
2023-07-24,27,28.78,18.07,10.03,6.03,4.05,6.03,NA
2023-07-23,27.03,28.73,18.08,10.05,6.02,4.07,6.02,NA
2023-07-22,27.07,28.69,18.08,10.07,6,4.08,6,NA
2023-07-21,27.1,28.64,18.09,10.09,5.99,4.09,5.99,NA
2023-07-20,27.13,28.6,18.1,10.11,5.98,4.1,5.98,NA
2023-07-19,27.17,28.55,18.11,10.13,5.96,4.12,5.96,NA
2023-07-18,27.2,28.5,18.11,10.15,5.95,4.13,5.95,NA
2023-07-17,27.24,28.45,18.12,10.18,5.94,4.14,5.94,NA
2023-07-16,27.27,28.39,18.13,10.2,5.92,4.15,5.92,NA
2023-07-15,27.31,28.34,18.14,10.22,5.91,4.17,5.91,NA
2023-07-14,27.35,28.29,18.14,10.24,5.89,4.18,5.89,NA
2023-07-13,27.38,28.24,18.15,10.26,5.88,4.19,5.88,NA
2023-07-12,27.42,28.19,18.16,10.29,5.86,4.2,5.86,NA
2023-07-11,27.45,28.13,18.17,10.31,5.85,4.22,5.85,NA
2023-07-10,27.49,28.08,18.18,10.33,5.84,4.23,5.84,NA
2023-07-09,27.52,28.03,18.18,10.35,5.83,4.25,5.83,NA
2023-07-08,27.54,27.99,18.19,10.36,5.82,4.26,5.82,NA
2023-07-07,27.57,27.94,18.2,10.38,5.81,4.28,5.81,NA
2023-07-06,27.59,27.89,18.21,10.4,5.8,4.3,5.8,NA
2023-05-29,27.92,26.12,18.81,10.75,5.78,4.91,5.78,NA
2023-05-28,27.92,26.07,18.82,10.76,5.79,4.91,5.79,NA
2023-05-27,27.92,26.02,18.83,10.77,5.8,4.92,5.8,NA
2023-05-26,27.92,25.97,18.85,10.78,5.81,4.93,5.81,NA
2023-05-25,27.92,25.93,18.86,10.79,5.82,4.93,5.82,NA
2023-05-24,27.92,25.88,18.87,10.8,5.83,4.94,5.83,NA
2023-05-23,27.92,25.83,18.88,10.81,5.84,4.95,5.84,NA
2023-05-22,27.92,25.78,18.89,10.82,5.85,4.96,5.85,NA
2023-05-21,27.92,25.73,18.89,10.83,5.86,4.97,5.86,NA
2023-05-20,27.92,25.68,18.9,10.84,5.88,4.98,5.88,NA
2023-05-19,27.92,25.63,18.91,10.85,5.89,4.99,5.89,NA
2023-05-18,27.92,25.58,18.91,10.86,5.9,4.99,5.9,NA
2023-05-17,27.93,25.53,18.92,10.87,5.92,5,5.92,NA
2023-05-16,27.93,25.48,18.92,10.88,5.93,5.01,5.93,NA
2023-05-15,27.93,25.43,18.92,10.89,5.95,5.01,5.95,NA
2023-05-14,27.93,25.38,18.92,10.91,5.97,5.02,5.97,NA
2023-05-13,27.93,25.33,18.92,10.92,5.99,5.02,5.99,NA
2023-05-12,27.93,25.28,18.92,10.93,6,5.02,6,NA
2023-05-11,27.93,25.23,18.92,10.95,6.03,5.02,6.03,NA
2023-05-10,27.93,25.17,18.92,10.96,6.05,5.02,6.05,NA
2023-05-09,27.93,25.11,18.92,10.97,6.07,5.02,6.07,NA
2023-05-08,27.93,25.06,18.92,10.99,6.09,5.02,6.09,NA
2023-05-07,27.92,25,18.92,11,6.12,5.02,6.12,NA
2023-05-06,27.92,24.95,18.92,11.01,6.14,5.02,6.14,NA
2023-05-05,27.92,24.89,18.92,11.03,6.17,5.02,6.17,NA
2023-05-04,27.92,24.83,18.91,11.04,6.19,5.02,6.19,NA
2023-05-03,27.91,24.78,18.91,11.06,6.21,5.01,6.21,NA
2023-05-02,27.91,24.73,18.91,11.07,6.24,5.01,6.24,NA
2023-05-01,27.91,24.67,18.91,11.08,6.26,5.01,6.26,NA
2023-04-30,27.91,24.62,18.9,11.1,6.28,5,6.28,NA
2023-04-29,27.9,24.57,18.9,11.11,6.31,5,6.31,NA
2023-04-28,27.9,24.52,18.9,11.12,6.33,4.99,6.33,NA
2023-04-27,27.9,24.47,18.9,11.13,6.36,4.99,6.36,NA
2023-04-26,27.89,24.41,18.89,11.15,6.38,4.98,6.38,NA
2023-04-25,27.88,24.36,18.89,11.16,6.41,4.97,6.41,NA
2023-04-24,27.87,24.3,18.88,11.18,6.45,4.96,6.45,NA
2023-04-23,27.87,24.24,18.87,11.19,6.48,4.95,6.48,NA
2023-04-22,27.86,24.18,18.87,11.21,6.51,4.93,6.51,NA
2023-04-21,27.84,24.12,18.86,11.22,6.55,4.92,6.55,NA
2023-04-20,27.83,24.06,18.85,11.24,6.59,4.91,6.59,NA
2023-04-19,27.82,24,18.84,11.25,6.63,4.9,6.63,NA
2023-04-18,27.81,23.93,18.83,11.27,6.67,4.89,6.67,NA
2023-04-17,27.79,23.87,18.82,11.29,6.71,4.89,6.71,NA
2023-04-16,27.78,23.8,18.81,11.3,6.76,4.88,6.76,NA
2023-04-15,27.76,23.74,18.8,11.32,6.8,4.87,6.8,NA
2023-04-14,27.74,23.67,18.79,11.34,6.85,4.86,6.85,NA
2023-03-12,27.2,21.75,18.33,11.83,8.32,4.25,8.32,NA
2023-03-11,27.19,21.72,18.32,11.84,8.34,4.24,8.34,NA
2023-03-10,27.18,21.69,18.3,11.84,8.37,4.22,8.37,NA
2023-03-09,27.17,21.65,18.29,11.85,8.4,4.21,8.4,NA
2023-03-08,27.16,21.62,18.28,11.86,8.43,4.19,8.43,NA
2023-03-07,27.16,21.59,18.26,11.87,8.46,4.18,8.46,NA
2023-03-06,27.15,21.56,18.25,11.87,8.49,4.17,8.49,NA
2023-03-05,27.14,21.53,18.23,11.88,8.52,4.16,8.52,NA
2023-03-04,27.13,21.5,18.22,11.89,8.55,4.15,8.55,NA
2023-03-03,27.12,21.47,18.2,11.89,8.58,4.14,8.58,NA
2023-03-02,27.11,21.44,18.19,11.9,8.61,4.13,8.61,NA
2023-03-01,27.1,21.41,18.17,11.91,8.64,4.12,8.64,NA
2023-02-28,27.09,21.39,18.16,11.91,8.66,4.11,8.66,NA
2023-02-27,27.09,21.36,18.15,11.92,8.69,4.1,8.69,NA
2023-02-26,27.08,21.34,18.13,11.92,8.71,4.08,8.71,NA
2023-02-25,27.08,21.32,18.12,11.93,8.73,4.07,8.73,NA
2023-02-24,27.07,21.3,18.11,11.93,8.75,4.06,8.75,NA
2023-02-23,27.07,21.28,18.1,11.93,8.77,4.05,8.77,NA
2023-02-22,27.07,21.27,18.08,11.93,8.78,4.04,8.78,NA
2023-02-21,27.07,21.26,18.07,11.94,8.8,4.03,8.8,NA
2023-02-20,27.07,21.25,18.06,11.94,8.81,4.02,8.81,NA
2023-02-19,27.07,21.24,18.05,11.94,8.83,4.01,8.83,NA
2023-02-18,27.06,21.23,18.03,11.94,8.84,4.01,8.84,NA
2023-02-17,27.06,21.22,18.02,11.94,8.86,4,8.86,NA
2023-02-16,27.06,21.21,18.01,11.94,8.87,3.99,8.87,NA
2023-02-15,27.06,21.21,17.99,11.94,8.88,3.98,8.88,NA
2023-02-14,27.06,21.2,17.98,11.94,8.89,3.98,8.89,NA
2023-02-13,27.06,21.2,17.97,11.94,8.91,3.97,8.91,NA
2023-02-12,27.06,21.19,17.96,11.94,8.92,3.96,8.92,NA
2023-02-11,27.06,21.19,17.95,11.94,8.93,3.95,8.93,NA
2023-02-10,27.06,21.18,17.93,11.94,8.94,3.95,8.94,NA
2023-02-09,27.06,21.18,17.92,11.94,8.95,3.94,8.95,NA
2023-02-08,27.06,21.17,17.91,11.94,8.96,3.93,8.96,NA
2023-02-07,27.07,21.17,17.9,11.94,8.97,3.93,8.97,NA
2023-02-06,27.07,21.17,17.89,11.94,8.98,3.92,8.98,NA
2023-02-05,27.07,21.17,17.87,11.94,8.99,3.92,8.99,NA
2023-02-04,27.07,21.18,17.86,11.93,9,3.91,8.99,NA
2023-02-03,27.07,21.19,17.85,11.93,9,3.91,9,NA
2023-02-02,27.07,21.2,17.84,11.93,9.01,3.9,9,NA
2023-02-01,27.08,21.21,17.82,11.93,9.01,3.9,9,NA
2023-01-31,27.08,21.23,17.81,11.92,9.01,3.9,9,NA
2023-01-30,27.08,21.24,17.8,11.92,9.01,3.89,9,NA
2023-01-29,27.09,21.26,17.78,11.91,9.01,3.89,8.99,NA
2023-01-28,27.09,21.29,17.77,11.91,9.01,3.89,8.99,NA
2023-01-27,27.1,21.31,17.76,11.9,9.01,3.89,8.98,NA
2023-01-26,27.1,21.34,17.74,11.9,9,3.89,8.98,NA
2022-12-03,27.68,23.52,17.09,11.32,8.28,3.99,8.14,NA
2022-12-02,27.69,23.53,17.08,11.31,8.27,3.99,8.14,NA
2022-12-01,27.71,23.55,17.08,11.29,8.26,3.99,8.14,NA
2022-11-30,27.72,23.57,17.07,11.28,8.25,3.99,8.13,NA
2022-11-29,27.73,23.6,17.07,11.27,8.24,3.99,8.12,NA
2022-11-28,27.74,23.63,17.06,11.26,8.22,3.99,8.11,NA
2022-11-27,27.76,23.66,17.06,11.24,8.21,4,8.1,NA
2022-11-26,27.77,23.69,17.05,11.23,8.19,4,8.08,NA
2022-11-25,27.79,23.73,17.04,11.21,8.17,4,8.07,NA
2022-11-24,27.8,23.76,17.04,11.2,8.16,4,8.06,NA
2022-11-23,27.82,23.79,17.03,11.18,8.14,4,8.04,NA
2022-11-22,27.83,23.83,17.03,11.17,8.12,4,8.03,NA
2022-11-21,27.84,23.85,17.02,11.16,8.11,4,8.02,NA
2022-11-20,27.86,23.88,17.02,11.14,8.09,4,8.01,NA
2022-11-19,27.87,23.9,17.02,11.13,8.08,4,8,NA
2022-11-18,27.89,23.92,17.01,11.11,8.07,4,8,NA
2022-11-17,27.9,23.93,17.01,11.1,8.06,4,8,NA
2022-11-16,27.91,23.94,17.01,11.09,8.05,4,8,NA
2022-11-15,27.92,23.94,17.01,11.08,8.05,4,8,NA
2022-11-14,27.94,23.94,17.01,11.06,8.04,4,8,NA
2022-11-13,27.95,23.95,17.01,11.05,8.03,4,8.01,NA
2022-11-12,27.96,23.95,17.01,11.04,8.03,4,8.01,NA
2022-11-11,27.98,23.95,17.01,11.02,8.02,4,8.01,NA
2022-11-10,27.99,23.95,17.01,11.01,8.01,4,8.02,NA
2022-11-09,28,23.96,17.02,11,8.01,4,8.02,NA
2022-11-08,28.02,23.96,17.02,10.98,8,4,8.03,NA
2022-11-07,28.03,23.96,17.02,10.97,7.99,4,8.03,NA
2022-11-06,28.04,23.96,17.02,10.96,7.99,4,8.04,NA
2022-11-05,28.06,23.96,17.02,10.94,7.98,4,8.04,NA
2022-11-04,28.07,23.96,17.02,10.93,7.98,4,8.05,NA
2022-11-03,28.08,23.95,17.03,10.92,7.97,4,8.05,NA
2022-11-02,28.1,23.95,17.03,10.9,7.96,4,8.06,NA
2022-11-01,28.11,23.95,17.03,10.89,7.96,4,8.07,NA
2022-10-31,28.12,23.94,17.03,10.88,7.95,4,8.07,NA
2022-10-30,28.13,23.93,17.04,10.86,7.95,4,8.08,NA
2022-10-29,28.15,23.92,17.05,10.85,7.95,4,8.1,NA
2022-10-28,28.16,23.91,17.05,10.83,7.94,4,8.11,NA
2022-10-27,28.17,23.9,17.06,10.81,7.94,4,8.13,NA
2022-10-26,28.18,23.89,17.07,10.8,7.93,4,8.14,NA
2022-10-25,28.18,23.87,17.09,10.78,7.93,4,8.16,NA
2022-10-24,28.19,23.85,17.1,10.76,7.92,4,8.18,NA
2022-10-23,28.2,23.83,17.11,10.74,7.92,4,8.21,NA
2022-10-22,28.21,23.82,17.13,10.72,7.91,4,8.23,NA
2022-10-21,28.22,23.79,17.14,10.7,7.91,4,8.26,NA
2022-10-20,28.22,23.77,17.16,10.68,7.91,3.99,8.29,NA
2022-10-19,28.23,23.75,17.18,10.66,7.9,3.99,8.31,NA
2022-07-23,29.36,19.65,19.2,8.83,7.83,3.68,11.27,NA
2022-07-22,29.4,19.62,19.19,8.84,7.84,3.7,11.25,NA
2022-07-21,29.45,19.59,19.17,8.85,7.84,3.72,11.22,NA
2022-07-20,29.5,19.55,19.15,8.86,7.84,3.74,11.2,NA
2022-07-19,29.55,19.52,19.14,8.87,7.84,3.76,11.17,NA
2022-07-18,29.6,19.48,19.12,8.88,7.85,3.78,11.14,NA
2022-07-17,29.66,19.44,19.1,8.89,7.85,3.8,11.11,NA
2022-07-16,29.71,19.41,19.08,8.91,7.86,3.82,11.08,NA
2022-07-15,29.77,19.37,19.06,8.92,7.86,3.84,11.04,NA
2022-07-14,29.83,19.34,19.03,8.93,7.87,3.87,11,NA
2022-07-13,29.89,19.3,19.01,8.95,7.87,3.89,10.96,NA
2022-07-12,29.95,19.26,18.98,8.97,7.88,3.91,10.92,NA
2022-07-11,30.01,19.23,18.96,8.99,7.88,3.94,10.87,NA
2022-07-10,30.08,19.2,18.93,9.01,7.89,3.97,10.82,NA
2022-07-09,30.15,19.17,18.89,9.03,7.89,4,10.77,NA
2022-07-08,30.22,19.14,18.86,9.05,7.89,4.03,10.71,NA
2022-07-07,30.29,19.12,18.82,9.07,7.89,4.06,10.65,NA
2022-07-06,30.37,19.09,18.78,9.1,7.89,4.1,10.58,NA
2022-07-05,30.45,19.07,18.74,9.12,7.88,4.13,10.51,NA
2022-07-04,30.53,19.06,18.69,9.15,7.88,4.17,10.43,NA
2022-07-03,30.62,19.04,18.65,9.18,7.88,4.21,10.35,NA
2022-07-02,30.7,19.02,18.6,9.21,7.88,4.25,10.27,NA
2022-07-01,30.79,19,18.55,9.24,7.88,4.29,10.19,NA
2022-06-30,30.88,18.97,18.5,9.28,7.88,4.33,10.1,NA
2022-06-29,30.96,18.95,18.44,9.32,7.89,4.37,10.01,NA
2022-06-28,31.05,18.93,18.39,9.35,7.89,4.41,9.93,NA
2022-06-27,31.14,18.91,18.33,9.39,7.89,4.45,9.84,NA
2022-06-26,31.23,18.88,18.28,9.43,7.9,4.49,9.75,NA
2022-06-25,31.32,18.86,18.22,9.47,7.9,4.52,9.66,NA
2022-06-24,31.41,18.84,18.17,9.51,7.91,4.56,9.56,NA
2022-06-23,31.5,18.81,18.11,9.55,7.92,4.6,9.47,NA
2022-06-22,31.59,18.79,18.05,9.59,7.92,4.63,9.38,NA
2022-06-21,31.68,18.77,18,9.63,7.93,4.67,9.3,NA
2022-06-20,31.76,18.75,17.94,9.67,7.93,4.71,9.21,NA
2022-06-19,31.85,18.73,17.89,9.71,7.94,4.74,9.12,NA
2022-06-18,31.93,18.7,17.84,9.75,7.94,4.78,9.04,NA
2022-06-17,32.02,18.68,17.79,9.78,7.95,4.82,8.95,NA
2022-06-16,32.1,18.66,17.73,9.82,7.96,4.86,8.87,NA
2022-06-15,32.18,18.63,17.68,9.86,7.96,4.89,8.78,NA
2022-06-14,32.26,18.61,17.63,9.9,7.97,4.93,8.7,NA
2022-06-13,32.34,18.58,17.58,9.94,7.98,4.97,8.62,NA
2022-06-12,32.42,18.56,17.53,9.98,7.99,5,8.54,NA
2022-06-11,32.49,18.53,17.48,10.02,8,5.04,8.46,NA
2022-06-10,32.57,18.51,17.43,10.06,8.01,5.07,8.39,NA
2022-06-09,32.64,18.48,17.38,10.09,8.03,5.1,8.31,NA
2022-06-08,32.72,18.45,17.33,10.13,8.04,5.13,8.24,NA
2022-06-07,32.79,18.42,17.28,10.17,8.05,5.17,8.16,NA
2022-06-06,32.86,18.4,17.24,10.21,8.06,5.21,8.09,NA
2022-06-05,32.93,18.37,17.19,10.24,8.07,5.25,8.02,NA
2022-06-04,33,18.34,17.15,10.28,8.09,5.29,7.95,NA
2022-06-03,33.07,18.32,17.1,10.32,8.1,5.33,7.88,NA
2022-06-02,33.14,18.29,17.05,10.35,8.11,5.38,7.81,NA
2022-06-01,33.21,18.26,17.01,10.39,8.13,5.42,7.74,NA
2022-05-31,33.28,18.22,16.96,10.43,8.15,5.46,7.67,NA
2022-05-30,33.35,18.19,16.91,10.47,8.16,5.5,7.6,NA
2022-05-29,33.42,18.16,16.86,10.52,8.18,5.53,7.53,NA
2022-05-28,33.49,18.12,16.82,10.56,8.2,5.56,7.46,NA
2022-05-27,33.56,18.09,16.77,10.6,8.22,5.59,7.39,NA
2022-05-26,33.62,18.05,16.72,10.64,8.24,5.61,7.32,NA
2022-05-25,33.69,18.01,16.68,10.68,8.26,5.64,7.26,NA
2022-05-24,33.75,17.98,16.63,10.72,8.28,5.67,7.19,NA
2022-05-23,33.82,17.94,16.59,10.76,8.31,5.7,7.13,NA
2022-05-22,33.88,17.91,16.55,10.8,8.33,5.73,7.07,NA
2022-05-21,33.93,17.87,16.5,10.84,8.35,5.76,7.01,NA
2022-05-20,33.99,17.84,16.47,10.87,8.37,5.79,6.96,NA
2022-05-19,34.04,17.81,16.43,10.91,8.38,5.81,6.91,NA
2022-05-18,34.09,17.77,16.39,10.94,8.41,5.84,6.86,NA
2022-05-17,34.14,17.74,16.36,10.98,8.43,5.86,6.81,NA
2022-05-16,34.19,17.69,16.32,11.02,8.46,5.87,6.76,NA
2022-05-15,34.24,17.65,16.28,11.06,8.5,5.88,6.71,NA
2022-05-14,34.28,17.6,16.24,11.11,8.53,5.89,6.66,NA
2022-05-13,34.33,17.55,16.2,11.15,8.57,5.88,6.62,NA
2022-05-12,34.37,17.5,16.16,11.2,8.61,5.87,6.57,NA
2022-05-11,34.41,17.45,16.12,11.25,8.65,5.85,6.53,NA
2022-05-10,34.45,17.39,16.08,11.29,8.7,5.83,6.48,NA
2022-05-09,34.49,17.34,16.04,11.34,8.74,5.8,6.44,NA
2022-05-08,34.53,17.29,16.01,11.38,8.78,5.78,6.4,NA
2022-05-07,34.57,17.24,15.97,11.42,8.81,5.75,6.36,NA
2022-05-06,34.61,17.2,15.94,11.46,8.85,5.72,6.33,NA
2022-05-05,34.64,17.16,15.91,11.5,8.88,5.7,6.3,NA
2022-05-04,34.67,17.12,15.89,11.53,8.91,5.68,6.27,NA
2022-05-03,34.7,17.08,15.87,11.55,8.93,5.66,6.24,NA
2022-05-02,34.73,17.05,15.85,11.58,8.95,5.65,6.22,NA
2022-05-01,34.75,17.02,15.83,11.6,8.97,5.64,6.21,NA
2022-04-30,34.76,16.99,15.82,11.61,8.99,5.62,6.2,NA
2022-04-29,34.77,16.95,15.82,11.63,9.02,5.59,6.2,NA
2022-04-28,34.77,16.92,15.81,11.65,9.04,5.56,6.21,NA
2022-04-27,34.77,16.89,15.81,11.66,9.07,5.52,6.21,NA
2022-04-26,34.76,16.85,15.81,11.68,9.09,5.47,6.23,NA
2022-04-25,34.76,16.82,15.81,11.69,9.12,5.43,6.24,NA
2022-04-24,34.76,16.79,15.81,11.7,9.14,5.39,6.25,NA
2022-04-23,34.75,16.76,15.81,11.71,9.16,5.35,6.26,NA
2022-04-22,34.75,16.73,15.81,11.72,9.18,5.31,6.28,NA
2022-04-21,34.75,16.7,15.81,11.73,9.2,5.29,6.29,NA
2022-04-20,34.75,16.67,15.81,11.74,9.22,5.26,6.29,NA
2022-04-19,34.76,16.65,15.81,11.74,9.23,5.25,6.29,NA
2022-04-18,34.78,16.63,15.8,11.75,9.24,5.25,6.29,NA
2022-04-17,34.8,16.61,15.79,11.76,9.24,5.24,6.28,NA
2022-04-16,34.82,16.59,15.79,11.77,9.25,5.24,6.27,NA
2022-04-15,34.84,16.58,15.78,11.77,9.25,5.23,6.26,NA
2022-04-14,34.86,16.56,15.78,11.77,9.25,5.23,6.25,NA
2022-04-13,34.88,16.55,15.77,11.78,9.25,5.23,6.25,NA
2022-04-12,34.89,16.54,15.77,11.78,9.25,5.23,6.24,NA
2022-04-11,34.91,16.52,15.77,11.78,9.25,5.23,6.24,NA
2022-04-10,34.92,16.51,15.77,11.78,9.25,5.23,6.24,NA
2022-04-09,34.94,16.5,15.77,11.78,9.25,5.23,6.24,NA
2022-04-08,34.95,16.49,15.77,11.77,9.24,5.23,6.24,NA
2022-04-07,34.97,16.48,15.77,11.77,9.24,5.23,6.24,NA
2022-04-06,34.98,16.47,15.77,11.77,9.23,5.24,6.24,NA
2022-04-05,35,16.46,15.78,11.76,9.22,5.24,6.24,NA
2022-04-04,35.02,16.46,15.78,11.76,9.22,5.25,6.24,NA
2022-04-03,35.04,16.45,15.78,11.75,9.21,5.26,6.23,NA
2022-04-02,35.06,16.45,15.78,11.75,9.19,5.26,6.23,NA
2022-04-01,35.08,16.45,15.78,11.74,9.18,5.27,6.22,NA
2022-03-31,35.1,16.44,15.78,11.73,9.17,5.28,6.21,NA
2022-03-30,35.12,16.44,15.78,11.72,9.15,5.3,6.21,NA
2022-03-29,35.14,16.44,15.78,11.71,9.14,5.31,6.21,NA
2022-03-28,35.16,16.44,15.79,11.7,9.12,5.32,6.2,NA
2022-03-27,35.18,16.44,15.79,11.69,9.11,5.33,6.2,NA
2022-03-26,35.19,16.45,15.8,11.68,9.09,5.35,6.2,NA
2022-03-25,35.21,16.45,15.8,11.67,9.07,5.36,6.2,NA
2022-03-24,35.23,16.45,15.81,11.65,9.05,5.37,6.2,NA
2022-03-23,35.25,16.46,15.81,11.64,9.03,5.39,6.2,NA
2022-03-22,35.27,16.46,15.82,11.62,9.01,5.4,6.2,NA
2022-03-21,35.29,16.47,15.83,11.61,8.98,5.42,6.2,NA
2022-03-20,35.31,16.48,15.83,11.59,8.96,5.44,6.2,NA
2022-03-19,35.33,16.49,15.84,11.57,8.93,5.45,6.2,NA
2022-03-18,35.35,16.5,15.85,11.55,8.9,5.47,6.2,NA
2022-03-17,35.37,16.51,15.85,11.53,8.87,5.49,6.19,NA
2022-03-16,35.4,16.52,15.86,11.51,8.84,5.51,6.19,NA
2022-03-15,35.42,16.54,15.87,11.49,8.81,5.53,6.19,NA
2022-03-14,35.44,16.55,15.88,11.47,8.78,5.55,6.18,NA
2022-03-13,35.47,16.57,15.89,11.45,8.74,5.58,6.18,NA
2022-03-12,35.49,16.59,15.9,11.42,8.71,5.6,6.18,NA
2022-03-11,35.52,16.61,15.91,11.4,8.67,5.62,6.18,NA
2022-03-10,35.54,16.62,15.92,11.37,8.63,5.65,6.17,NA
2022-03-09,35.57,16.64,15.93,11.35,8.59,5.67,6.17,NA
2022-03-08,35.59,16.67,15.94,11.32,8.55,5.7,6.17,NA
2022-03-07,35.62,16.69,15.95,11.29,8.51,5.72,6.17,NA
2022-03-06,35.64,16.71,15.96,11.26,8.47,5.75,6.17,NA
2022-03-05,35.67,16.74,15.97,11.23,8.42,5.78,6.16,NA
2022-03-04,35.69,16.76,15.98,11.2,8.38,5.81,6.16,NA
2022-03-03,35.72,16.79,16,11.17,8.33,5.84,6.16,NA
2022-03-02,35.75,16.82,16.01,11.14,8.28,5.87,6.16,NA
2022-03-01,35.78,16.84,16.02,11.1,8.23,5.9,6.15,NA
2022-02-28,35.8,16.87,16.04,11.07,8.18,5.93,6.15,NA
2022-02-27,35.83,16.91,16.05,11.03,8.13,5.96,6.15,NA
2022-02-26,35.86,16.94,16.06,11,8.08,5.99,6.14,NA
2022-02-25,35.89,16.97,16.08,10.96,8.02,6.03,6.14,NA
2022-02-24,35.92,17.01,16.09,10.92,7.97,6.06,6.13,NA
2022-02-23,35.96,17.04,16.1,10.88,7.91,6.1,6.13,NA
2022-02-22,35.99,17.08,16.12,10.85,7.85,6.13,6.12,NA
2022-02-21,36.02,17.12,16.13,10.81,7.79,6.16,6.11,NA
2022-02-20,36.06,17.16,16.15,10.77,7.73,6.2,6.11,NA
2022-02-19,36.09,17.2,16.16,10.72,7.66,6.24,6.1,NA
2022-02-18,36.13,17.24,16.18,10.68,7.6,6.27,6.09,NA
2022-02-17,36.16,17.28,16.19,10.64,7.53,6.31,6.09,NA
2022-02-16,36.2,17.32,16.21,10.6,7.47,6.35,6.08,NA
2022-02-15,36.24,17.37,16.22,10.55,7.4,6.38,6.07,NA
2022-02-14,36.27,17.41,16.24,10.51,7.33,6.42,6.06,NA
