Datum,CDU,AfD,SPD,LINKE,Sonstige,GRÜNE,FDP,BSW
2026-10-05,22.37,41.71,8.27,11.35,3.23,5.83,3.01,3.91
2026-10-04,22.37,41.72,8.25,11.38,3.24,5.82,3,3.9
2026-10-03,22.38,41.74,8.23,11.41,3.26,5.81,2.99,3.9
2026-10-02,22.38,41.75,8.21,11.44,3.28,5.79,2.98,3.9
2026-10-01,22.39,41.76,8.19,11.47,3.3,5.78,2.98,3.9
2026-09-30,22.39,41.77,8.17,11.51,3.31,5.77,2.97,3.9
2026-09-29,22.4,41.78,8.14,11.54,3.33,5.75,2.96,3.9
2026-09-28,22.41,41.79,8.12,11.57,3.35,5.74,2.96,3.9
2026-09-27,22.42,41.8,8.09,11.6,3.37,5.73,2.95,3.9
2026-09-26,22.42,41.8,8.07,11.64,3.39,5.71,2.95,3.9
2026-09-25,22.43,41.81,8.04,11.67,3.41,5.69,2.95,3.9
2026-09-24,22.45,41.82,8.01,11.7,3.43,5.68,2.95,3.91
2026-09-23,22.46,41.82,7.99,11.74,3.45,5.66,2.95,3.91
2026-09-22,22.47,41.83,7.96,11.77,3.47,5.64,2.95,3.91
2026-09-21,22.48,41.83,7.93,11.81,3.49,5.62,2.95,3.91
2026-09-20,22.49,41.84,7.9,11.84,3.51,5.61,2.95,3.92
2026-09-19,22.5,41.84,7.87,11.88,3.53,5.59,2.95,3.92
2026-09-18,22.52,41.84,7.84,11.91,3.55,5.57,2.95,3.92
2026-09-17,22.53,41.84,7.8,11.94,3.57,5.55,2.95,3.93
2026-09-16,22.54,41.84,7.77,11.98,3.59,5.53,2.96,3.93
2026-09-15,22.56,41.85,7.74,12.01,3.61,5.51,2.96,3.94
2026-09-14,22.57,41.85,7.71,12.04,3.62,5.49,2.97,3.94
2026-09-13,22.58,41.85,7.68,12.08,3.64,5.47,2.97,3.95
2026-09-12,22.6,41.85,7.65,12.11,3.66,5.45,2.98,3.96
2026-09-11,22.61,41.84,7.61,12.14,3.68,5.43,2.98,3.96
2026-09-10,22.63,41.84,7.58,12.17,3.7,5.41,2.99,3.97
2026-09-09,22.64,41.84,7.55,12.21,3.72,5.39,3,3.98
2026-09-08,22.66,41.83,7.51,12.24,3.74,5.36,3.01,3.98
2026-09-07,22.67,41.83,7.48,12.27,3.76,5.34,3.02,3.99
2026-09-06,22.69,41.82,7.44,12.31,3.78,5.32,3.03,4
2026-09-05,22.71,41.82,7.4,12.34,3.8,5.29,3.04,4.01
2026-09-04,22.72,41.81,7.37,12.37,3.82,5.27,3.05,4.01
2026-09-03,22.74,41.81,7.33,12.4,3.84,5.25,3.06,4.02
2026-09-02,22.76,41.8,7.3,12.44,3.86,5.22,3.08,4.03
2026-09-01,22.77,41.79,7.26,12.47,3.87,5.2,3.09,4.04
2026-08-31,22.79,41.79,7.23,12.5,3.89,5.18,3.1,4.05
2026-08-30,22.8,41.78,7.19,12.52,3.91,5.15,3.11,4.05
2026-08-29,22.82,41.77,7.16,12.56,3.92,5.13,3.13,4.06
2026-08-28,22.84,41.76,7.12,12.59,3.94,5.1,3.15,4.07
2026-08-27,22.86,41.75,7.08,12.62,3.96,5.08,3.16,4.08
2026-08-26,22.88,41.74,7.04,12.65,3.98,5.05,3.18,4.1
2026-08-25,22.9,41.73,7,12.68,4,5.02,3.2,4.11
2026-08-24,22.91,41.72,6.96,12.72,4.01,5,3.22,4.12
2026-08-23,22.93,41.7,6.92,12.75,4.03,4.97,3.23,4.13
2026-08-22,22.95,41.69,6.88,12.78,4.05,4.94,3.25,4.14
2026-08-21,22.97,41.68,6.84,12.81,4.07,4.92,3.27,4.14
2026-08-20,22.99,41.67,6.8,12.83,4.08,4.89,3.29,4.15
2026-08-19,23,41.66,6.77,12.86,4.09,4.86,3.31,4.15
2026-08-18,23.02,41.64,6.73,12.89,4.11,4.84,3.33,4.15
2026-08-17,23.04,41.63,6.69,12.92,4.13,4.81,3.36,4.15
2026-08-16,23.06,41.61,6.64,12.95,4.15,4.77,3.39,4.15
2026-08-15,23.09,41.59,6.59,12.99,4.17,4.74,3.42,4.15
2026-08-14,23.12,41.57,6.53,13.03,4.19,4.7,3.44,4.16
2026-08-13,23.14,41.55,6.48,13.07,4.21,4.66,3.47,4.17
2026-08-12,23.17,41.53,6.42,13.1,4.23,4.63,3.49,4.18
2026-08-11,23.19,41.51,6.37,13.14,4.25,4.59,3.51,4.19
2026-08-10,23.22,41.49,6.32,13.17,4.27,4.56,3.54,4.2
2026-08-09,23.24,41.48,6.28,13.2,4.29,4.53,3.57,4.22
2026-08-08,23.25,41.46,6.25,13.22,4.3,4.5,3.6,4.23
2026-08-07,23.27,41.44,6.21,13.24,4.31,4.48,3.64,4.24
2026-08-06,23.28,41.42,6.18,13.25,4.31,4.45,3.68,4.25
2026-08-05,23.29,41.4,6.14,13.27,4.32,4.42,3.72,4.27
2026-08-04,23.3,41.37,6.11,13.29,4.32,4.39,3.76,4.28
2026-08-03,23.31,41.34,6.07,13.3,4.32,4.36,3.79,4.3
2026-08-02,23.31,41.3,6.03,13.31,4.33,4.33,3.82,4.32
2026-08-01,23.32,41.27,6,13.33,4.33,4.31,3.85,4.35
2026-07-31,23.33,41.25,5.97,13.34,4.33,4.28,3.87,4.38
2026-07-30,23.34,41.22,5.93,13.35,4.33,4.25,3.88,4.41
2026-07-29,23.35,41.2,5.91,13.36,4.33,4.23,3.89,4.44
2026-07-28,23.36,41.18,5.88,13.36,4.34,4.21,3.91,4.46
2026-07-27,23.38,41.17,5.86,13.37,4.34,4.19,3.93,4.48
2026-07-26,23.39,41.16,5.84,13.37,4.34,4.17,3.94,4.5
2026-07-25,23.4,41.15,5.83,13.37,4.34,4.15,3.96,4.52
2026-07-24,23.41,41.14,5.82,13.37,4.33,4.14,3.97,4.54
2026-07-23,23.42,41.13,5.81,13.36,4.32,4.12,3.98,4.56
2026-07-22,23.43,41.12,5.81,13.35,4.31,4.11,3.99,4.59
2026-07-21,23.43,41.11,5.8,13.34,4.29,4.1,4,4.61
2026-07-20,23.44,41.1,5.8,13.32,4.28,4.09,4,4.64
2026-07-19,23.44,41.09,5.8,13.31,4.27,4.08,4,4.66
2026-07-18,23.45,41.09,5.8,13.3,4.26,4.07,3.99,4.67
2026-07-17,23.46,41.08,5.8,13.29,4.25,4.06,3.97,4.68
2026-07-16,23.47,41.08,5.8,13.28,4.24,4.05,3.96,4.68
2026-07-15,23.49,41.08,5.79,13.27,4.24,4.04,3.94,4.69
2026-07-14,23.5,41.08,5.79,13.26,4.24,4.03,3.92,4.7
2026-07-13,23.52,41.1,5.79,13.25,4.23,4.02,3.89,4.71
2026-07-12,23.53,41.11,5.8,13.23,4.22,4.01,3.87,4.72
2026-07-11,23.53,41.13,5.81,13.21,4.2,4,3.85,4.73
2026-07-10,23.54,41.15,5.83,13.19,4.19,4,3.83,4.73
2026-07-09,23.55,41.18,5.85,13.17,4.17,4,3.81,4.73
2026-07-08,23.56,41.2,5.86,13.14,4.15,3.99,3.8,4.73
2026-07-07,23.57,41.23,5.88,13.12,4.14,3.99,3.78,4.72
2026-07-06,23.58,41.25,5.9,13.1,4.12,3.99,3.76,4.7
2026-07-05,23.59,41.27,5.91,13.08,4.11,3.98,3.73,4.68
2026-07-04,23.6,41.29,5.92,13.06,4.11,3.98,3.7,4.65
2026-07-03,23.62,41.3,5.93,13.05,4.11,3.97,3.66,4.62
2026-06-27,23.77,41.49,6.01,12.96,4.12,3.97,3.43,4.41
2026-06-26,23.8,41.54,6.03,12.94,4.13,3.97,3.39,4.38
2026-06-25,23.83,41.59,6.05,12.92,4.13,3.97,3.36,4.36
2026-06-24,23.86,41.63,6.07,12.91,4.14,3.97,3.33,4.33
2026-06-23,23.89,41.68,6.08,12.89,4.14,3.97,3.3,4.31
2026-06-22,23.93,41.72,6.1,12.87,4.15,3.98,3.28,4.28
2026-06-21,23.96,41.76,6.12,12.86,4.16,3.98,3.26,4.25
2026-06-20,23.99,41.79,6.14,12.84,4.17,3.98,3.24,4.21
2026-06-19,24.02,41.81,6.15,12.83,4.18,3.98,3.22,4.17
2026-06-18,24.05,41.83,6.17,12.82,4.2,3.98,3.19,4.13
2026-06-17,24.08,41.83,6.18,12.8,4.21,3.98,3.17,4.1
2026-06-16,24.11,41.84,6.19,12.79,4.23,3.98,3.14,4.07
2026-06-15,24.15,41.85,6.2,12.78,4.25,3.98,3.12,4.04
2026-06-14,24.19,41.86,6.21,12.77,4.28,3.98,3.1,4.03
2026-06-13,24.24,41.88,6.23,12.76,4.3,3.99,3.07,4.01
2026-06-12,24.28,41.9,6.24,12.74,4.33,3.99,3.06,3.99
2026-06-11,24.33,41.92,6.26,12.73,4.35,3.99,3.04,3.97
2026-06-10,24.38,41.94,6.27,12.72,4.38,3.99,3.03,3.95
2026-06-09,24.43,41.95,6.29,12.71,4.41,3.99,3.02,3.94
2026-06-08,24.48,41.96,6.3,12.7,4.44,4,3.01,3.92
2026-06-07,24.52,41.95,6.31,12.69,4.47,4,3,3.91
2026-06-06,24.56,41.94,6.32,12.68,4.5,4,2.99,3.9
2026-06-05,24.59,41.92,6.33,12.67,4.52,4,2.98,3.9
2026-06-04,24.62,41.89,6.33,12.67,4.55,4,2.97,3.9
2026-06-03,24.65,41.86,6.34,12.66,4.58,4,2.96,3.9
2026-06-02,24.68,41.82,6.35,12.65,4.62,4,2.96,3.9
2026-06-01,24.71,41.77,6.35,12.65,4.65,4,2.95,3.9
2026-05-31,24.74,41.72,6.36,12.64,4.69,4,2.94,3.91
2026-05-30,24.77,41.67,6.37,12.63,4.73,4,2.94,3.91
2026-05-29,24.8,41.62,6.38,12.62,4.77,4,2.94,3.92
2026-05-28,24.83,41.56,6.38,12.62,4.81,4,2.94,3.93
2026-05-27,24.85,41.5,6.39,12.61,4.85,4,2.94,3.94
2026-05-26,24.88,41.45,6.39,12.61,4.89,4,2.95,3.95
2026-05-25,24.9,41.39,6.4,12.6,4.92,4,2.95,3.97
2026-05-24,24.92,41.33,6.4,12.6,4.95,4,2.96,3.99
2026-05-23,24.94,41.27,6.4,12.6,4.98,4,2.96,4.01
2026-05-22,24.96,41.2,6.4,12.6,5.02,4,2.97,4.04
2026-05-21,24.97,41.11,6.39,12.61,5.06,4,2.97,4.06
2026-05-20,24.98,41.01,6.39,12.61,5.1,4,2.97,4.08
2026-05-19,25,40.91,6.38,12.62,5.14,4,2.97,4.1
2026-05-18,25.01,40.81,6.38,12.62,5.18,4,2.97,4.12
2026-05-17,25.02,40.7,6.37,12.63,5.23,4,2.97,4.15
2026-05-16,25.03,40.6,6.37,12.63,5.27,4,2.97,4.18
2026-05-15,25.04,40.5,6.36,12.64,5.31,4,2.98,4.21
2026-05-14,25.05,40.41,6.36,12.64,5.34,4,2.98,4.25
2026-05-13,25.06,40.32,6.35,12.65,5.38,4,2.99,4.28
2026-05-12,25.07,40.25,6.35,12.65,5.41,4,NA,4.31
2026-05-11,25.08,40.18,6.34,12.66,5.44,4,NA,4.34
2026-05-10,25.08,40.09,6.33,12.67,5.47,4,NA,4.37
2026-05-09,25.09,39.99,6.32,12.68,5.51,4.01,3,4.4
2026-05-08,25.09,39.89,6.3,12.7,5.54,4.01,3.01,4.43
2026-05-07,25.09,39.79,6.28,12.72,5.58,4.02,3.01,4.47
2026-05-06,25.09,39.68,6.26,12.74,5.62,4.02,3.01,4.51
2026-05-05,25.08,39.57,6.24,12.76,5.66,4.02,3.01,4.55
2026-05-04,25.08,39.46,6.22,12.78,5.7,4.03,3.01,4.58
2026-05-03,25.08,39.36,6.2,12.8,5.73,4.03,3.02,4.62
2026-05-02,25.08,39.27,6.18,12.82,5.76,4.03,3.02,4.65
2026-05-01,25.09,39.19,6.17,12.83,5.79,4.04,3.03,4.68
2026-04-30,25.09,39.12,6.17,12.83,5.81,4.03,3.03,4.7
2026-04-29,25.1,39.05,6.16,12.84,5.83,4.03,3.04,4.73
2026-04-28,25.1,38.97,6.15,12.85,5.86,4.03,3.04,4.76
2026-04-27,25.09,38.89,6.14,12.86,5.88,4.04,3.05,4.79
2026-04-26,25.09,38.8,6.12,12.88,5.91,4.04,3.05,4.82
2026-04-25,25.08,38.71,6.1,12.9,5.93,4.04,3.05,4.85
2026-04-24,25.08,38.61,6.07,12.93,5.96,4.04,3.04,4.87
2026-04-23,25.07,38.52,6.05,12.95,5.99,4.05,3.04,4.9
2026-04-22,25.07,38.43,6.04,12.96,6.01,4.05,3.04,4.92
2026-04-21,25.06,38.35,6.02,12.98,6.03,4.05,3.04,4.93
2026-04-20,25.06,38.28,6.01,12.99,6.05,4.05,3.04,4.95
2026-04-19,25.06,38.21,6.01,12.99,6.06,4.04,3.04,4.95
2026-04-18,25.07,38.17,6.01,12.99,6.07,4.04,3.04,4.96
2026-04-17,25.07,38.13,6.02,12.98,6.07,4.03,3.04,4.97
2026-04-16,25.08,38.09,6.03,12.97,6.08,4.02,3.03,4.98
2026-04-15,25.08,38.05,6.03,12.97,6.08,4.01,3.03,4.98
2026-04-14,25.08,38.01,6.04,12.96,6.07,4.01,3.02,5
2026-04-13,25.08,37.98,6.05,12.95,6.07,4,3.01,5.01
2026-04-12,25.08,37.95,6.06,12.94,6.06,3.99,3,5.03
2026-04-11,25.08,37.92,6.06,12.94,6.05,3.98,2.99,5.04
2026-04-10,25.08,37.9,6.07,12.93,6.04,3.97,2.97,5.05
2026-04-09,25.08,37.87,6.09,12.91,6.04,3.95,2.96,5.05
2026-04-08,25.09,37.85,6.1,12.9,6.03,3.94,2.95,5.06
2026-04-07,25.09,37.83,6.12,12.88,6.02,3.93,2.93,5.06
2026-04-06,25.1,37.82,6.14,12.86,6.01,3.92,2.92,5.07
2026-04-05,25.11,37.81,6.16,12.84,6,3.9,2.9,5.08
2026-04-04,25.13,37.82,6.2,12.8,5.98,3.88,2.89,5.1
2026-04-03,25.15,37.83,6.24,12.76,5.96,3.86,2.87,5.12
2026-04-02,25.16,37.86,6.28,12.72,5.93,3.84,2.86,5.14
2026-04-01,25.18,37.89,6.33,12.67,5.9,3.82,2.84,5.15
2026-03-31,25.2,37.93,6.38,12.62,5.87,3.79,2.82,5.17
2026-03-30,25.22,37.97,6.43,12.57,5.83,3.77,2.8,5.19
2026-03-29,25.25,38.01,6.47,12.53,5.8,3.74,2.78,5.21
2026-03-28,25.27,38.04,6.52,12.48,5.77,3.72,2.76,5.22
2026-03-27,25.28,38.07,6.57,12.43,5.74,3.69,2.74,5.24
2026-03-26,25.3,38.09,6.6,12.4,5.72,3.67,2.71,5.26
2026-03-25,25.32,38.11,6.64,12.36,5.7,3.66,2.69,5.29
2026-03-13,25.55,38.35,7.11,11.89,5.46,3.42,2.39,5.67
2026-03-12,25.57,38.38,7.15,11.85,5.44,3.4,2.37,5.7
2026-03-11,25.59,38.4,7.19,11.81,5.42,3.38,2.36,5.73
2026-03-10,25.61,38.43,7.23,11.77,5.4,3.36,2.34,5.76
2026-03-09,25.63,38.46,7.27,11.73,5.38,3.34,2.32,5.79
2026-03-08,25.65,38.48,7.31,11.69,5.36,3.32,2.31,5.81
2026-03-07,25.67,38.51,7.35,11.65,5.34,3.3,2.29,5.83
2026-03-06,25.69,38.53,7.38,11.62,5.32,3.29,2.27,5.85
2026-03-05,25.7,38.55,7.42,11.58,5.3,3.27,2.25,5.86
2026-03-04,25.72,38.57,7.45,11.55,5.28,3.25,2.24,5.88
2026-03-03,25.74,38.59,7.48,11.52,5.27,3.24,2.22,5.9
2026-03-02,25.75,38.61,7.51,11.49,5.25,3.23,2.21,5.91
2026-03-01,25.77,38.64,7.55,11.45,5.23,3.21,2.19,5.93
2026-02-28,25.79,38.67,7.59,11.41,5.21,3.19,2.18,5.94
2026-02-27,25.81,38.7,7.63,11.37,5.19,3.17,2.16,5.95
2026-02-26,25.83,38.73,7.67,11.33,5.17,3.15,2.15,5.97
2026-02-25,25.85,38.77,7.71,11.29,5.15,3.13,2.13,5.98
2026-02-24,25.87,38.8,7.75,11.25,5.13,3.12,2.11,5.99
2026-02-23,25.89,38.83,7.79,11.21,5.11,3.1,2.09,6
2026-02-22,25.91,38.86,7.83,11.18,5.09,3.08,2.08,6
2026-02-21,25.92,38.89,7.86,11.14,5.07,3.07,2.06,6.01
2026-02-20,25.94,38.91,7.89,11.12,5.06,3.05,2.04,6.02
2026-02-19,25.95,38.93,7.91,11.09,5.04,3.04,2.03,6.03
2026-02-18,25.96,38.94,7.93,11.07,5.03,3.03,2.02,6.03
2026-02-17,25.97,38.96,7.95,11.05,5.02,3.02,2.01,6.04
2026-02-16,25.99,38.97,7.97,11.02,5.01,3.01,2,6.04
2026-02-15,26,38.99,8,11,5,3,1.99,6.04
2026-02-14,26.01,39.01,8.02,10.97,4.99,2.98,1.98,6.05
2026-02-13,26.02,39.02,8.04,10.95,4.97,2.97,1.98,6.05
2026-02-12,26.04,39.04,8.06,10.92,4.96,2.96,1.97,6.05
2026-02-11,26.05,39.06,8.07,10.9,4.95,2.95,1.96,6.05
2026-02-10,26.06,39.07,8.09,10.88,4.94,2.94,1.95,6.06
2026-02-09,26.07,39.09,8.1,10.86,4.93,2.93,1.95,6.06
2026-02-08,26.08,39.11,8.11,10.84,4.92,2.92,1.94,6.05
2026-02-07,26.09,39.12,8.12,10.82,4.91,2.91,1.94,6.05
2026-02-06,26.1,39.13,8.12,10.81,4.9,2.9,1.93,6.05
2026-02-05,26.1,39.14,8.12,10.79,4.9,2.9,1.93,6.05
2026-02-04,26.11,39.16,8.12,10.78,4.89,2.89,1.93,6.06
2026-02-03,26.11,39.17,8.12,10.76,4.89,2.89,1.93,6.06
2026-02-02,26.11,39.19,8.11,10.75,4.88,2.88,1.93,6.07
2026-02-01,26.12,39.2,8.1,10.74,4.88,2.88,1.94,6.08
2026-01-31,26.12,39.22,8.09,10.72,4.87,2.87,1.94,6.09
2026-01-30,26.12,39.23,8.08,10.71,4.87,2.87,1.95,6.09
2026-01-29,26.12,39.25,8.06,10.7,4.86,2.86,1.95,6.1
2026-01-28,26.12,39.26,8.04,10.69,4.86,2.86,1.96,6.1
2026-01-27,26.12,39.28,8.02,10.67,4.86,2.86,1.97,6.1
2025-11-29,25.82,40.1,5.98,10.64,5,3,2.86,6
2025-11-28,25.83,40.1,5.97,10.65,5,3,2.87,6
2025-11-27,25.84,40.1,5.97,10.67,5,3,2.88,6
2025-11-26,25.85,40.09,5.97,10.69,5,3,2.89,6
2025-11-25,25.86,40.09,5.97,10.71,5,3,2.9,6
2025-11-24,25.87,40.08,5.97,10.73,5,3,2.92,6
2025-11-23,25.88,40.07,5.98,10.76,5,3,2.93,6
2025-11-22,25.89,40.06,5.99,10.78,5,3,2.94,6
2025-11-21,25.9,40.05,5.99,10.8,5,3,2.95,6
2025-11-20,25.91,40.04,6,10.83,5,3,2.96,6
2025-11-19,25.93,40.04,6,10.85,5,3,2.97,6
2025-11-18,25.94,40.03,6,10.87,5,3,2.98,6
2025-11-17,25.95,40.02,6,10.9,5,3,2.98,6
2025-11-16,25.96,40.02,6.01,10.92,5,3,2.99,6
2025-11-15,25.97,40.01,6.01,10.94,5,3,2.99,6
2025-11-14,25.98,40,6.01,10.96,5,3,2.99,6
2025-11-13,25.99,40,6.02,10.99,5,3,3,6
2025-11-12,26.01,39.99,6.03,11.02,5,3,3,6
2025-11-11,26.02,39.98,6.03,11.05,5,3,3.01,6
2025-11-10,26.03,39.97,6.04,11.08,5,3,3.01,6
2025-11-09,26.05,39.96,6.05,11.1,5,3,3.01,6
2025-11-08,26.06,39.95,6.06,11.13,5,3,3.02,6
2025-11-07,26.07,39.93,6.07,11.16,5,3,3.02,6
2025-11-06,26.09,39.92,6.08,11.19,5,3,3.02,6
2025-11-05,26.1,39.91,6.09,11.22,5,3,3.02,6
2025-11-04,26.11,39.91,6.1,11.25,5,3,3.02,6
2025-11-03,26.11,39.91,6.11,11.29,5,3,3.02,6
2025-11-02,26.11,39.92,6.13,11.33,5,3,3.02,6
2025-11-01,26.11,39.93,6.15,11.38,5,3,3.02,6
2025-10-31,26.1,39.94,6.18,11.44,5,3,3.02,6
2025-10-30,26.09,39.96,6.21,11.49,5,3,3.02,6
2025-10-29,26.08,39.97,6.23,11.55,5,3,3.02,6
2025-10-28,26.07,39.99,6.26,11.61,5,3,3.02,6
2025-10-27,26.07,40,6.29,11.66,5,3,3.02,6
2025-10-26,26.07,40,6.31,11.71,5,3,3.02,6
2025-10-25,26.07,40,6.34,11.75,5,3,3.02,6
2025-10-24,26.09,39.99,6.36,11.79,5,3,3.01,6
2025-10-23,26.1,39.98,6.37,11.83,5,3,3.01,6
2025-10-22,26.11,39.98,6.39,11.87,5,3,3,6
2025-10-21,26.11,39.97,6.41,11.91,5,3,3,6
2025-10-20,26.12,39.97,6.43,11.96,5,3,2.99,6
2025-10-19,26.12,39.97,6.45,12.01,5,3,2.98,6
2025-10-18,26.13,39.97,6.48,12.05,5,3,2.98,6
2025-10-17,26.13,39.97,6.5,12.1,5,3,2.97,6
2025-10-16,26.14,39.97,6.52,12.15,5,3,2.97,6
2025-10-15,26.15,39.96,6.54,12.19,5,3,2.96,6
2025-10-14,26.17,39.94,6.56,12.23,5,3,NA,6
2025-10-13,26.19,39.92,6.58,12.26,5,3,NA,6
2025-10-12,26.21,39.9,6.59,12.3,5,3,NA,6
2025-10-11,26.24,39.86,6.61,12.33,5,3,NA,6
2025-10-10,26.27,39.83,6.63,12.36,5,3,NA,6
2025-10-09,26.3,39.8,6.64,12.39,5,3,NA,6
2025-10-08,26.33,39.77,6.66,12.42,5,3,NA,6
2025-10-07,26.36,39.74,6.68,12.46,5,3,NA,6
2025-10-06,26.39,39.7,6.7,12.49,5,3,NA,6
2025-10-05,26.42,39.67,6.72,12.52,5,3,NA,6
2025-10-04,26.45,39.63,6.73,12.55,5,3,NA,6
2025-10-03,26.49,39.59,6.75,12.58,5,3,NA,6
2025-10-02,26.53,39.54,6.77,12.6,5,3,NA,6
2025-10-01,26.57,39.49,6.78,12.63,5,3,NA,6
2025-09-30,26.61,39.44,6.8,12.65,5,3,NA,6
2025-09-29,26.66,39.39,6.82,12.68,5,3,NA,6
2025-09-28,26.69,39.35,6.84,12.71,5,3,NA,6
2025-09-27,26.73,39.3,6.86,12.75,5,3,NA,5.99
2025-09-26,26.77,39.26,6.88,12.79,5,3,NA,5.99
2025-09-25,26.81,39.22,6.9,12.83,5,3,NA,5.98
2025-09-24,26.85,39.17,6.92,12.86,5,3,NA,5.98
2025-09-23,26.89,39.12,6.94,12.9,5,3,NA,5.98
2025-09-22,26.94,39.07,6.96,12.93,5,3,NA,5.98
2025-09-21,26.99,39.01,6.98,12.96,5,3,NA,5.98
2025-09-20,27.04,38.94,7,12.98,5,3,NA,5.99
2025-09-19,27.1,38.87,7.01,12.99,5,3,NA,6
2025-09-18,27.17,38.79,7.02,13,5,3,NA,6
2025-09-17,27.23,38.71,7.03,13.01,5,3,NA,6.01
2025-09-16,27.29,38.63,7.05,13.02,5,3,NA,6.02
2025-09-15,27.36,38.56,7.06,13.03,5,3,NA,6.02
2025-09-14,27.42,38.47,7.07,13.04,5,3,NA,6.04
2025-09-13,27.49,38.39,7.08,13.05,5,3,NA,6.05
2025-09-12,27.56,38.31,7.09,13.05,5,3,NA,6.07
2025-09-11,27.63,38.22,7.1,13.06,5,3,NA,6.09
2025-09-10,27.7,38.13,7.11,13.06,5,3,NA,6.11
2025-09-09,27.78,38.04,7.12,13.06,5,3,NA,6.14
2025-09-08,27.86,37.94,7.13,13.06,5,3,NA,6.16
2025-09-07,27.94,37.84,7.14,13.05,5,3,NA,6.2
2025-09-06,28.02,37.73,7.15,13.04,5,3,NA,6.23
2025-09-05,28.11,37.62,7.15,13.03,5,3,NA,6.27
2025-09-04,28.21,37.5,7.16,13.02,5,3,NA,6.3
2025-08-03,32.15,32.4,7.08,11.7,5,3,2.1,7.72
2025-08-02,32.25,32.27,7.07,11.66,5,3,2.09,7.74
2025-08-01,32.36,32.13,7.07,11.63,5,3,2.08,7.76
2025-07-31,32.45,32.01,7.07,11.59,5,3,2.08,7.79
2025-07-30,32.55,31.89,7.06,11.56,5,3,2.07,7.81
2025-07-29,32.64,31.77,7.06,11.52,5,3,2.06,7.83
2025-07-28,32.72,31.66,7.06,11.49,5,3,2.06,7.85
2025-07-27,32.8,31.56,7.05,11.47,5,3,2.05,7.87
2025-07-26,32.87,31.46,7.05,11.44,5,3,2.05,7.89
2025-07-25,32.94,31.37,7.05,11.42,5,3,2.04,7.91
2025-07-24,33.02,31.28,7.05,11.39,5,3,2.04,7.92
2025-07-23,33.09,31.18,7.05,11.37,5,3,2.03,7.94
2025-07-22,33.17,31.08,7.05,11.34,5,3,2.03,7.95
2025-07-21,33.24,30.99,7.04,11.32,5,3,2.02,7.97
2025-07-20,33.31,30.89,7.04,11.29,5,3,2.02,7.98
2025-07-19,33.39,30.8,7.04,11.26,5,3,2.01,7.99
2025-07-18,33.46,30.71,7.04,11.24,5,3,2.01,8
2025-07-17,33.53,30.62,7.03,11.21,5,3,2,8.01
2025-07-16,33.59,30.53,7.03,11.19,5,3,2,8.02
2025-07-15,33.65,30.45,7.03,11.16,5,3,1.99,8.03
2025-07-14,33.71,30.38,7.03,11.14,5,3,1.99,8.04
2025-07-13,33.77,30.31,7.02,11.12,5,3,1.99,8.04
2025-07-12,33.82,30.24,7.02,11.1,5,3,1.99,8.05
2025-07-11,33.87,30.17,7.02,11.08,5,3,1.99,8.05
2025-07-10,33.93,30.1,7.02,11.06,5,3,1.99,8.06
2025-07-09,33.98,30.03,7.01,11.04,5,3,1.99,8.06
2025-07-08,34.02,29.97,7.01,11.02,5,3,1.99,8.06
2025-07-07,34.07,29.91,7.01,11,5,3,1.99,8.06
2025-07-06,34.11,29.85,7,10.98,5,3,1.99,8.06
2025-07-05,34.16,29.8,7,10.96,5,3,1.99,8.06
2025-07-04,34.19,29.75,7,10.94,5,3,1.99,8.06
2025-07-03,34.23,29.71,7,10.93,5,3,2,8.06
2025-07-02,34.26,29.67,7,10.91,5,3,2,8.05
2025-07-01,34.29,29.62,7,10.9,5,3,2,8.05
2025-06-30,34.33,29.57,7,10.87,5,3,2,8.04
2025-06-29,34.37,29.51,7,10.84,4.99,3,2.01,8.04
2025-06-28,34.41,29.45,7,10.8,4.99,3,2.01,8.03
2025-06-27,34.46,29.39,7.01,10.75,4.99,3,2.01,8.02
2025-06-26,34.51,29.32,7.01,10.71,4.98,3,2.01,8.01
2025-06-25,34.55,29.25,7.02,10.66,4.98,3,2.02,8
2025-06-24,34.6,29.19,7.02,10.61,4.97,3,2.02,7.99
2025-06-23,34.64,29.13,7.03,10.57,4.97,3,2.02,7.97
2025-06-22,34.68,29.07,7.04,10.53,4.96,3,2.03,7.96
2025-06-21,34.71,29.03,7.04,10.49,4.96,3,2.03,7.94
2025-06-20,34.73,28.99,7.04,10.46,4.96,3,2.04,7.93
2025-06-19,34.75,28.96,7.05,10.43,4.95,3,2.04,7.91
2025-03-02,32.16,31.02,8.06,4.56,3.94,3,3.9,13.95
2025-03-01,32.15,31.02,8.06,4.52,3.94,3,3.91,13.97
2025-02-28,32.13,31.03,8.06,4.49,3.94,3,3.92,13.98
2025-02-27,32.12,31.04,8.06,4.45,3.94,3,3.93,13.98
2025-02-26,32.1,31.04,8.06,4.42,3.94,3,3.93,13.99
2025-02-25,32.09,31.05,8.06,4.39,3.94,3,3.94,13.99
2025-02-24,32.08,31.05,8.06,4.36,3.94,3,3.95,13.99
2025-02-23,32.07,31.05,8.05,4.33,3.95,3,3.95,13.98
2025-02-22,32.06,31.05,8.05,4.3,3.95,3,3.96,13.98
2025-02-21,32.06,31.05,8.05,4.27,3.95,3,3.96,13.97
2025-02-20,32.05,31.04,8.04,4.24,3.96,3,3.97,13.96
2025-02-19,32.04,31.04,8.04,4.22,3.96,3,3.97,13.95
2025-02-18,32.04,31.03,8.03,4.19,3.97,3,3.97,13.95
2025-02-17,32.03,31.03,8.03,4.17,3.97,3,3.98,13.94
2025-02-16,32.03,31.02,8.02,4.14,3.98,3,3.98,13.94
2025-02-15,32.03,31.01,8.01,4.12,3.99,3,3.98,13.93
2025-02-14,32.02,31.01,8.01,4.09,3.99,3,3.99,13.93
2025-02-13,32.02,31,8,4.07,4,3,3.99,13.93
2025-02-12,32.01,30.99,7.99,4.04,4.01,3,3.99,13.93
2025-02-11,32.01,30.98,7.98,4.02,4.02,3,3.99,13.93
2025-02-10,32.01,30.98,7.98,4,4.02,3,4,13.93
2025-02-09,32,30.97,7.97,3.97,4.03,3,4,13.94
2025-02-08,32,30.96,7.96,3.95,4.04,3,4,13.94
2025-02-07,31.99,30.96,7.96,3.93,4.04,3,4,13.95
2025-02-06,31.99,30.95,7.95,3.91,4.05,3,4.01,13.95
2025-02-05,31.99,30.94,7.94,3.89,4.06,3,4.01,13.96
2025-02-04,31.98,30.93,7.93,3.87,4.07,3,4.01,13.97
2025-02-03,31.98,30.92,7.92,3.85,4.08,3,4.01,13.98
2025-02-02,31.98,30.91,7.91,3.83,4.09,3,4.01,13.99
2025-02-01,31.98,30.9,7.9,3.81,4.1,3,4.01,14
2025-01-31,31.97,30.89,7.89,3.79,4.11,3,4.02,14.02
2025-01-30,31.97,30.88,7.88,3.77,4.12,3,4.02,14.03
2025-01-29,31.97,30.87,7.87,3.75,4.13,3,4.02,14.05
2025-01-28,31.97,30.86,7.86,3.73,4.14,3,4.02,14.06
2025-01-27,31.97,30.85,7.85,3.71,4.15,3,4.02,14.08
2025-01-26,31.97,30.84,7.84,3.7,4.16,3,4.02,14.1
2025-01-25,31.97,30.83,7.82,3.69,4.17,3,4.02,14.11
2025-01-24,31.98,30.81,7.81,3.68,4.19,3,4.01,14.13
2025-01-23,31.98,30.79,7.79,3.68,4.21,3,4.01,14.16
2025-01-22,31.99,30.78,7.77,3.68,4.22,3,4.01,14.18
2025-01-21,32,30.76,7.75,3.67,4.24,3,4.01,14.21
2025-01-20,32,30.74,7.73,3.67,4.26,2.99,4,14.23
2025-01-19,32.01,30.72,7.71,3.67,4.28,2.99,4,14.26
2025-01-18,32.01,30.71,7.69,3.66,4.29,2.99,4,14.28
2025-01-17,32.02,30.69,7.68,3.65,4.31,2.99,4,14.31
2025-01-16,32.02,30.68,7.66,3.64,4.32,2.99,4,14.34
2024-12-20,32.09,30.32,7.26,3.25,4.68,2.97,4,15.62
2024-12-19,32.09,30.3,7.24,3.24,4.7,2.97,4,15.66
2024-12-18,32.09,30.29,7.23,3.22,4.71,2.97,4,15.7
2024-12-17,32.09,30.28,7.22,3.21,4.72,2.97,4,15.74
2024-12-16,32.09,30.26,7.2,3.2,4.74,2.97,4,15.77
2024-12-15,32.09,30.25,7.19,3.19,4.75,2.97,4,15.8
2024-12-14,32.09,30.24,7.18,3.18,4.76,2.97,4,15.82
2024-12-13,32.09,30.23,7.17,3.17,4.77,2.97,4,15.84
2024-12-12,32.09,30.21,7.16,3.16,4.79,2.97,4,15.86
2024-12-11,32.08,30.2,7.15,3.15,4.8,2.97,4,15.88
2024-12-10,32.08,30.19,7.14,3.14,4.81,2.97,4,15.9
2024-12-09,32.07,30.18,7.13,3.13,4.82,2.98,4,15.92
2024-12-08,32.07,30.17,7.12,3.12,4.83,2.98,4,15.94
2024-12-07,32.06,30.15,7.11,3.11,4.85,2.98,4,15.96
2024-12-06,32.06,30.14,7.1,3.1,4.86,2.98,4,15.97
2024-12-05,32.06,30.13,7.09,3.09,4.87,2.98,4,15.99
2024-12-04,32.05,30.11,7.08,3.08,4.89,2.98,4,16
2024-12-03,32.05,30.1,7.07,3.07,4.9,2.98,4,16.01
2024-12-02,32.04,30.09,7.06,3.06,4.91,2.99,4,16.02
2024-12-01,32.04,30.07,7.05,3.05,4.93,2.99,4,16.03
2024-11-30,32.03,30.06,7.04,3.04,4.94,2.99,4,16.04
2024-11-29,32.02,30.05,7.03,3.03,4.95,2.99,4,16.05
2024-11-28,32.02,30.04,7.03,3.03,4.96,2.99,4,16.05
2024-11-27,32.01,30.03,7.02,3.02,4.97,3,4,16.06
2024-11-26,32,30.02,7.01,3.01,4.98,3,4,16.06
2024-11-25,31.99,30,7.01,3.01,5,3,4,16.07
2024-11-24,31.99,29.99,7,3,5.01,3,4,16.07
2024-11-23,31.98,29.98,6.99,2.99,5.02,3.01,4,16.07
2024-11-22,31.97,29.97,6.99,2.99,5.03,3.01,4,16.07
2024-11-21,31.96,29.95,6.98,2.98,5.05,3.01,4,16.07
2024-11-20,31.96,29.94,6.97,2.97,5.06,3.01,4,16.07
2024-11-19,31.95,29.93,6.96,2.96,5.07,3.02,4,16.07
2024-11-18,31.94,29.92,6.96,2.96,5.08,3.02,4,16.07
2024-11-17,31.93,29.91,6.95,2.95,5.09,3.02,4,16.06
2024-11-16,31.92,29.9,6.95,2.95,5.1,3.03,4,16.05
2024-11-15,31.91,29.89,6.95,2.95,5.11,3.03,4,16.05
2024-11-14,31.89,29.88,6.95,2.95,5.12,3.03,4,16.06
2024-11-13,31.88,29.87,6.95,2.94,5.13,3.04,4,16.07
2024-11-12,31.86,29.86,6.95,2.94,5.14,3.04,4,16.09
2024-11-11,31.84,29.84,6.95,2.94,5.15,3.05,4,16.1
2024-11-10,31.82,29.83,6.95,2.94,5.16,3.06,4,16.12
2024-11-09,31.8,29.82,6.95,2.94,5.17,3.06,4,16.14
2024-11-08,31.78,29.81,6.96,2.95,5.18,3.07,4,16.15
2024-11-07,31.75,29.8,6.96,2.95,5.19,3.07,4,16.16
2024-11-06,31.73,29.79,6.97,2.95,5.2,3.08,4,16.16
2024-11-05,31.7,29.77,6.98,2.95,5.21,3.09,4,16.17
2024-08-19,28.79,28.94,8.06,3.76,5.88,3.88,4,15.9
2024-08-18,28.79,28.95,8.05,3.78,5.89,3.89,4,15.92
2024-08-17,28.79,28.95,8.05,3.79,5.89,3.89,4,15.94
2024-08-16,28.8,28.95,8.05,3.81,5.9,3.9,4,15.96
2024-08-15,28.81,28.95,8.05,3.82,5.91,3.91,4,15.99
2024-08-14,28.82,28.96,8.04,3.84,5.92,3.92,4,16.01
2024-08-13,28.83,28.96,8.04,3.86,5.93,3.93,4,16.04
2024-08-12,28.84,28.97,8.03,3.87,5.94,3.94,4,16.07
2024-08-11,28.86,28.97,8.03,3.89,5.94,3.94,4,16.09
2024-08-10,28.88,28.98,8.02,3.91,5.95,3.95,4,16.11
2024-08-09,28.89,28.99,8.01,3.93,5.95,3.95,4,16.13
2024-08-08,28.91,29,8,3.94,5.96,3.96,4,16.14
2024-08-07,28.93,29.01,7.99,3.96,5.96,3.96,4,16.15
2024-08-06,28.94,29.03,7.97,3.97,5.95,3.95,4,16.15
2024-08-05,28.96,29.04,7.96,3.99,5.95,3.95,4,16.15
2024-08-04,28.98,29.06,7.94,4,5.95,3.95,4,16.15
2024-08-03,29.01,29.08,7.92,4.02,5.95,3.95,4,16.15
2024-08-02,29.04,29.1,7.9,4.04,5.94,3.94,4,16.14
2024-08-01,29.06,29.12,7.88,4.05,5.94,3.94,4,16.12
2024-07-31,29.09,29.14,7.86,4.07,5.94,3.94,4,16.11
2024-07-30,29.12,29.15,7.85,4.09,5.94,3.94,4,16.09
2024-07-29,29.15,29.17,7.83,4.11,5.94,3.94,4,16.06
2024-07-28,29.19,29.19,7.81,4.13,5.93,3.93,4,16.04
2024-07-27,29.22,29.21,7.79,4.14,5.93,3.93,4,16.01
2024-07-26,29.25,29.23,7.77,4.16,5.93,3.93,4,15.98
2024-07-25,29.28,29.25,7.75,4.18,5.93,3.93,4,15.95
2024-07-24,29.32,29.27,7.73,4.19,5.93,3.93,4,15.91
2024-07-23,29.35,29.29,7.71,4.21,5.93,3.93,4,15.87
2024-07-22,29.39,29.3,7.7,4.23,5.93,3.93,4,15.82
2024-07-21,29.42,29.32,7.68,4.25,5.93,3.93,4,15.78
2024-07-20,29.46,29.34,7.66,4.27,5.93,3.93,4,15.73
2024-07-19,29.5,29.35,7.65,4.28,5.93,3.93,4,15.67
2024-07-18,29.53,29.37,7.63,4.3,5.93,3.93,4,15.62
2024-07-17,29.57,29.38,7.62,4.32,5.93,3.93,4,15.56
2024-07-16,29.61,29.4,7.6,4.34,5.94,3.94,4,15.5
2024-07-15,29.65,29.41,7.59,4.35,5.94,3.94,4,15.44
2024-07-14,29.68,29.43,7.57,4.37,5.94,3.94,4,15.37
2024-07-13,29.72,29.44,7.56,4.39,5.95,3.95,4,15.3
2024-07-12,29.76,29.45,7.55,4.4,5.95,3.95,4,15.23
2024-07-11,29.8,29.46,7.54,4.42,5.96,3.96,4,15.15
2024-07-10,29.85,29.48,7.52,4.44,5.97,3.97,4,15.07
2024-07-09,29.89,29.49,7.51,4.46,5.97,3.97,4,14.99
2024-07-08,29.94,29.5,7.5,4.48,5.98,3.98,4,14.91
2024-07-07,29.98,29.51,7.49,4.5,5.99,3.99,4,14.82
2024-07-06,30.02,29.52,7.48,4.51,5.99,3.99,4,14.73
2024-07-05,30.07,29.53,7.47,4.53,6,4,4,14.63
2024-07-04,30.11,29.54,7.46,4.55,6.01,4.01,4,14.52
2024-07-03,30.16,29.55,7.45,4.57,6.02,4.02,4,14.41
2024-07-02,30.2,29.55,7.45,4.58,6.03,4.03,4,14.3
2024-07-01,30.24,29.56,7.44,4.6,6.04,4.04,4,14.18
2024-06-30,30.3,29.57,7.43,4.62,6.05,4.05,4,14.08
2024-06-29,30.35,29.58,7.42,4.64,6.06,4.06,4,13.97
2024-06-28,30.41,29.6,7.4,4.67,6.07,4.07,4,13.86
2024-06-27,30.48,29.61,7.39,4.69,6.09,4.09,4,13.74
2024-06-26,30.54,29.62,7.38,4.72,6.1,4.1,4,13.61
2024-06-25,30.61,29.64,7.36,4.75,6.11,4.11,4,13.46
2024-06-24,30.67,29.65,7.35,4.77,6.13,4.13,4,13.32
2024-06-23,30.73,29.66,7.34,4.8,6.14,4.14,4,13.18
2024-06-22,30.79,29.66,7.34,4.82,6.15,4.15,4,13.04
2024-06-21,30.84,29.67,7.33,4.84,6.17,4.17,4,12.92
2024-06-20,30.89,29.67,7.33,4.85,6.18,4.18,4,12.8
2024-06-19,30.94,29.67,7.33,4.87,6.2,4.2,4,12.69
2024-06-18,30.98,29.67,7.33,4.88,6.22,4.22,4,12.58
2024-06-17,31.03,29.66,7.34,4.9,6.24,4.24,4,12.46
2024-06-16,31.08,29.65,7.35,4.91,6.26,4.26,4,12.34
2024-06-15,31.12,29.65,7.35,4.92,6.28,4.28,4,12.22
2024-06-14,31.17,29.64,7.36,4.94,6.3,4.3,4,12.1
2024-06-13,31.22,29.62,7.38,4.95,6.32,4.32,4,11.98
2024-06-02,31.67,29.46,7.54,5.05,6.58,4.58,4,10.78
2024-06-01,31.71,29.45,7.55,5.05,6.6,4.6,4,10.71
2024-05-31,31.74,29.44,7.56,5.06,6.62,4.62,4,10.64
2024-05-30,31.77,29.43,7.57,5.06,6.64,4.64,4,10.57
2024-05-29,31.79,29.41,7.59,5.07,6.65,4.65,4,10.51
2024-05-28,31.82,29.4,7.6,5.07,6.67,4.67,4,10.45
2024-05-27,31.84,29.39,7.61,5.08,6.69,4.69,4,10.4
2024-05-26,31.86,29.38,7.62,5.08,6.7,4.7,4,10.34
2024-05-25,31.88,29.36,7.64,5.08,6.72,4.72,4,10.29
2024-05-24,31.9,29.35,7.65,5.08,6.74,4.74,4,10.24
2024-05-23,31.92,29.33,7.67,5.09,6.75,4.75,4,10.19
2024-05-22,31.94,29.32,7.68,5.09,6.77,4.77,4,10.15
2024-05-21,31.96,29.3,7.7,5.09,6.79,4.79,4,10.11
2024-05-20,31.98,29.29,7.71,5.09,6.8,4.8,4,10.07
2024-05-19,31.99,29.27,7.73,5.09,6.82,4.82,4,10.03
2024-05-18,32.01,29.26,7.74,5.09,6.83,4.83,4,10
2024-05-17,32.02,29.24,7.76,5.09,6.85,4.85,4,9.96
2024-05-16,32.03,29.23,7.77,5.09,6.86,4.86,4,9.94
2024-05-15,32.04,29.21,7.79,5.08,6.87,4.87,4,9.91
2024-05-14,32.05,29.2,7.8,5.08,6.89,4.89,4,9.89
2024-05-13,32.06,29.18,7.82,5.08,6.9,4.9,4,9.87
2024-05-12,32.06,29.16,7.84,5.08,6.91,4.91,4,9.85
2024-05-11,32.07,29.15,7.85,5.07,6.93,4.93,4,9.84
2024-05-10,32.08,29.13,7.87,5.07,6.94,4.94,4,9.82
2024-05-09,32.08,29.11,7.89,5.06,6.95,4.95,4,9.82
2024-05-08,32.08,29.09,7.91,5.06,6.97,4.97,4,9.81
2024-05-07,32.08,29.08,7.92,5.05,6.98,4.98,4,9.81
2024-05-06,32.08,29.06,7.94,5.05,6.99,4.99,4,9.8
2024-05-05,32.08,29.04,7.96,5.04,7,5,4,9.81
2024-05-04,32.08,29.02,7.98,5.03,7.01,5.01,4,9.81
2024-05-03,32.08,29.01,7.99,5.03,7.02,5.02,4,9.82
2024-05-02,32.07,28.99,8.01,5.02,7.03,5.03,4,9.83
2024-05-01,32.07,28.97,8.03,5.01,7.04,5.04,4,9.85
2024-04-30,32.06,28.95,8.05,5,7.05,5.05,4,9.86
2024-04-29,32.05,28.94,8.06,5,7.06,5.06,4,9.88
2024-04-28,32.04,28.92,8.08,4.99,7.07,5.07,4,9.91
2024-04-27,32.03,28.9,8.1,4.98,7.08,5.08,4,9.93
2024-04-26,32.02,28.88,8.12,4.97,7.08,5.08,4,9.96
2024-04-25,32.01,28.87,8.13,4.96,7.09,5.09,4,9.99
2024-04-24,31.99,28.85,8.15,4.95,7.1,5.1,4,10.02
2024-04-23,31.98,28.83,8.17,4.94,7.11,5.11,4,10.06
2024-04-22,31.96,28.81,8.19,4.92,7.11,5.11,4,10.1
2024-04-21,31.95,28.8,8.21,4.92,7.12,5.12,4,10.14
2024-04-20,31.93,28.78,8.22,4.91,7.13,5.13,4,10.19
2024-04-19,31.92,28.77,8.24,4.9,7.14,5.13,4,10.24
2024-04-18,31.91,28.76,8.26,4.89,7.15,5.14,4,10.29
2023-12-08,32.08,33.12,7.92,8.79,8.81,4.92,3.85,NA
2023-12-07,32.08,33.12,7.92,8.8,8.82,4.92,3.86,NA
2023-12-06,32.08,33.13,7.92,8.82,8.83,4.92,3.86,NA
2023-12-05,32.07,33.13,7.93,8.83,8.84,4.93,3.87,NA
2023-12-04,32.07,33.13,7.93,8.84,8.85,4.93,3.87,NA
2023-12-03,32.07,33.13,7.93,8.86,8.86,4.93,3.88,NA
2023-12-02,32.07,33.13,7.93,8.87,8.87,4.93,3.88,NA
2023-12-01,32.06,33.12,7.94,8.88,8.88,4.94,3.89,NA
2023-11-30,32.06,33.12,7.94,8.89,8.88,4.94,3.9,NA
2023-11-29,32.05,33.11,7.95,8.9,8.89,4.95,3.9,NA
2023-11-28,32.05,33.11,7.95,8.91,8.9,4.95,3.91,NA
2023-11-27,32.05,33.1,7.95,8.92,8.91,4.95,3.92,NA
2023-11-26,32.04,33.09,7.96,8.92,8.92,4.96,3.93,NA
2023-11-25,32.04,33.09,7.96,8.93,8.93,4.96,3.93,NA
2023-11-24,32.03,33.08,7.97,8.94,8.94,4.97,3.94,NA
2023-11-23,32.03,33.07,7.97,8.95,8.95,4.97,3.95,NA
2023-11-22,32.03,33.06,7.97,8.96,8.95,4.97,3.95,NA
2023-11-21,32.02,33.05,7.98,8.97,8.96,4.98,3.96,NA
2023-11-20,32.02,33.05,7.98,8.98,8.97,4.98,3.97,NA
2023-11-19,32.01,33.03,7.99,8.98,8.98,4.99,3.98,NA
2023-11-18,32.01,33.02,7.99,8.99,8.99,4.99,3.98,NA
2023-11-17,32,33.01,8,9,9,5,3.99,NA
2023-11-16,32,32.99,8,9,9.01,5,4,NA
2023-11-15,31.99,32.98,8.01,9.01,9.01,5.01,4.01,NA
2023-11-14,31.99,32.96,8.01,9.02,9.02,5.01,4.02,NA
2023-11-13,31.98,32.94,8.02,9.02,9.03,5.02,4.03,NA
2023-11-12,31.97,32.93,8.03,9.03,9.04,5.03,4.04,NA
2023-11-11,31.97,32.91,8.03,9.04,9.05,5.03,4.05,NA
2023-11-10,31.96,32.89,8.04,9.04,9.06,5.04,4.06,NA
2023-11-09,31.96,32.88,8.04,9.05,9.07,5.04,4.08,NA
2023-11-08,31.95,32.86,8.05,9.05,9.07,5.05,4.09,NA
2023-11-07,31.95,32.84,8.05,9.05,9.08,5.05,4.1,NA
2023-11-06,31.94,32.81,8.06,9.05,9.09,5.06,4.12,NA
2023-11-05,31.93,32.78,8.07,9.05,9.09,5.07,4.13,NA
2023-11-04,31.92,32.75,8.08,9.05,9.1,5.08,4.15,NA
2023-11-03,31.91,32.71,8.08,9.04,9.11,5.08,4.16,NA
2023-11-02,31.91,32.67,8.09,9.04,9.11,5.09,4.18,NA
2023-11-01,31.9,32.64,8.1,9.03,9.12,5.1,4.19,NA
2023-10-31,31.89,32.6,8.11,9.03,9.12,5.11,4.21,NA
2023-10-30,31.88,32.57,8.12,9.03,9.13,5.11,4.22,NA
2023-10-29,31.87,32.54,8.12,9.02,9.14,5.12,4.23,NA
2023-10-28,31.87,32.51,8.13,9.02,9.14,5.13,4.25,NA
2023-10-27,31.86,32.49,8.14,9.02,9.15,5.13,4.26,NA
2023-10-26,31.85,32.46,8.14,9.03,9.16,5.14,4.28,NA
2023-10-25,31.84,32.43,8.15,9.03,9.17,5.15,4.29,NA
2023-10-24,31.83,32.41,8.16,9.03,9.18,5.16,4.31,NA
2023-08-11,30.72,29.66,9,8.81,10.19,5.81,5.84,NA
2023-08-10,30.72,29.63,9,8.82,10.19,5.82,5.85,NA
2023-08-09,30.73,29.6,9.01,8.82,10.18,5.83,5.86,NA
2023-08-08,30.73,29.56,9.01,8.83,10.18,5.84,5.87,NA
2023-08-07,30.74,29.53,9.01,8.83,10.18,5.85,5.88,NA
2023-08-06,30.74,29.5,9.02,8.84,10.18,5.86,5.89,NA
2023-08-05,30.75,29.47,9.02,8.85,10.17,5.86,5.9,NA
2023-08-04,30.76,29.43,9.02,8.85,10.17,5.87,5.91,NA
2023-08-03,30.77,29.4,9.02,8.86,10.16,5.88,5.91,NA
2023-08-02,30.78,29.37,9.02,8.87,10.15,5.89,5.92,NA
2023-08-01,30.79,29.35,9.02,8.87,10.15,5.9,5.93,NA
2023-07-31,30.8,29.32,9.02,8.88,10.14,5.91,5.93,NA
2023-07-30,30.81,29.29,9.02,8.89,10.13,5.91,5.94,NA
2023-07-29,30.82,29.26,9.02,8.9,10.13,5.92,5.95,NA
2023-07-28,30.83,29.24,9.02,8.91,10.12,5.93,5.95,NA
2023-07-27,30.85,29.21,9.02,8.91,10.11,5.94,5.96,NA
2023-07-26,30.86,29.18,9.02,8.92,10.1,5.95,5.97,NA
2023-07-25,30.87,29.15,9.02,8.93,10.09,5.95,5.98,NA
2023-07-24,30.89,29.12,9.02,8.94,10.08,5.96,5.99,NA
2023-07-23,30.9,29.09,9.02,8.95,10.07,5.97,5.99,NA
2023-07-22,30.92,29.06,9.02,8.96,10.06,5.98,6,NA
2023-07-21,30.94,29.03,9.02,8.97,10.05,5.99,6,NA
2023-07-20,30.96,29,9.01,8.98,10.03,6,6.01,NA
2023-07-19,30.98,28.97,9.01,8.99,10.02,6.01,6.01,NA
2023-07-18,31,28.94,9.01,9.01,10,6.01,6.02,NA
2023-07-17,31.02,28.92,9,9.02,9.99,6.02,6.03,NA
2023-07-16,31.05,28.89,9,9.03,9.97,6.03,6.03,NA
2023-07-15,31.07,28.86,9,9.04,9.95,6.04,6.03,NA
2023-07-14,31.09,28.83,8.99,9.06,9.93,6.05,6.03,NA
2023-07-13,31.12,28.8,8.99,9.07,9.92,6.06,6.04,NA
2023-07-12,31.14,28.78,8.98,9.08,9.9,6.07,6.04,NA
2023-07-11,31.16,28.75,8.98,9.09,9.89,6.07,6.04,NA
2023-07-10,31.19,28.72,8.98,9.11,9.87,6.08,6.04,NA
2023-07-09,31.22,28.69,8.97,9.12,9.85,6.09,6.04,NA
2023-07-08,31.25,28.66,8.96,9.14,9.82,6.1,6.04,NA
2023-07-07,31.28,28.63,8.95,9.16,9.79,6.11,6.04,NA
2023-07-06,31.32,28.59,8.95,9.18,9.77,6.12,6.04,NA
2023-07-05,31.36,28.56,8.94,9.2,9.74,6.14,6.04,NA
2023-07-04,31.4,28.52,8.93,9.22,9.71,6.15,6.04,NA
2023-07-03,31.45,28.49,8.92,9.24,9.68,6.16,6.05,NA
2023-07-02,31.49,28.46,8.91,9.26,9.65,6.17,6.05,NA
2023-07-01,31.52,28.42,8.9,9.28,9.62,6.18,6.05,NA
2023-06-30,31.56,28.39,8.89,9.3,9.59,6.19,6.05,NA
2023-06-29,31.59,28.36,8.88,9.32,9.57,6.2,6.05,NA
2023-06-28,31.62,28.33,8.88,9.33,9.55,6.21,6.05,NA
2023-06-27,31.65,28.3,8.87,9.35,9.52,6.22,6.05,NA
2023-05-05,33.94,26.67,8.28,10.48,7.8,6.77,6.02,NA
2023-05-04,33.99,26.64,8.27,10.51,7.77,6.78,6.02,NA
2023-05-03,34.03,26.62,8.26,10.53,7.73,6.79,6.02,NA
2023-05-02,34.07,26.59,8.25,10.55,7.7,6.8,6.02,NA
2023-05-01,34.12,26.56,8.24,10.57,7.67,6.81,6.02,NA
2023-04-30,34.16,26.53,8.23,10.59,7.64,6.82,6.02,NA
2023-04-29,34.2,26.51,8.22,10.61,7.61,6.82,6.01,NA
2023-04-28,34.24,26.48,8.2,10.63,7.58,6.83,6.01,NA
2023-04-27,34.28,26.45,8.19,10.65,7.55,6.84,6.01,NA
2023-04-26,34.32,26.43,8.18,10.67,7.51,6.85,6.01,NA
2023-04-25,34.36,26.4,8.17,10.69,7.48,6.86,6.01,NA
2023-04-24,34.4,26.37,8.16,10.71,7.45,6.87,6.01,NA
2023-04-23,34.44,26.35,8.15,10.73,7.42,6.88,6.01,NA
2023-04-22,34.48,26.32,8.14,10.75,7.39,6.89,6.01,NA
2023-04-21,34.53,26.3,8.13,10.77,7.36,6.9,6.01,NA
2023-04-20,34.57,26.27,8.12,10.79,7.33,6.91,6.01,NA
2023-04-19,34.61,26.24,8.11,10.81,7.3,6.92,6.01,NA
2023-04-18,34.65,26.22,8.09,10.83,7.26,6.92,6.01,NA
2023-04-17,34.69,26.19,8.08,10.85,7.23,6.93,6.01,NA
2023-04-16,34.73,26.17,8.07,10.87,7.2,6.94,6.01,NA
2023-04-15,34.77,26.14,8.06,10.89,7.17,6.95,6,NA
2023-04-14,34.81,26.12,8.05,10.91,7.14,6.96,6,NA
2023-04-13,34.85,26.09,8.04,10.93,7.12,6.97,6,NA
2023-04-12,34.89,26.07,8.03,10.95,7.09,6.98,6,NA
2023-04-11,34.93,26.04,8.02,10.96,7.06,6.98,6,NA
2023-04-10,34.96,26.02,8.01,10.98,7.03,6.99,6,NA
2023-04-09,35,26,8,11,7,7,6,NA
2023-04-08,35.04,25.97,7.99,11.02,6.97,7.01,6,NA
2023-04-07,35.08,25.95,7.98,11.04,6.94,7.02,6,NA
2023-04-06,35.12,25.92,7.97,11.06,6.91,7.03,6,NA
2023-04-05,35.16,25.9,7.96,11.08,6.88,7.03,6,NA
2023-04-04,35.19,25.88,7.95,11.09,6.85,7.04,6,NA
2023-04-03,35.23,25.86,7.94,11.11,6.83,7.05,6,NA
2023-04-02,35.27,25.83,7.93,11.13,6.8,7.06,6,NA
2023-04-01,35.3,25.81,7.92,11.15,6.77,7.07,5.99,NA
2023-03-31,35.34,25.79,7.91,11.17,6.74,7.07,5.99,NA
2023-03-30,35.37,25.77,7.9,11.18,6.72,7.08,5.99,NA
2023-03-29,35.41,25.75,7.89,11.2,6.69,7.09,5.99,NA
2023-03-28,35.44,25.73,7.88,11.22,6.66,7.1,5.99,NA
2023-03-27,35.48,25.71,7.87,11.23,6.64,7.1,5.99,NA
2023-03-26,35.51,25.69,7.86,11.25,6.61,7.11,5.99,NA
2023-03-25,35.55,25.66,7.85,11.26,6.59,7.12,5.99,NA
2023-03-24,35.58,25.64,7.84,11.28,6.56,7.12,5.99,NA
2023-03-23,35.61,25.62,7.83,11.3,6.53,7.13,5.99,NA
2023-03-22,35.65,25.6,7.82,11.32,6.51,7.14,5.99,NA
2023-03-21,35.68,25.58,7.81,11.33,6.48,7.15,5.98,NA
2022-04-10,33.05,20.09,15.86,11.01,8.95,6.02,5.01,NA
2022-04-09,33.05,20.08,15.87,11.01,8.96,6.02,5.01,NA
2022-04-08,33.05,20.08,15.88,11.01,8.96,6.02,5.01,NA
2022-04-07,33.04,20.07,15.89,11.01,8.96,6.02,5.01,NA
2022-04-06,33.04,20.07,15.9,11.01,8.97,6.02,5.01,NA
2022-04-05,33.03,20.06,15.9,11.01,8.97,6.01,5.01,NA
2022-04-04,33.03,20.06,15.91,11,8.97,6.01,5.01,NA
2022-04-03,33.03,20.05,15.92,11,8.97,6.01,5.01,NA
2022-04-02,33.03,20.05,15.93,11,8.98,6.01,5.01,NA
2022-04-01,33.02,20.05,15.93,11,8.98,6.01,5.01,NA
2022-03-31,33.02,20.04,15.94,11,8.98,6.01,5.01,NA
2022-03-30,33.02,20.04,15.94,11,8.98,6.01,5.01,NA
2022-03-29,33.02,20.03,15.95,11,8.98,6.01,5.01,NA
2022-03-28,33.02,20.03,15.95,11,8.99,6.01,5,NA
2022-03-27,33.01,20.03,15.96,11,8.99,6.01,5,NA
2022-03-26,33.01,20.02,15.97,11,8.99,6.01,5,NA
2022-03-25,33.01,20.02,15.97,11,8.99,6,5,NA
2022-03-24,33.01,20.01,15.98,11,8.99,6,5,NA
2022-03-23,33.01,20.01,15.98,11,8.99,6,5,NA
2022-03-22,33.01,20.01,15.99,11,9,6,5,NA
2022-03-21,33,20,15.99,11,9,6,5,NA
2022-03-20,33,20,16,11,9,6,5,NA
2022-03-19,33,20,16,11,9,6,5,NA
2022-03-18,33,20,16.01,11,9,6,5,NA
2022-03-17,33,19.99,16.01,11,9,6,5,NA
2022-03-16,33,19.99,16.01,11,9,6,5,NA
2022-03-15,32.99,19.99,16.02,11,9.01,6,5,NA
2022-03-14,32.99,19.98,16.02,11,9.01,6,5,NA
2022-03-13,32.99,19.98,16.03,11,9.01,6,5,NA
2022-03-12,32.99,19.98,16.03,11,9.01,6,5,NA
2022-03-11,32.99,19.98,16.03,11,9.01,6,5,NA
2022-03-10,32.99,19.98,16.04,11,9.01,5.99,5,NA
2022-03-09,32.99,19.97,16.04,11,9.01,5.99,5,NA
2022-03-08,32.99,19.97,16.04,11,9.01,5.99,5,NA
2022-03-07,32.98,19.97,16.05,11,9.01,5.99,5,NA
2022-03-06,32.98,19.97,16.05,11,9.02,5.99,4.99,NA
2022-03-05,32.98,19.96,16.05,11,9.02,5.99,4.99,NA
2022-03-04,32.98,19.96,16.06,11,9.02,5.99,4.99,NA
2022-03-03,32.98,19.96,16.06,11,9.02,5.99,4.99,NA
2022-03-02,32.98,19.96,16.06,11,9.02,5.99,4.99,NA
2022-03-01,32.98,19.96,16.06,11,9.02,5.99,4.99,NA
2022-02-28,32.98,19.96,16.06,11,9.02,5.99,4.99,NA
2022-02-27,32.98,19.96,16.07,11,9.02,5.99,4.99,NA
2022-02-26,32.98,19.96,16.07,11,9.02,5.99,4.99,NA
2022-02-25,32.98,19.95,16.07,11,9.02,5.99,4.99,NA
2022-02-24,32.97,19.95,16.07,11,9.02,5.99,4.99,NA
