Datum,CDU,GRÜNE,SPD,LINKE,AfD,Sonstige,FDP,BSW
2026-10-10,19.83,15.01,11.3,22.54,17.79,7.79,3.04,4.78
2026-10-09,19.85,15.05,11.35,22.44,17.8,7.81,3.03,4.73
2026-10-08,19.86,15.08,11.41,22.35,17.8,7.83,3.02,4.69
2026-10-07,19.87,15.12,11.47,22.27,17.8,7.85,3.02,4.65
2026-10-06,19.88,15.15,11.52,22.18,17.8,7.86,3.01,4.6
2026-10-05,19.88,15.19,11.58,22.09,17.81,7.88,3,4.56
2026-10-04,19.89,15.22,11.63,22.01,17.81,7.9,3,4.52
2026-10-03,19.9,15.25,11.68,21.92,17.81,7.91,2.99,4.48
2026-10-02,19.9,15.29,11.74,21.84,17.81,7.92,2.99,4.44
2026-10-01,19.91,15.32,11.79,21.76,17.81,7.93,2.98,4.4
2026-09-30,19.91,15.35,11.84,21.68,17.81,7.94,2.98,4.37
2026-09-29,19.91,15.37,11.9,21.6,17.81,7.94,2.98,4.33
2026-09-28,19.91,15.4,11.95,21.52,17.81,7.95,2.98,4.29
2026-09-27,19.91,15.43,12,21.45,17.81,7.95,2.97,4.25
2026-09-26,19.91,15.45,12.05,21.37,17.81,7.96,2.97,4.22
2026-09-25,19.9,15.48,12.1,21.3,17.81,7.96,2.97,4.18
2026-09-24,19.9,15.5,12.15,21.23,17.81,7.96,2.97,4.15
2026-09-23,19.9,15.53,12.2,21.16,17.81,7.96,2.97,4.11
2026-09-22,19.89,15.55,12.25,21.09,17.81,7.96,2.97,4.08
2026-09-21,19.88,15.58,12.29,21.02,17.81,7.96,2.97,4.05
2026-09-20,19.88,15.6,12.34,20.95,17.81,7.96,2.97,4.02
2026-09-19,19.87,15.63,12.38,20.89,17.81,7.96,2.97,3.99
2026-09-18,19.86,15.65,12.43,20.83,17.81,7.95,2.98,3.96
2026-09-17,19.85,15.67,12.47,20.77,17.81,7.95,2.98,3.93
2026-09-16,19.84,15.69,12.51,20.71,17.81,7.94,2.98,3.9
2026-09-15,19.83,15.72,12.55,20.65,17.81,7.94,2.99,3.87
2026-09-14,19.82,15.73,12.59,20.59,17.8,7.93,2.99,3.84
2026-09-13,19.81,15.75,12.63,20.53,17.8,7.92,3,3.82
2026-09-12,19.79,15.77,12.67,20.48,17.8,7.91,3,3.79
2026-09-11,19.78,15.79,12.71,20.42,17.8,7.9,3.01,3.76
2026-09-10,19.76,15.81,12.74,20.37,17.8,7.89,3.01,3.74
2026-09-09,19.75,15.83,12.78,20.32,17.79,7.88,3.02,3.71
2026-09-08,19.73,15.85,12.81,20.28,17.79,7.87,3.02,3.69
2026-09-07,19.72,15.87,12.84,20.23,17.79,7.86,3.03,3.67
2026-09-06,19.7,15.89,12.87,20.19,17.79,7.84,3.04,3.65
2026-09-05,19.68,15.91,12.9,20.14,17.78,7.82,3.05,3.63
2026-09-04,19.66,15.92,12.94,20.1,17.78,7.8,3.06,3.61
2026-09-03,19.64,15.94,12.97,20.06,17.78,7.78,3.07,3.58
2026-09-02,19.61,15.95,13,20.02,17.77,7.76,3.08,3.56
2026-09-01,19.59,15.96,13.03,19.98,17.77,7.73,3.09,3.54
2026-08-31,19.56,15.98,13.06,19.95,17.76,7.7,3.1,3.52
2026-08-30,19.54,15.99,13.08,19.91,17.76,7.68,3.1,3.5
2026-08-29,19.51,16.01,13.11,19.88,17.75,7.66,3.11,3.49
2026-08-28,19.49,16.02,13.13,19.85,17.75,7.63,3.13,3.48
2026-08-27,19.46,16.04,13.15,19.82,17.75,7.62,3.14,3.47
2026-08-26,19.44,16.06,13.17,19.8,17.74,7.6,3.16,3.47
2026-08-25,19.41,16.07,13.19,19.77,17.73,7.58,3.18,3.47
2026-08-24,19.38,16.07,13.21,19.74,17.73,7.55,3.2,3.48
2026-08-23,19.35,16.07,13.23,19.72,17.72,7.52,3.22,3.48
2026-08-22,19.32,16.07,13.25,19.69,17.71,7.49,3.24,3.48
2026-08-21,19.29,16.07,13.27,19.67,17.71,7.46,3.25,3.48
2026-08-20,19.26,16.07,13.29,19.65,17.7,7.43,3.26,3.48
2026-08-19,19.23,16.07,13.3,19.63,17.69,7.41,3.27,3.48
2026-08-18,19.2,16.08,13.31,19.61,17.68,7.38,3.29,3.48
2026-08-17,19.17,16.09,13.32,19.6,17.68,7.36,3.31,3.49
2026-08-16,19.14,16.11,13.33,19.59,17.67,7.35,3.33,3.5
2026-08-15,19.11,16.14,13.32,19.59,17.67,7.34,3.34,3.51
2026-08-14,19.08,16.18,13.3,19.6,17.66,7.33,3.36,3.52
2026-08-13,19.05,16.22,13.27,19.63,17.65,7.32,3.38,3.53
2026-08-12,19.02,16.26,13.23,19.67,17.64,7.32,3.39,3.52
2026-08-11,18.99,16.31,13.18,19.71,17.62,7.32,3.41,3.52
2026-08-10,18.95,16.35,13.13,19.76,17.61,7.32,3.41,3.52
2026-08-09,18.92,16.4,13.09,19.8,17.6,7.31,3.42,3.51
2026-08-08,18.89,16.44,13.05,19.84,17.59,7.31,3.42,3.51
2026-08-07,18.86,16.49,13.01,19.87,17.58,7.31,3.41,3.51
2026-08-06,18.83,16.53,12.99,19.89,17.58,7.31,3.41,3.5
2026-08-05,18.8,16.56,12.98,19.89,17.57,7.31,3.4,3.5
2026-08-04,18.77,16.61,12.97,19.89,17.57,7.3,3.4,3.49
2026-08-03,18.74,16.67,12.94,19.91,17.57,7.3,3.39,3.49
2026-08-02,18.69,16.74,12.91,19.94,17.57,7.29,3.39,3.47
2026-08-01,18.65,16.83,12.86,19.98,17.57,7.29,3.39,3.46
2026-07-31,18.6,16.92,12.81,20.03,17.57,7.29,3.39,3.44
2026-07-30,18.55,17.01,12.76,20.08,17.57,7.29,3.39,3.42
2026-07-29,18.5,17.09,12.71,20.12,17.57,7.29,3.38,3.39
2026-07-28,18.46,17.17,12.67,20.15,17.57,7.29,3.37,3.37
2026-07-27,18.43,17.24,12.65,20.17,17.57,7.29,3.35,3.36
2026-07-26,18.4,17.29,12.64,20.17,17.58,7.29,3.34,3.35
2026-07-25,18.38,17.32,12.64,20.14,17.58,7.29,3.32,3.33
2026-07-24,18.37,17.34,12.66,20.1,17.58,7.29,3.31,3.32
2026-07-23,18.36,17.36,12.68,20.07,17.59,7.3,3.29,3.29
2026-07-22,18.34,17.4,12.71,20.03,17.59,7.29,3.28,3.26
2026-07-21,18.32,17.43,12.74,20,17.6,7.29,3.28,3.24
2026-07-20,18.31,17.46,12.76,19.96,17.61,7.29,3.28,3.21
2026-07-19,18.29,17.49,12.8,19.92,17.61,7.29,3.28,3.19
2026-07-18,18.28,17.52,12.83,19.87,17.62,7.29,3.28,3.18
2026-07-17,18.27,17.54,12.87,19.82,17.62,7.29,3.28,3.17
2026-07-16,18.26,17.56,12.91,19.76,17.63,7.29,3.28,3.17
2026-07-15,18.26,17.57,12.95,19.7,17.64,7.3,3.27,3.17
2026-07-14,18.27,17.56,13,19.63,17.64,7.3,3.27,3.17
2026-07-13,18.28,17.54,13.06,19.55,17.65,7.31,3.27,3.17
2026-07-12,18.31,17.52,13.13,19.44,17.66,7.32,3.27,3.17
2026-07-11,18.33,17.48,13.23,19.32,17.67,7.33,3.27,3.17
2026-07-10,18.36,17.44,13.33,19.18,17.68,7.34,3.28,3.18
2026-07-09,18.4,17.39,13.45,19.03,17.69,7.35,3.29,3.19
2026-07-08,18.43,17.34,13.56,18.88,17.7,7.36,3.31,3.2
2026-07-07,18.47,17.29,13.68,18.73,17.71,7.37,3.33,3.23
2026-07-06,18.51,17.23,13.79,18.59,17.72,7.39,3.35,3.26
2026-07-05,18.55,17.18,13.9,18.45,17.73,7.4,3.37,3.29
2026-07-04,18.58,17.14,13.99,18.33,17.74,7.41,3.39,3.33
2026-07-03,18.61,17.1,14.07,18.22,17.75,7.42,3.42,3.37
2026-07-02,18.64,17.05,14.14,18.1,17.76,7.44,3.44,3.41
2026-07-01,18.68,16.98,14.24,17.95,17.77,7.46,3.47,3.45
2026-06-29,18.79,16.79,14.46,17.59,17.81,7.52,3.5,3.51
2026-06-28,18.86,16.68,14.59,17.39,17.84,7.55,3.52,3.53
2026-06-27,18.92,16.56,14.71,17.19,17.86,7.58,3.55,3.57
2026-06-26,18.99,16.45,14.84,16.98,17.89,7.62,3.59,3.61
2026-06-25,19.05,16.33,14.96,16.78,17.91,7.65,3.63,3.66
2026-06-24,19.11,16.23,15.07,16.6,17.93,7.68,3.67,3.71
2026-06-23,19.17,16.14,15.18,16.43,17.95,7.71,3.71,3.75
2026-06-22,19.21,16.06,15.26,16.29,17.97,7.73,3.75,3.79
2026-06-21,19.25,16.01,15.33,16.18,17.98,7.75,3.79,3.82
2026-06-20,19.29,15.95,15.39,16.09,17.99,7.76,3.81,3.84
2026-06-19,19.34,15.88,15.45,15.98,18,7.78,3.83,3.87
2026-06-18,19.39,15.8,15.52,15.86,18.01,7.81,3.85,3.9
2026-06-17,19.46,15.7,15.58,15.74,18.02,7.83,3.87,3.93
2026-06-16,19.52,15.61,15.65,15.61,18.03,7.86,3.89,3.96
2026-06-15,19.59,15.51,15.71,15.49,18.04,7.88,3.91,3.98
2026-06-14,19.65,15.42,15.77,15.38,18.05,7.9,3.94,4.01
2026-06-13,19.71,15.33,15.83,15.27,18.06,7.93,3.96,4.02
2026-06-12,19.76,15.26,15.88,15.18,18.07,7.94,3.98,4.04
2026-06-11,19.81,15.2,15.92,15.1,18.07,7.96,4,4.04
2026-06-10,19.84,15.17,15.95,15.05,18.08,7.97,4.02,4.04
2026-06-09,19.86,15.16,15.96,15.02,18.08,7.97,4.03,4.04
2026-06-08,19.88,15.16,15.96,15.01,18.08,7.96,4.03,4.04
2026-06-07,19.89,15.18,15.95,15.03,18.08,7.95,4.03,4.04
2026-06-06,19.89,15.2,15.92,15.06,18.08,7.94,4.02,4.03
2026-06-05,19.89,15.23,15.89,15.1,18.08,7.93,4,4.02
2026-06-04,19.89,15.27,15.85,15.15,18.07,7.91,3.99,4.02
2026-06-03,19.89,15.3,15.81,15.2,18.07,7.9,3.97,4
2026-06-02,19.9,15.34,15.77,15.25,18.06,7.88,3.95,3.98
2026-06-01,19.9,15.36,15.75,15.29,18.06,7.87,3.93,3.95
2026-05-31,19.91,15.39,15.73,15.32,18.05,7.86,3.91,3.92
2026-05-30,19.92,15.4,15.73,15.33,18.05,7.85,3.89,3.88
2026-05-29,19.92,15.42,15.72,15.34,18.04,7.84,3.87,3.85
2026-05-28,19.91,15.46,15.7,15.39,18.03,7.83,3.85,3.82
2026-05-27,19.89,15.53,15.67,15.45,18.02,7.82,3.83,3.79
2026-05-26,19.86,15.61,15.63,15.54,18.01,7.8,3.79,3.77
2026-05-25,19.82,15.69,15.58,15.64,18.01,7.78,3.75,3.75
2026-05-24,19.78,15.78,15.53,15.73,18,7.75,3.71,3.72
2026-05-23,19.75,15.87,15.48,15.83,17.99,7.73,3.67,3.69
2026-05-22,19.72,15.95,15.44,15.92,17.97,7.71,3.63,3.66
2026-05-21,19.69,16.02,15.41,16,17.96,7.69,3.59,3.62
2026-05-20,19.68,16.07,15.39,16.05,17.95,7.68,3.56,3.59
2026-05-19,19.69,16.1,15.38,16.08,17.94,7.67,3.53,3.57
2026-05-18,19.7,16.11,15.38,16.1,17.92,7.66,3.51,3.56
2026-05-17,19.71,16.13,15.39,16.12,17.9,7.66,3.48,3.54
2026-05-16,19.72,16.16,15.4,16.14,17.88,7.65,3.44,3.53
2026-05-15,19.73,16.18,15.41,16.17,17.86,7.65,3.4,3.52
2026-05-14,19.73,16.21,15.42,16.2,17.83,7.64,3.36,3.5
2026-05-13,19.74,16.24,15.43,16.23,17.81,7.64,3.32,3.49
2026-05-12,19.75,16.26,15.44,16.26,17.78,7.63,3.28,3.48
2026-05-11,19.77,16.28,15.45,16.28,17.75,7.63,3.25,3.47
2026-05-10,19.78,16.3,15.46,16.3,17.73,7.62,3.22,3.47
2026-05-09,19.81,16.31,15.47,16.31,17.71,7.61,3.21,3.46
2026-05-08,19.83,16.31,15.48,16.31,17.69,7.61,3.19,3.47
2026-05-07,19.86,16.31,15.5,16.31,17.67,7.6,3.18,3.47
2026-05-06,19.9,16.29,15.52,16.29,17.64,7.59,3.16,3.48
2026-05-05,19.95,16.28,15.55,16.28,17.61,7.59,3.15,3.49
2026-05-04,20,16.26,15.58,16.26,17.58,7.58,3.13,3.5
2026-05-03,20.05,16.23,15.61,16.23,17.55,7.58,3.12,3.52
2026-05-02,20.1,16.21,15.65,16.21,17.52,7.57,3.11,3.53
2026-05-01,20.16,16.18,15.68,16.18,17.49,7.57,3.1,3.54
2026-04-30,20.21,16.15,15.72,16.15,17.46,7.56,3.09,3.55
2026-04-29,20.27,16.13,15.75,16.13,17.43,7.55,3.09,3.57
2026-04-28,20.31,16.1,15.78,16.1,17.4,7.55,3.09,3.59
2026-04-27,20.36,16.08,15.8,16.08,17.38,7.54,3.09,3.62
2026-04-26,20.41,16.05,15.82,16.05,17.36,7.53,3.1,3.65
2026-04-25,20.47,16.01,15.85,16.01,17.34,7.52,3.12,3.68
2026-04-24,20.54,15.96,15.88,15.96,17.31,7.51,3.14,3.71
2026-04-23,20.62,15.9,15.92,15.9,17.28,7.5,3.16,3.73
2026-04-22,20.7,15.83,15.96,15.83,17.25,7.49,3.19,3.75
2026-04-21,20.78,15.76,16.01,15.76,17.23,7.49,3.21,3.77
2026-04-20,20.86,15.7,16.05,15.7,17.2,7.48,3.23,3.8
2026-04-19,20.93,15.63,16.09,15.63,17.17,7.47,3.25,3.83
2026-04-18,21.01,15.57,16.12,15.57,17.15,7.46,3.27,3.86
2026-04-17,21.07,15.53,16.15,15.53,17.13,7.45,3.29,3.89
2026-04-16,21.12,15.49,16.17,15.49,17.11,7.44,3.32,3.92
2026-04-15,21.17,15.46,16.19,15.45,17.09,7.43,3.35,3.95
2026-04-14,21.23,15.41,16.2,15.41,17.08,7.41,3.39,3.97
2026-04-11,21.41,15.26,16.26,15.23,17.04,7.35,3.52,4
2026-04-10,21.47,15.21,16.28,15.16,17.03,7.32,3.57,4.01
2026-04-09,21.54,15.16,16.29,15.1,17.02,7.3,3.61,4.01
2026-04-08,21.6,15.1,16.31,15.03,17.02,7.27,3.65,4.02
2026-04-07,21.66,15.05,16.32,14.97,17.01,7.25,3.68,4.02
2026-04-06,21.72,15.01,16.33,14.92,17,7.23,3.7,4.03
2026-04-05,21.77,14.96,16.34,14.87,16.99,7.21,3.73,4.03
2026-04-04,21.81,14.93,16.35,14.84,16.98,7.2,3.76,4.04
2026-04-03,21.85,14.9,16.35,14.82,16.97,7.19,3.79,4.04
2026-04-02,21.88,14.89,16.35,14.8,16.97,7.17,3.83,4.05
2026-04-01,21.91,14.88,16.34,14.79,16.96,7.15,3.87,4.05
2026-03-31,21.93,14.87,16.32,14.77,16.97,7.12,3.91,4.05
2026-03-30,21.95,14.88,16.3,14.76,16.97,7.09,3.94,4.04
2026-03-29,21.97,14.88,16.27,14.75,16.98,7.06,3.97,4.04
2026-03-28,21.98,14.89,16.25,14.75,16.98,7.02,4,4.04
2026-03-27,22,14.89,16.22,14.75,16.99,6.99,4.01,4.03
2026-03-26,22.01,14.9,16.19,14.75,16.99,6.97,4.02,4.03
2026-03-25,22.03,14.9,16.16,14.75,17,6.95,4.03,4.03
2026-03-24,22.04,14.91,16.14,14.76,17,6.93,4.04,4.03
2026-03-23,22.06,14.9,16.13,14.78,16.99,6.93,4.05,4.03
2026-03-22,22.07,14.9,16.11,14.8,16.99,6.94,4.06,4.04
2026-03-21,22.08,14.91,16.09,14.82,16.99,6.95,4.06,4.04
2026-03-20,22.08,14.92,16.07,14.86,16.98,6.96,4.07,4.04
2026-03-19,22.08,14.93,16.04,14.9,16.98,6.97,4.07,4.04
2026-03-18,22.08,14.94,16.02,14.94,16.98,6.98,4.07,4.03
2026-03-17,22.07,14.96,15.99,14.99,16.98,7,4.07,4.03
2026-03-16,22.07,14.98,15.96,15.03,16.98,7.02,4.06,4.02
2026-03-15,22.06,14.99,15.94,15.08,16.98,7.04,4.05,4.01
2026-03-14,22.06,15,15.91,15.13,16.98,7.06,4.03,4.01
2026-03-13,22.06,15.01,15.89,15.18,16.97,7.08,4.01,4
2026-03-12,22.06,15.02,15.87,15.22,16.97,7.1,3.98,3.99
2026-03-11,22.06,15.02,15.86,15.27,16.96,7.13,3.95,3.98
2026-03-10,22.06,15.03,15.84,15.33,16.95,7.17,3.92,3.96
2026-03-09,22.06,15.03,15.82,15.39,16.94,7.22,3.89,3.95
2026-03-08,22.06,15.04,15.79,15.47,16.93,7.28,3.86,3.94
2026-03-07,22.05,15.05,15.77,15.55,16.92,7.34,3.83,3.92
2026-03-06,22.05,15.06,15.75,15.63,16.91,7.4,3.81,3.9
2026-03-05,22.04,15.06,15.73,15.71,16.9,7.46,3.79,3.88
2026-03-04,22.03,15.07,15.71,15.78,16.89,7.52,3.76,3.86
2026-03-03,22.03,15.08,15.69,15.85,16.88,7.58,3.73,3.84
2026-03-02,22.03,15.08,15.67,15.92,16.87,7.62,3.7,3.81
2026-03-01,22.03,15.09,15.66,15.97,16.86,7.66,3.66,3.8
2026-02-28,22.03,15.09,15.64,16.03,16.85,7.69,3.63,3.78
2026-02-27,22.03,15.09,15.63,16.09,16.84,7.74,3.59,3.76
2026-02-26,22.02,15.09,15.62,16.15,16.83,7.78,3.56,3.74
2026-02-25,22.02,15.09,15.61,16.22,16.82,7.83,3.53,3.71
2026-02-24,22.02,15.1,15.6,16.3,16.81,7.88,3.51,3.69
2026-02-23,22.01,15.1,15.59,16.37,16.8,7.94,3.49,3.66
2026-02-22,22.01,15.1,15.57,16.45,16.79,7.99,3.47,3.64
2026-02-21,22.01,15.1,15.56,16.52,16.77,8.04,3.44,3.62
2026-02-20,22,15.1,15.55,16.58,16.76,8.09,3.42,3.6
2026-02-19,22,15.1,15.54,16.65,16.75,8.13,3.39,3.59
2026-02-18,22,15.11,15.53,16.7,16.74,8.16,3.37,3.57
2026-02-17,22,15.11,15.52,16.75,16.73,8.19,3.34,3.55
2026-02-16,22,15.1,15.52,16.81,16.72,8.22,3.32,3.53
2026-02-15,22,15.1,15.52,16.86,16.71,8.25,3.3,3.51
2026-02-14,22,15.09,15.52,16.92,16.7,8.28,3.28,3.49
2026-02-13,22,15.08,15.52,16.98,16.68,8.31,3.26,3.47
2026-02-12,22,15.07,15.52,17.04,16.67,8.34,3.23,3.46
2026-02-11,22,15.07,15.52,17.1,16.66,8.37,3.21,3.45
2026-02-10,22,15.06,15.52,17.16,16.65,8.4,3.18,3.44
2026-02-09,22,15.06,15.52,17.22,16.63,8.43,3.15,3.43
2026-02-08,22,15.06,15.5,17.27,16.62,8.46,3.12,3.42
2026-02-07,22,15.06,15.49,17.32,16.61,8.49,3.1,3.42
2026-02-06,22,15.07,15.47,17.37,16.6,8.52,3.07,3.41
2026-02-05,22,15.07,15.45,17.41,16.58,8.55,3.05,3.4
2026-02-04,22,15.07,15.43,17.45,16.57,8.57,3.03,3.4
2026-02-03,22,15.07,15.41,17.5,16.56,8.6,3.02,3.4
2026-02-02,22,15.07,15.4,17.54,16.54,8.62,3.01,3.4
2026-02-01,22,15.08,15.38,17.58,16.53,8.64,3,3.41
2026-01-31,22,15.08,15.36,17.62,16.52,8.66,2.99,3.42
2026-01-30,22,15.08,15.34,17.66,16.5,8.68,2.98,3.42
2026-01-29,22,15.09,15.32,17.7,16.49,8.71,2.97,3.44
2026-01-28,22,15.09,15.29,17.74,16.48,8.73,2.96,3.45
2026-01-27,22,15.1,15.26,17.78,16.46,8.76,2.95,3.46
2026-01-26,22,15.11,15.22,17.82,16.45,8.79,2.94,3.47
2026-01-25,22,15.13,15.19,17.85,16.44,8.81,2.94,3.48
2026-01-24,22,15.14,15.15,17.87,16.43,8.83,2.93,3.49
2026-01-23,22,15.15,15.1,17.9,16.41,8.85,2.94,3.5
2026-01-22,22,15.17,15.06,17.92,16.4,8.87,2.94,3.52
2026-01-21,22,15.19,15.02,17.94,16.39,8.88,2.94,3.55
2026-01-20,22,15.2,14.97,17.96,16.37,8.9,2.95,3.57
2026-01-19,22,15.22,14.93,17.98,16.36,8.92,2.96,3.59
2026-01-18,22,15.23,14.88,18,16.35,8.93,2.97,3.61
2026-01-17,22,15.25,14.84,18.02,16.33,8.96,2.97,3.63
2026-01-16,22,15.26,14.79,18.05,16.32,8.98,2.98,3.65
2026-01-15,22,15.28,14.75,18.08,16.31,9.01,2.99,3.66
2026-01-14,22,15.3,14.69,18.12,16.3,9.05,3,3.67
2026-01-03,21.95,15.72,13.75,18.63,16.19,9.67,NA,3.87
2026-01-02,21.94,15.76,13.66,18.67,16.18,9.72,NA,3.89
2026-01-01,21.94,15.8,13.58,18.71,16.17,9.78,NA,3.9
2025-12-31,21.94,15.83,13.5,18.75,16.16,9.82,NA,3.92
2025-12-30,21.93,15.86,13.43,18.79,16.15,9.87,NA,3.93
2025-12-29,21.93,15.89,13.37,18.82,16.14,9.9,NA,3.94
2025-12-28,21.93,15.91,13.31,18.85,16.13,9.93,NA,3.95
2025-12-27,21.94,15.92,13.27,18.87,16.12,9.95,NA,3.96
2025-12-26,21.94,15.94,13.24,18.89,16.11,9.96,NA,3.96
2025-12-25,21.94,15.94,13.21,18.91,16.1,9.97,NA,3.96
2025-12-24,21.95,15.96,13.18,18.92,16.09,9.99,NA,3.96
2025-12-23,21.95,15.97,13.14,18.94,16.08,10.01,NA,3.96
2025-12-22,21.95,15.98,13.11,18.96,16.07,10.02,NA,3.96
2025-12-21,21.95,15.99,13.08,18.98,16.07,10.04,NA,3.96
2025-12-20,21.95,16,13.05,18.99,16.06,10.05,NA,3.97
2025-12-19,21.95,16.01,13.03,19,16.05,10.06,NA,3.98
2025-12-18,21.96,16.02,13.01,19.01,16.05,10.07,NA,3.98
2025-12-17,21.96,16.02,13,19.02,16.04,10.07,NA,3.98
2025-12-16,21.97,16.02,12.99,19.02,16.02,10.05,NA,3.98
2025-12-15,21.98,16.01,12.99,19.02,16.01,10.03,NA,3.97
2025-12-14,21.99,15.99,13,19.01,15.99,10,NA,3.97
2025-12-13,22.01,15.98,13.02,19,15.98,9.96,NA,3.97
2025-12-12,22.02,15.96,13.03,18.98,15.96,9.93,3.76,3.98
2025-12-11,22.03,15.94,13.05,18.97,15.94,9.88,3.79,3.99
2025-12-10,22.05,15.92,13.08,18.95,15.93,9.84,3.81,4
2025-12-09,22.06,15.9,13.1,18.93,15.91,9.79,3.83,4.01
2025-12-08,22.08,15.88,13.13,18.91,15.89,9.74,3.84,4.03
2025-12-07,22.09,15.85,13.17,18.89,15.87,9.69,3.86,4.05
2025-12-06,22.11,15.83,13.2,18.86,15.85,9.63,3.87,4.07
2025-12-05,22.13,15.8,13.24,18.83,15.83,9.57,3.89,4.08
2025-12-04,22.15,15.77,13.28,18.81,15.81,9.5,3.9,4.1
2025-12-03,22.16,15.73,13.33,18.77,15.79,9.43,3.91,4.12
2025-12-02,22.18,15.7,13.38,18.74,15.77,9.36,3.92,4.14
2025-12-01,22.2,15.66,13.43,18.71,15.75,9.29,3.92,4.16
2025-11-30,22.22,15.63,13.48,18.67,15.73,9.22,3.93,4.18
2025-11-29,22.24,15.59,13.54,18.63,15.71,9.14,3.94,4.21
2025-11-28,22.27,15.55,13.6,18.59,15.69,9.05,3.95,4.23
2025-11-27,22.29,15.5,13.66,18.55,15.67,8.97,3.96,4.25
2025-11-26,22.31,15.46,13.73,18.5,15.65,8.88,3.97,4.28
2025-11-25,22.33,15.41,13.8,18.46,15.62,8.79,3.97,4.3
2025-11-24,22.36,15.36,13.87,18.41,15.6,8.69,3.98,4.33
2025-11-23,22.38,15.31,13.95,18.36,15.58,8.59,3.99,4.36
2025-11-22,22.41,15.26,14.03,18.3,15.55,8.48,3.99,4.38
2025-11-21,22.43,15.21,14.11,18.25,15.53,8.38,4,4.41
2025-11-20,22.46,15.15,14.2,18.19,15.5,8.27,4,4.44
2025-11-19,22.49,15.09,14.29,18.13,15.48,8.15,4.01,4.47
2025-11-18,22.52,15.04,14.38,18.07,15.45,8.04,4.01,4.5
2025-11-17,22.54,14.97,14.48,18.01,15.42,7.92,4.01,4.53
2025-11-16,22.57,14.91,14.58,17.94,15.4,7.79,4.02,4.56
2025-11-15,22.6,14.85,14.68,17.87,15.37,7.67,4.02,4.59
2025-11-14,22.63,14.78,14.78,17.8,15.34,7.53,4.02,4.62
2025-11-13,22.67,14.71,14.89,17.73,15.31,7.4,4.03,4.66
2025-11-12,22.7,14.64,15.01,17.66,15.29,7.26,4.03,4.69
2025-11-11,22.73,14.57,15.11,17.59,15.26,7.13,4.03,4.73
2025-11-10,22.76,14.51,15.21,17.52,15.23,7.01,4.03,4.76
2025-11-09,22.79,14.46,15.29,17.47,15.2,6.91,4.03,4.8
2025-11-08,22.82,14.41,15.37,17.42,15.18,6.82,4.03,4.84
2025-11-07,22.84,14.36,15.44,17.37,15.15,6.73,4.03,4.88
2025-11-06,22.87,14.32,15.51,17.33,15.13,6.65,4.03,4.92
2025-11-05,22.9,14.27,15.57,17.29,15.1,6.56,4.02,4.96
2025-11-04,22.92,14.23,15.64,17.24,15.07,6.48,4.02,5
2025-11-03,22.95,14.18,15.72,17.2,15.05,6.39,4.02,5.04
2025-11-02,22.98,14.13,15.8,17.14,15.02,6.29,4.02,5.08
2025-11-01,23.01,14.07,15.89,17.09,14.99,6.18,4.01,5.13
2025-10-31,23.05,14.01,15.99,17.03,14.96,6.06,4.01,5.17
2025-10-30,23.08,13.95,16.07,16.97,14.93,5.96,4.01,5.21
2025-10-29,23.11,13.9,16.16,16.92,14.9,5.86,4,5.26
2025-10-28,23.15,13.84,16.23,16.88,14.87,5.77,4,5.3
2025-08-02,25.1,14.92,13.52,20.12,13.11,10.14,NA,3.83
2025-08-01,25.1,14.93,13.52,20.09,13.1,10.16,NA,3.82
2025-07-31,25.1,14.94,13.53,20.06,13.09,10.17,NA,3.81
2025-07-30,25.1,14.95,13.54,20.01,13.09,10.18,NA,3.8
2025-07-29,25.1,14.96,13.56,19.97,13.08,10.19,NA,3.8
2025-07-28,25.09,14.96,13.58,19.91,13.07,10.19,NA,3.8
2025-07-27,25.09,14.97,13.6,19.86,13.06,10.18,NA,3.8
2025-07-26,25.09,14.97,13.63,19.8,13.06,10.17,NA,3.8
2025-07-25,25.08,14.98,13.66,19.73,13.05,10.16,NA,3.8
2025-07-24,25.08,14.98,13.69,19.67,13.04,10.15,NA,3.81
2025-07-23,25.07,14.98,13.72,19.6,13.04,10.14,NA,3.82
2025-07-22,25.06,14.98,13.75,19.53,13.03,10.13,NA,3.83
2025-07-21,25.06,14.99,13.78,19.46,13.02,10.11,NA,3.85
2025-07-20,25.05,14.99,13.82,19.38,13.02,10.1,NA,3.86
2025-07-19,25.04,14.99,13.85,19.31,13.01,10.08,NA,3.88
2025-07-18,25.03,15,13.89,19.23,13.01,10.06,NA,3.9
2025-07-17,25.02,15,13.93,19.15,13,10.05,NA,3.92
2025-07-16,25.01,15,13.96,19.07,13,10.03,NA,3.94
2025-07-15,25,15,14,18.99,12.99,10.01,NA,3.97
2025-07-14,24.99,15,14.04,18.91,12.99,9.99,NA,4
2025-07-13,24.98,15.01,14.08,18.82,12.99,9.96,NA,4.03
2025-07-12,24.97,15.01,14.12,18.73,12.98,9.94,NA,4.06
2025-07-11,24.96,15.01,14.17,18.65,12.98,9.92,NA,4.09
2025-07-10,24.95,15.01,14.21,18.55,12.97,9.89,NA,4.13
2025-07-09,24.93,15.01,14.26,18.46,12.97,9.87,NA,4.16
2025-07-08,24.92,15.02,14.3,18.37,12.97,9.84,NA,4.2
2025-07-07,24.91,15.02,14.35,18.27,12.97,9.81,NA,4.24
2025-07-06,24.89,15.02,14.4,18.17,12.96,9.78,NA,4.28
2025-07-05,24.88,15.02,14.45,18.07,12.96,9.75,3.05,4.33
2025-07-04,24.86,15.02,14.5,17.97,12.96,9.72,3.05,4.37
2025-07-03,24.85,15.02,14.55,17.86,12.96,9.69,3.04,4.42
2025-07-02,24.83,15.02,14.6,17.76,12.95,9.66,3.04,4.47
2025-07-01,24.81,15.02,14.65,17.65,12.95,9.63,3.04,4.52
2025-06-30,24.8,15.02,14.71,17.54,12.95,9.59,3.03,4.57
2025-06-29,24.78,15.02,14.76,17.43,12.95,9.56,3.03,4.62
2025-06-28,24.76,15.02,14.82,17.32,12.95,9.52,3.03,4.67
2025-06-27,24.74,15.02,14.87,17.2,12.95,9.48,3.02,4.73
2025-06-26,24.72,15.02,14.93,17.08,12.95,9.44,3.02,4.79
2025-06-25,24.7,15.02,14.99,16.97,12.95,9.4,3.01,4.85
2025-06-24,24.68,15.02,15.05,16.84,12.95,9.36,3.01,4.91
2025-06-23,24.66,15.02,15.11,16.72,12.95,9.32,3,4.97
2025-06-22,24.64,15.02,15.18,16.6,12.95,9.28,3,5.04
2025-06-21,24.62,15.02,15.24,16.47,12.95,9.24,3,5.1
2025-06-20,24.6,15.02,15.3,16.34,12.95,9.19,3,5.17
2025-06-19,24.57,15.02,15.37,16.22,12.95,9.15,3,5.24
2025-06-18,24.55,15.02,15.43,16.09,12.96,9.1,3,5.31
2025-06-17,24.53,15.02,15.5,15.95,12.96,9.06,3,5.39
2025-06-16,24.5,15.02,15.57,15.82,12.96,9.01,2.99,5.46
2025-06-15,24.48,15.02,15.64,15.68,12.96,8.96,2.99,5.54
2025-06-14,24.45,15.02,15.71,15.54,12.96,8.91,2.99,5.61
2025-06-13,24.43,15.02,15.78,15.4,12.97,8.86,2.99,5.69
2025-06-12,24.4,15.02,15.85,15.26,12.97,8.8,2.99,5.78
2025-06-11,24.38,15.01,15.93,15.12,12.97,8.75,2.99,5.86
2025-06-10,24.35,15.01,15.99,14.98,12.98,8.7,2.99,5.94
2025-06-09,24.33,15.02,16.06,14.85,12.98,8.66,2.99,6.03
2025-06-08,24.31,15.02,16.12,14.72,12.98,8.61,2.99,6.12
2025-06-07,24.29,15.02,16.17,14.6,12.99,8.57,2.99,6.21
2025-06-06,24.27,15.02,16.22,14.49,12.99,8.53,2.99,6.3
2025-06-05,24.26,15.03,16.28,14.37,12.99,8.49,2.99,6.39
2025-06-04,24.24,15.03,16.32,14.25,13,8.46,2.99,6.48
2025-06-03,24.22,15.04,16.37,14.14,13,8.42,2.99,6.56
2025-06-02,24.21,15.04,16.42,14.03,13,8.38,2.99,6.64
2025-06-01,24.2,15.05,16.47,13.91,13.01,8.35,2.99,6.72
2025-05-31,24.18,15.05,16.51,13.8,13.01,8.31,2.99,6.8
2025-05-30,24.17,15.06,16.56,13.69,13.01,8.28,2.99,6.88
2025-05-29,24.16,15.07,16.6,13.58,13.02,8.25,2.99,6.97
2025-05-28,24.15,15.08,16.63,13.48,13.02,8.22,2.99,7.05
2025-05-27,24.13,15.08,16.67,13.38,13.03,8.19,3,7.14
2025-05-26,24.12,15.09,16.7,13.28,13.03,8.16,3,7.23
2025-05-25,24.12,15.1,16.74,13.18,13.04,8.13,3,7.31
2025-05-24,24.11,15.11,16.77,13.09,13.04,8.1,3,7.39
2025-05-23,24.1,15.12,16.8,12.99,13.05,8.08,3,7.47
2025-05-22,24.09,15.13,16.83,12.9,13.05,8.05,3.01,7.54
2025-05-21,24.09,15.14,16.86,12.8,13.06,8.03,3.01,7.62
2025-01-04,26.91,20.03,11.94,6.2,15.06,9.09,3.97,6.85
2025-01-03,26.92,20.04,11.93,6.19,15.06,9.09,3.97,6.85
2025-01-02,26.93,20.05,11.92,6.18,15.07,9.09,3.97,6.85
2025-01-01,26.94,20.06,11.91,6.16,15.07,9.09,3.98,6.87
2024-12-31,26.95,20.07,11.9,6.15,15.07,9.1,3.98,6.9
2024-12-30,26.96,20.07,11.89,6.14,15.07,9.1,3.98,6.92
2024-12-29,26.96,20.08,11.88,6.13,15.07,9.1,3.98,6.95
2024-12-28,26.97,20.08,11.88,6.11,15.07,9.09,3.98,6.97
2024-12-27,26.98,20.09,11.88,6.1,15.07,9.09,3.99,6.98
2024-12-26,26.98,20.09,11.88,6.09,15.07,9.09,3.99,6.98
2024-12-25,26.98,20.09,11.88,6.08,15.07,9.09,3.99,6.98
2024-12-24,26.99,20.09,11.88,6.07,15.07,9.08,3.99,6.97
2024-12-23,26.99,20.09,11.88,6.06,15.07,9.08,3.99,6.96
2024-12-22,26.99,20.08,11.89,6.05,15.06,9.07,3.99,6.96
2024-12-21,27,20.08,11.89,6.04,15.06,9.07,3.99,6.95
2024-12-20,27,20.08,11.9,6.03,15.05,9.06,4,6.95
2024-12-19,27,20.07,11.91,6.02,15.05,9.05,4,6.95
2024-12-18,27,20.06,11.92,6.02,15.04,9.05,4,6.94
2024-12-17,27,20.06,11.93,6.01,15.04,9.04,4,6.94
2024-12-16,27.01,20.05,11.94,6,15.03,9.03,4,6.94
2024-12-15,27.01,20.04,11.95,6,15.03,9.03,4,6.94
2024-12-14,27.01,20.03,11.96,5.99,15.02,9.02,4,6.94
2024-12-13,27.01,20.02,11.97,5.99,15.01,9.01,4,6.94
2024-12-12,27,20.01,11.99,5.99,15,9,4,6.94
2024-12-11,27,19.99,12.01,5.99,14.99,8.99,4,6.94
2024-12-10,27,19.97,12.04,5.99,14.98,8.98,4,6.95
2024-12-09,26.99,19.95,12.07,6,14.97,8.96,4,6.95
2024-12-08,26.99,19.92,12.1,6,14.95,8.95,4,6.95
2024-12-07,26.98,19.9,12.13,6,14.94,8.93,4,6.96
2024-12-06,26.98,19.87,12.16,6.01,14.92,8.92,4,6.96
2024-12-05,26.98,19.85,12.19,6.01,14.91,8.9,4,6.97
2024-12-04,26.97,19.82,12.21,6.02,14.89,8.89,4,6.98
2024-12-03,26.97,19.8,12.24,6.02,14.88,8.87,4,6.99
2024-12-02,26.96,19.78,12.27,6.02,14.86,8.86,4,7
2024-12-01,26.96,19.75,12.3,6.03,14.85,8.84,4,7.01
2024-11-30,26.95,19.71,12.34,6.03,14.83,8.82,4,7.02
2024-11-29,26.94,19.68,12.39,6.04,14.81,8.8,4,7.03
2024-11-28,26.93,19.64,12.44,6.05,14.78,8.78,4,7.04
2024-11-27,26.92,19.59,12.49,6.06,14.76,8.76,4,7.05
2024-11-26,26.91,19.55,12.53,6.07,14.74,8.73,4,7.07
2024-11-25,26.9,19.51,12.58,6.08,14.71,8.71,4,7.08
2024-11-24,26.89,19.47,12.63,6.09,14.69,8.69,4,7.09
2024-11-23,26.89,19.43,12.67,6.1,14.67,8.67,4,7.11
2024-11-22,26.88,19.4,12.71,6.11,14.65,8.65,4,7.13
2024-11-21,26.87,19.37,12.74,6.11,14.63,8.63,4,7.14
2024-11-20,26.87,19.34,12.78,6.12,14.62,8.61,4,7.16
2024-08-27,25.96,14.81,17.9,6.6,12.22,6.11,4.11,11.94
2024-08-26,25.96,14.8,17.92,6.61,12.2,6.09,4.11,11.97
2024-08-25,25.96,14.78,17.95,6.62,12.18,6.08,4.1,12
2024-08-24,25.95,14.77,17.97,6.64,12.17,6.07,4.1,12.03
2024-08-23,25.95,14.76,17.99,6.65,12.15,6.05,4.1,12.06
2024-08-22,25.95,14.76,18.01,6.67,12.14,6.04,4.09,12.08
2024-08-21,25.95,14.75,18.02,6.68,12.13,6.03,4.09,12.11
2024-08-20,25.95,14.75,18.04,6.7,12.11,6.03,4.08,12.12
2024-08-19,25.95,14.75,18.05,6.71,12.1,6.02,4.08,12.13
2024-08-18,25.95,14.76,18.06,6.73,12.09,6.01,4.07,12.14
2024-08-17,25.95,14.76,18.06,6.75,12.08,6.01,4.06,12.14
2024-08-16,25.96,14.78,18.07,6.77,12.07,6,4.05,12.14
2024-08-15,25.96,14.79,18.07,6.8,12.06,6,4.04,12.14
2024-08-14,25.96,14.81,18.07,6.82,12.05,5.99,4.04,12.15
2024-08-13,25.97,14.83,18.06,6.84,12.04,5.99,4.03,12.16
2024-08-12,25.97,14.85,18.06,6.87,12.03,5.99,4.03,12.17
2024-08-11,25.97,14.87,18.06,6.89,12.02,5.99,4.03,12.18
2024-08-10,25.98,14.89,18.05,6.91,12.02,5.99,4.03,12.19
2024-08-09,25.98,14.91,18.05,6.93,12.01,5.99,4.02,12.19
2024-08-08,25.98,14.92,18.04,6.95,12,5.99,4.02,12.2
2024-08-07,25.99,14.95,18.03,6.97,12,5.99,4.01,12.19
2024-08-06,26,14.98,18.02,6.99,12,5.99,4,12.19
2024-08-05,26,15.02,18,7.02,11.99,6,4,12.18
2024-08-04,26.01,15.06,17.97,7.05,11.99,6.01,3.99,12.18
2024-08-03,26.02,15.11,17.95,7.08,11.99,6.01,3.98,12.16
2024-08-02,26.03,15.16,17.92,7.11,11.99,6.02,3.98,12.15
2024-08-01,26.04,15.21,17.89,7.15,11.98,6.03,3.97,12.13
2024-07-31,26.05,15.26,17.86,7.18,11.98,6.04,3.96,12.11
2024-07-30,26.06,15.31,17.83,7.21,11.98,6.05,3.95,12.09
2024-07-29,26.07,15.36,17.81,7.24,11.98,6.06,3.93,12.06
2024-07-28,26.08,15.4,17.78,7.27,11.98,6.06,3.92,12.04
2024-07-27,26.09,15.44,17.76,7.3,11.98,6.07,3.91,12.01
2024-07-26,26.1,15.5,17.73,7.33,11.98,6.08,3.89,11.98
2024-07-25,26.11,15.56,17.69,7.37,11.98,6.1,3.88,11.94
2024-07-24,26.13,15.63,17.64,7.41,11.98,6.11,3.87,11.9
2024-07-23,26.14,15.7,17.6,7.44,11.98,6.13,3.86,11.86
2024-07-22,26.15,15.78,17.55,7.48,11.99,6.14,3.85,11.81
2024-07-21,26.17,15.85,17.5,7.52,11.99,6.16,3.84,11.77
2024-07-20,26.18,15.93,17.45,7.56,11.99,6.18,3.82,11.72
2024-07-19,26.2,16,17.41,7.6,11.99,6.19,3.81,11.67
2024-07-18,26.21,16.06,17.37,7.64,12,6.21,3.8,11.62
2024-07-17,26.22,16.12,17.33,7.67,12,6.22,3.79,11.56
2024-07-16,26.23,16.18,17.3,7.71,12,6.23,3.77,11.49
2024-07-15,26.24,16.23,17.26,7.74,12,6.24,3.76,11.42
2024-07-14,26.25,16.29,17.23,7.78,12,6.25,3.75,11.34
2024-07-13,26.27,16.36,17.19,7.81,12,6.26,3.73,11.25
2024-06-08,26.77,19.19,15.51,9.47,11.98,6.72,3.2,6.7
2024-06-07,26.79,19.25,15.47,9.5,11.98,6.74,3.18,6.62
2024-06-06,26.8,19.31,15.44,9.54,11.98,6.75,3.17,6.56
2024-06-05,26.81,19.36,15.4,9.57,11.98,6.76,3.15,6.5
2024-06-04,26.82,19.41,15.37,9.61,11.98,6.78,3.13,6.44
2024-06-03,26.83,19.46,15.34,9.64,11.98,6.79,3.11,6.39
2024-06-02,26.84,19.5,15.32,9.66,11.98,6.8,3.09,6.33
2024-06-01,26.85,19.55,15.29,9.69,11.98,6.81,3.07,6.28
2024-05-31,26.86,19.6,15.26,9.72,11.98,6.81,3.05,6.23
2024-05-30,26.86,19.65,15.23,9.75,11.97,6.81,3.04,6.18
2024-05-29,26.87,19.71,15.2,9.77,11.97,6.81,3.03,6.14
2024-05-28,26.87,19.77,15.17,9.8,11.97,6.81,3.02,6.1
2024-05-27,26.87,19.82,15.14,9.83,11.96,6.8,3.02,6.06
2024-05-26,26.88,19.87,15.11,9.86,11.96,6.8,3.01,6.03
2024-05-25,26.88,19.92,15.08,9.88,11.96,6.8,3,5.99
2024-05-24,26.89,19.97,15.05,9.91,11.96,6.81,2.99,5.96
2024-05-23,26.9,20,15.03,9.93,11.96,6.82,2.99,5.94
2024-05-22,26.91,20.03,15.01,9.95,11.96,6.84,2.98,5.91
2024-05-21,26.92,20.05,15,9.97,11.97,6.86,2.97,5.89
2024-05-20,26.94,20.07,14.98,9.99,11.97,6.88,2.97,5.87
2024-05-19,26.95,20.09,14.97,10.01,11.97,6.9,2.97,5.85
2024-05-18,26.97,20.11,14.95,10.03,11.98,6.92,2.97,5.84
2024-05-17,26.98,20.12,14.94,10.04,11.98,6.94,2.96,5.83
2024-05-16,26.99,20.14,14.93,10.06,11.99,6.97,2.96,5.82
2024-05-15,27.01,20.15,14.92,10.07,11.99,6.99,2.96,5.81
2024-05-14,27.02,20.16,14.91,10.09,12,7.01,2.96,5.81
2024-05-13,27.04,20.17,14.9,10.1,12,7.04,2.96,5.8
2024-05-12,27.05,20.18,14.89,10.12,12.01,7.06,2.97,5.81
2024-05-11,27.07,20.18,14.88,10.13,12.01,7.09,2.97,5.81
2024-05-10,27.09,20.18,14.87,10.14,12.02,7.12,2.97,5.82
2024-05-09,27.1,20.18,14.87,10.15,12.02,7.15,2.97,5.83
2024-05-08,27.11,20.16,14.88,10.15,12.03,7.17,2.98,5.84
2024-05-07,27.12,20.14,14.89,10.15,12.04,7.2,2.98,5.86
2024-05-06,27.13,20.11,14.9,10.14,12.04,7.22,2.99,5.87
2024-05-05,27.14,20.09,14.91,10.14,12.05,7.24,3,5.89
2024-05-04,27.15,20.06,14.92,10.13,12.05,7.26,3.01,5.92
2024-05-03,27.16,20.03,14.94,10.12,12.06,7.28,3.02,5.94
2024-05-02,27.17,20,14.95,10.12,12.07,7.31,3.03,5.97
2024-05-01,27.19,19.98,14.96,10.12,12.07,7.34,3.04,6
2024-04-30,27.2,19.96,14.96,10.12,12.08,7.37,3.05,6.03
2024-04-29,27.22,19.94,14.96,10.13,12.09,7.4,3.06,6.07
2024-04-28,27.24,19.92,14.97,10.13,12.1,7.44,3.07,6.11
2024-04-27,27.26,19.89,14.98,10.13,12.11,7.48,3.08,6.15
2024-04-26,27.29,19.87,14.98,10.14,12.12,7.53,3.09,6.19
2024-04-25,27.31,19.84,14.99,10.14,12.13,7.57,3.1,6.24
2024-04-24,27.33,19.8,15,10.14,12.14,7.62,3.11,6.29
2024-03-15,28.58,17.6,15.8,10,12.76,10.22,3.81,NA
2024-03-14,28.61,17.56,15.82,10,12.77,10.26,3.82,NA
2024-03-13,28.63,17.53,15.83,10,12.78,10.31,3.84,NA
2024-03-12,28.65,17.5,15.84,10,12.79,10.34,3.85,NA
2024-03-11,28.67,17.47,15.85,10,12.8,10.38,3.86,NA
2024-03-10,28.69,17.44,15.86,10,12.81,10.42,3.87,NA
2024-03-09,28.71,17.4,15.87,10,12.83,10.47,3.88,NA
2024-03-08,28.74,17.36,15.89,10,12.84,10.53,3.89,NA
2024-03-07,28.77,17.31,15.9,10,12.85,10.59,3.9,NA
2024-03-06,28.8,17.27,15.92,10,12.87,10.65,3.92,NA
2024-03-05,28.83,17.22,15.93,10,12.88,10.71,3.93,NA
2024-03-04,28.86,17.17,15.95,10,12.9,10.77,3.95,NA
2024-03-03,28.89,17.13,15.96,10,12.91,10.83,3.96,NA
2024-03-02,28.91,17.1,15.97,10,12.93,10.88,3.97,NA
2024-03-01,28.93,17.07,15.98,10,12.94,10.91,3.98,NA
2024-02-29,28.95,17.05,15.99,10,12.95,10.94,3.99,NA
2024-02-28,28.96,17.03,15.99,10,12.95,10.96,3.99,NA
2024-02-27,28.97,17.02,16,10,12.96,10.98,4,NA
2024-02-26,28.98,17,16,10,12.97,11,4,NA
2024-02-25,28.99,16.99,16.01,10,12.97,11.02,4.01,NA
2024-02-24,29,16.98,16.01,10,12.98,11.04,4.01,NA
2024-02-23,29.01,16.96,16.02,10,12.99,11.05,4.01,NA
2024-02-22,29.02,16.95,16.02,10,12.99,11.07,4.02,NA
2024-02-21,29.03,16.94,16.02,10,13,11.08,4.02,NA
2024-02-20,29.04,16.93,16.03,10,13.01,11.1,4.02,NA
2024-02-19,29.05,16.92,16.03,10,13.02,11.11,4.03,NA
2024-02-18,29.06,16.91,16.03,10,13.03,11.12,4.03,NA
2024-02-17,29.07,16.9,16.03,10,13.05,11.13,4.04,NA
2024-02-16,29.08,16.9,16.03,10,13.06,11.13,4.04,NA
2024-02-15,29.09,16.89,16.03,10,13.07,11.14,4.04,NA
2024-02-14,29.1,16.89,16.03,10,13.08,11.14,4.04,NA
2024-02-13,29.1,16.89,16.03,10,13.1,11.14,4.05,NA
2024-02-12,29.11,16.89,16.03,10,13.11,11.14,4.05,NA
2024-02-11,29.12,16.88,16.03,10,13.12,11.14,4.05,NA
2024-02-10,29.12,16.88,16.03,10,13.13,11.14,4.06,NA
2024-02-09,29.13,16.88,16.03,10,13.15,11.14,4.06,NA
2024-02-08,29.14,16.88,16.02,10,13.16,11.14,4.06,NA
2024-02-07,29.14,16.88,16.02,10,13.17,11.14,4.06,NA
2024-02-06,29.15,16.89,16.02,10,13.19,11.13,4.07,NA
2024-02-05,29.16,16.89,16.01,10,13.21,11.12,4.07,NA
2024-02-04,29.17,16.9,16.01,10,13.23,11.11,4.07,NA
2024-02-03,29.18,16.91,16,10,13.25,11.1,4.07,NA
2024-02-02,29.19,16.92,15.99,10,13.27,11.08,4.07,NA
2024-02-01,29.2,16.93,15.98,10,13.29,11.05,4.07,NA
2024-01-31,29.21,16.95,15.96,10,13.31,11.03,4.07,NA
2024-01-30,29.23,16.97,15.95,10,13.34,11,4.06,NA
2023-12-02,29.59,19.03,14.69,10,15.03,7.85,3.81,NA
2023-12-01,29.57,19.04,14.7,10,15.04,7.85,3.82,NA
2023-11-30,29.54,19.04,14.71,10,15.04,7.84,3.83,NA
2023-11-29,29.51,19.05,14.72,10,15.05,7.84,3.83,NA
2023-11-28,29.49,19.05,14.73,10,15.05,7.84,3.84,NA
2023-11-27,29.46,19.05,14.74,10,15.05,7.84,3.85,NA
2023-11-26,29.43,19.05,14.76,10,15.05,7.85,3.86,NA
2023-11-25,29.41,19.06,14.77,10,15.06,7.85,3.86,NA
2023-11-24,29.38,19.06,14.78,10,15.06,7.85,3.87,NA
2023-11-23,29.35,19.05,14.8,10,15.05,7.86,3.88,NA
2023-11-22,29.32,19.05,14.82,10,15.05,7.87,3.89,NA
2023-11-21,29.28,19.05,14.83,10,15.05,7.88,3.91,NA
2023-11-20,29.25,19.05,14.85,10,15.05,7.89,3.92,NA
2023-11-19,29.21,19.04,14.87,10,15.04,7.9,3.93,NA
2023-11-18,29.17,19.04,14.9,10,15.04,7.91,3.94,NA
2023-11-17,29.13,19.03,14.92,10,15.03,7.93,3.95,NA
2023-11-16,29.09,19.03,14.94,10,15.03,7.95,3.97,NA
2023-11-15,29.05,19.02,14.97,10,15.02,7.96,3.98,NA
2023-11-14,29,19.01,14.99,10,15.01,7.98,4,NA
2023-11-13,28.96,19,15.02,10,15,8,4.01,NA
2023-11-12,28.91,18.99,15.05,10,14.99,8.02,4.03,NA
2023-11-11,28.87,18.98,15.08,10,14.98,8.05,4.04,NA
2023-11-10,28.82,18.97,15.1,10,14.97,8.07,4.06,NA
2023-11-09,28.77,18.96,15.14,10,14.96,8.1,4.07,NA
2023-11-08,28.72,18.95,15.17,10,14.95,8.12,4.09,NA
2023-11-07,28.67,18.94,15.2,10,14.94,8.15,4.11,NA
2023-11-06,28.61,18.92,15.23,10,14.92,8.18,4.12,NA
2023-11-05,28.56,18.91,15.27,10,14.91,8.21,4.14,NA
2023-11-04,28.5,18.89,15.3,10,14.89,8.24,4.16,NA
2023-11-03,28.45,18.88,15.34,10,14.88,8.28,4.18,NA
2023-11-02,28.39,18.86,15.37,10,14.86,8.31,4.2,NA
2023-11-01,28.33,18.84,15.41,10,14.84,8.35,4.22,NA
2023-10-31,28.27,18.82,15.45,10,14.82,8.39,4.24,NA
2023-10-30,28.21,18.8,15.49,10,14.8,8.42,4.26,NA
2023-10-29,28.15,18.78,15.53,10,14.78,8.47,4.28,NA
2023-10-28,28.09,18.76,15.57,10,14.76,8.51,4.3,NA
2023-10-27,28.03,18.74,15.62,10,14.74,8.55,4.32,NA
2023-10-26,27.96,18.72,15.66,10,14.72,8.59,4.34,NA
2023-10-25,27.89,18.7,15.7,10,14.7,8.64,4.36,NA
2023-10-24,27.83,18.67,15.75,10,14.67,8.69,4.39,NA
2023-10-23,27.76,18.65,15.8,10,14.65,8.73,4.41,NA
2023-10-22,27.69,18.62,15.84,10,14.62,8.78,4.43,NA
2023-10-21,27.62,18.6,15.89,10,14.6,8.83,4.46,NA
2023-10-20,27.55,18.57,15.94,10,14.57,8.89,4.48,NA
2023-10-19,27.47,18.54,15.99,10,14.54,8.94,4.51,NA
2023-10-18,27.4,18.52,16.04,10,14.52,8.99,4.53,NA
2023-10-17,27.32,18.49,16.09,10,14.49,9.05,4.56,NA
2023-10-16,27.25,18.46,16.15,10,14.46,9.11,4.58,NA
2023-10-15,27.17,18.43,16.2,10,14.43,9.16,4.61,NA
2023-10-14,27.1,18.4,16.25,10,14.4,9.22,4.64,NA
2023-10-13,27.03,18.37,16.3,10,14.37,9.27,4.66,NA
2023-10-12,26.95,18.34,16.36,10,14.34,9.33,4.69,NA
2023-10-11,26.88,18.31,16.41,10,14.3,9.39,4.72,NA
2023-10-10,26.8,18.28,16.47,10,14.27,9.45,4.74,NA
2023-10-09,26.72,18.25,16.52,10,14.24,9.51,4.77,NA
2023-10-08,26.64,18.21,16.58,10,14.2,9.57,4.8,NA
2023-10-07,26.56,18.18,16.64,10,14.17,9.64,4.82,NA
2023-10-06,26.48,18.14,16.7,10,14.13,9.7,4.85,NA
2023-10-05,26.39,18.11,16.76,10,14.09,9.77,4.88,NA
2023-10-04,26.31,18.07,16.82,10,14.06,9.84,4.91,NA
2023-10-03,26.24,18.04,16.87,10,14.02,9.9,4.93,NA
2023-10-02,26.16,18.01,16.93,10.01,13.98,9.96,4.97,NA
2023-10-01,26.09,17.98,16.99,10.01,13.94,10.02,5,NA
2023-09-30,26.02,17.95,17.04,10.01,13.9,10.08,5.02,NA
2023-09-29,25.96,17.92,17.09,10.01,13.86,10.13,5.05,NA
2023-09-28,25.9,17.89,17.15,10.01,13.83,10.18,5.08,NA
2023-09-27,25.84,17.86,17.2,10.01,13.79,10.24,5.11,NA
2023-05-20,29.74,17.96,18.05,10.97,9.12,9.12,5.03,NA
2023-05-19,29.76,17.96,18.05,10.97,9.11,9.11,5.02,NA
2023-05-18,29.77,17.96,18.05,10.97,9.1,9.11,5.02,NA
2023-05-17,29.78,17.96,18.05,10.97,9.09,9.1,5.02,NA
2023-05-16,29.8,17.96,18.05,10.98,9.08,9.1,5.02,NA
2023-05-15,29.81,17.96,18.05,10.98,9.07,9.09,5.02,NA
2023-05-14,29.82,17.97,18.05,10.98,9.06,9.09,5.02,NA
2023-05-13,29.84,17.97,18.05,10.98,9.05,9.08,5.02,NA
2023-05-12,29.85,17.97,18.04,10.99,9.04,9.07,5.02,NA
2023-05-11,29.86,17.97,18.04,10.99,9.04,9.07,5.02,NA
2023-05-10,29.88,17.97,18.04,10.99,9.03,9.06,5.01,NA
2023-05-09,29.89,17.98,18.04,10.99,9.02,9.06,5.01,NA
2023-05-08,29.9,17.98,18.04,10.99,9.02,9.05,5.01,NA
2023-05-07,29.91,17.98,18.04,10.99,9.01,9.05,5.01,NA
2023-05-06,29.92,17.98,18.04,10.99,9.01,9.05,5.01,NA
2023-05-05,29.93,17.98,18.03,11,9,9.04,5.01,NA
2023-05-04,29.94,17.98,18.03,11,9,9.04,5.01,NA
2023-05-03,29.95,17.98,18.03,11,8.99,9.03,5.01,NA
2023-05-02,29.96,17.99,18.03,11,8.99,9.03,5.01,NA
2023-05-01,29.97,17.99,18.03,11,8.98,9.02,5.01,NA
2023-04-30,29.98,17.99,18.02,11,8.98,9.02,5.01,NA
2023-04-29,29.99,17.99,18.02,11,8.98,9.01,5.01,NA
2023-04-28,29.99,17.99,18.02,11,8.97,9.01,5,NA
2023-04-27,30,17.99,18.02,11,8.97,9.01,5,NA
2023-04-26,30.01,18,18.01,11.01,8.97,9,5,NA
2023-04-25,30.02,18,18.01,11.01,8.97,9,5,NA
2023-04-24,30.02,18,18.01,11.01,8.97,9,5,NA
2023-04-23,30.03,18,18.01,11.01,8.97,8.99,5,NA
2023-04-22,30.03,18,18,11.01,8.97,8.99,5,NA
2023-04-21,30.04,18,18,11.01,8.97,8.99,5,NA
2023-04-20,30.05,18.01,18,11.01,8.97,8.98,5,NA
2023-04-19,30.05,18.01,17.99,11.01,8.97,8.98,5,NA
2023-04-18,30.06,18.01,17.99,11.01,8.97,8.98,5,NA
2023-04-17,30.06,18.01,17.99,11.01,8.97,8.97,4.99,NA
2023-04-16,30.07,18.01,17.98,11.01,8.98,8.97,4.99,NA
2023-04-15,30.07,18.01,17.98,11.01,8.98,8.97,4.99,NA
2023-04-14,30.07,18.02,17.98,11.01,8.98,8.96,4.99,NA
2023-04-13,30.08,18.02,17.97,11.01,8.98,8.96,4.99,NA
2023-04-12,30.08,18.02,17.97,11.01,8.99,8.96,4.99,NA
2023-04-11,30.08,18.02,17.97,11.01,8.99,8.95,4.99,NA
2023-04-10,30.09,18.02,17.96,11,9,8.95,4.99,NA
2023-04-09,30.09,18.02,17.96,11,9,8.95,4.99,NA
2023-04-08,30.09,18.02,17.95,11,9.01,8.95,4.99,NA
2023-04-07,30.09,18.03,17.95,11,9.01,8.94,4.99,NA
2023-04-06,30.09,18.03,17.95,11,9.02,8.94,4.98,NA
2023-04-05,30.09,18.03,17.94,11,9.03,8.94,4.98,NA
