Datum,GRÃœNE,SPD,CDU,FDP,AfD,Sonstige,LINKE
2026-02-26,22.62,9.01,28.66,4.92,19.83,5.28,7
2026-02-25,22.57,9.03,28.67,4.94,19.84,5.25,7
2026-02-24,22.52,9.04,28.69,4.95,19.85,5.22,7
2026-02-23,22.47,9.06,28.7,4.97,19.86,5.2,7
2026-02-22,22.42,9.08,28.72,4.98,19.88,5.17,7
2026-02-21,22.37,9.09,28.73,5,19.89,5.14,7
2026-02-20,22.31,9.11,28.74,5.01,19.9,5.12,7
2026-02-19,22.26,9.12,28.76,5.02,19.91,5.09,7
2026-02-18,22.21,9.14,28.77,5.04,19.92,5.06,7
2026-02-17,22.16,9.16,28.79,5.05,19.93,5.04,7
2026-02-16,22.11,9.17,28.8,5.07,19.95,5.01,7
2026-02-15,22.06,9.19,28.82,5.08,19.96,4.99,7
2026-02-14,22.02,9.21,28.83,5.09,19.97,4.96,7
2026-02-13,21.97,9.22,28.84,5.11,19.98,4.94,7
2026-02-12,21.92,9.24,28.86,5.12,19.99,4.91,7
2026-02-11,21.87,9.25,28.87,5.13,20,4.89,7
2026-02-10,21.82,9.27,28.89,5.15,20.01,4.86,7
2026-02-09,21.77,9.28,28.9,5.16,20.02,4.84,7
2026-02-08,21.73,9.3,28.91,5.17,20.03,4.81,7
2026-02-07,21.68,9.32,28.93,5.19,20.04,4.79,7
2026-02-06,21.63,9.33,28.94,5.2,20.05,4.76,7
2026-02-05,21.59,9.35,28.96,5.21,20.06,4.74,7
2026-02-04,21.54,9.36,28.97,5.23,20.07,4.71,7
2026-02-03,21.5,9.38,28.98,5.24,20.08,4.69,7
2026-02-02,21.45,9.39,29,5.25,20.09,4.67,7
2026-02-01,21.4,9.41,29.01,5.26,20.1,4.64,7
2026-01-31,21.36,9.42,29.02,5.28,20.11,4.62,7
2026-01-30,21.32,9.44,29.04,5.29,20.12,4.6,7
2026-01-29,21.27,9.45,29.05,5.3,20.13,4.57,7
2026-01-28,21.23,9.47,29.06,5.31,20.14,4.55,7
2026-01-27,21.18,9.48,29.08,5.32,20.15,4.53,7
2026-01-26,21.14,9.49,29.09,5.34,20.16,4.5,7
2026-01-25,21.1,9.51,29.1,5.35,20.17,4.48,7
2026-01-24,21.05,9.52,29.12,5.36,20.17,4.46,7
2026-01-23,21.01,9.54,29.13,5.37,20.18,4.44,7
2026-01-22,20.97,9.55,29.14,5.38,20.19,4.41,7
2025-11-30,19.18,10.18,29.77,5.84,20.46,3.48,7
2025-11-29,19.15,10.19,29.78,5.84,20.47,3.46,7
2025-11-28,19.12,10.2,29.79,5.85,20.47,3.45,7
2025-11-27,19.1,10.21,29.8,5.85,20.47,3.44,7
2025-11-26,19.07,10.22,29.81,5.86,20.47,3.42,7
2025-11-25,19.05,10.23,29.83,5.87,20.47,3.41,7
2025-11-24,19.02,10.24,29.84,5.87,20.47,3.4,7
2025-11-23,19,10.25,29.85,5.88,20.47,3.39,7
2025-11-22,18.97,10.26,29.86,5.88,20.48,3.37,7
2025-11-21,18.95,10.27,29.87,5.89,20.48,3.36,7
2025-11-20,18.93,10.28,29.88,5.89,20.48,3.35,7
2025-11-19,18.9,10.29,29.89,5.9,20.48,3.34,7
2025-11-18,18.88,10.3,29.9,5.9,20.48,3.32,7
2025-11-17,18.86,10.3,29.91,5.91,20.48,3.31,7
2025-11-16,18.84,10.31,29.92,5.91,20.48,3.3,7
2025-11-15,18.81,10.32,29.93,5.92,20.48,3.28,7
2025-11-14,18.79,10.33,29.94,5.92,20.48,3.27,7
2025-11-13,18.77,10.34,29.95,5.92,20.48,3.26,7
2025-11-12,18.75,10.35,29.96,5.93,20.48,3.25,7
2025-11-11,18.73,10.36,29.97,5.93,20.48,3.24,7
2025-11-10,18.71,10.37,29.98,5.94,20.48,3.23,7
2025-11-09,18.69,10.37,29.99,5.94,20.48,3.22,7
2025-11-08,18.67,10.38,30,5.94,20.48,3.21,7
2025-11-07,18.65,10.39,30.01,5.95,20.48,3.2,7
2025-11-06,18.63,10.4,30.02,5.95,20.48,3.18,7
2025-11-05,18.61,10.41,30.03,5.96,20.48,3.17,7
2025-11-04,18.59,10.42,30.03,5.96,20.48,3.16,7
2025-11-03,18.57,10.43,30.04,5.96,20.47,3.15,7
2025-11-02,18.55,10.43,30.05,5.97,20.47,3.14,7
2025-11-01,18.53,10.44,30.06,5.97,20.47,3.12,7
2025-10-31,18.51,10.45,30.07,5.97,20.47,3.11,7
2025-10-30,18.5,10.46,30.08,5.98,20.47,3.1,7
2025-10-29,18.48,10.47,30.09,5.98,20.47,3.09,7
2025-10-28,18.46,10.48,30.1,5.98,20.47,3.08,7
2025-10-27,18.44,10.48,30.11,5.99,20.46,3.07,7
2025-10-26,18.43,10.49,30.12,5.99,20.46,3.06,7
2025-10-25,18.41,10.5,30.13,5.99,20.46,3.05,7
2025-10-24,18.4,10.5,30.14,5.99,20.46,3.05,7
2025-10-23,18.38,10.51,30.15,5.99,20.45,3.04,7
2025-10-22,18.37,10.52,30.15,6,20.45,3.03,7
2025-10-21,18.36,10.52,30.16,6,20.45,3.03,7
2025-10-20,18.34,10.52,30.17,6,20.44,3.02,7
2025-10-19,18.33,10.53,30.18,6,20.44,3.02,7
2025-10-18,18.32,10.53,30.19,6,20.44,3.01,7.01
2025-10-17,18.31,10.53,30.2,6,20.43,3.01,7.01
2025-10-16,18.3,10.54,30.21,6,20.43,3,7.01
2025-06-29,18.94,10.25,30.93,5.39,19.25,3.79,7.26
2025-06-28,18.94,10.27,30.93,5.39,19.24,3.8,7.27
2025-06-27,18.94,10.28,30.94,5.38,19.22,3.81,7.28
2025-06-26,18.95,10.29,30.94,5.38,19.21,3.82,7.29
2025-06-25,18.95,10.31,30.94,5.38,19.2,3.82,7.3
2025-06-24,18.96,10.32,30.95,5.37,19.19,3.83,7.31
2025-06-23,18.96,10.34,30.95,5.37,19.18,3.84,7.32
2025-06-22,18.97,10.36,30.96,5.37,19.17,3.85,7.33
2025-06-21,18.97,10.37,30.96,5.36,19.16,3.86,7.33
2025-06-20,18.98,10.39,30.96,5.36,19.15,3.87,7.34
2025-06-19,18.98,10.41,30.96,5.36,19.14,3.88,7.35
2025-06-18,18.99,10.43,30.97,5.35,19.13,3.89,7.36
2025-06-17,18.99,10.44,30.97,5.35,19.11,3.9,7.37
2025-06-16,19,10.46,30.97,5.35,19.1,3.91,7.37
2025-06-15,19,10.48,30.98,5.34,19.09,3.92,7.38
2025-06-14,19.01,10.5,30.98,5.34,19.08,3.93,7.38
2025-06-13,19.01,10.52,30.98,5.34,19.07,3.94,7.38
2025-06-12,19.01,10.54,30.98,5.34,19.06,3.95,7.37
2025-06-11,19,10.56,30.99,5.34,19.05,3.96,7.37
2025-06-10,19,10.58,30.99,5.34,19.05,3.97,7.37
2025-06-09,19,10.61,30.99,5.34,19.04,3.98,7.36
2025-06-08,18.99,10.64,30.98,5.34,19.03,3.99,7.36
2025-06-07,18.99,10.66,30.98,5.34,19.03,4,7.36
2025-06-06,18.98,10.69,30.98,5.34,19.02,4.01,7.35
2025-06-05,18.97,10.73,30.97,5.34,19.02,4.02,7.34
2025-06-04,18.96,10.76,30.97,5.35,19.01,4.03,7.33
2025-06-03,18.96,10.79,30.96,5.35,19.01,4.05,7.31
2025-06-02,18.95,10.83,30.96,5.35,19,4.06,7.3
2025-06-01,18.93,10.86,30.95,5.36,19,4.07,7.28
2025-05-31,18.92,10.9,30.95,5.36,19,4.08,7.27
2025-05-30,18.91,10.93,30.94,5.37,18.99,4.09,7.25
2025-05-29,18.9,10.97,30.94,5.37,18.99,4.11,7.24
2025-05-28,18.89,11,30.94,5.37,18.99,4.12,7.22
2025-05-27,18.87,11.03,30.93,5.38,18.98,4.13,7.2
2025-05-26,18.86,11.07,30.92,5.38,18.98,4.14,7.19
2025-05-25,18.86,11.11,30.92,5.38,18.98,4.15,7.17
2025-05-24,18.85,11.15,30.9,5.39,18.98,4.17,7.15
2025-05-23,18.85,11.19,30.89,5.39,18.98,4.19,7.13
2025-05-22,18.85,11.23,30.88,5.39,18.98,4.2,7.1
2025-05-21,18.85,11.27,30.87,5.39,18.98,4.22,7.08
2025-05-20,18.85,11.31,30.85,5.39,18.98,4.24,7.05
2025-05-19,18.85,11.35,30.84,5.39,18.98,4.26,7.03
2025-05-18,18.85,11.39,30.83,5.39,18.98,4.27,7
2025-05-17,18.85,11.43,30.82,5.39,18.98,4.29,6.98
2025-05-16,18.85,11.47,30.81,5.39,18.98,4.31,6.96
2025-05-15,18.84,11.5,30.8,5.39,18.97,4.32,6.93
2025-05-14,18.84,11.54,30.79,5.39,18.97,4.33,6.9
2025-05-13,18.84,11.57,30.79,5.39,18.96,4.35,6.87
2025-05-12,18.84,11.6,30.79,5.39,18.96,4.36,6.84
2025-05-11,18.84,11.64,30.78,5.4,18.95,4.37,6.81
2025-05-10,18.84,11.67,30.78,5.39,18.94,4.38,6.77
2025-05-09,18.84,11.7,30.77,5.39,18.94,4.4,6.73
2025-04-01,19.44,12.78,30.71,5.19,18.51,4.9,4.64
2025-03-31,19.46,12.8,30.71,5.18,18.49,4.91,4.6
2025-03-30,19.48,12.82,30.72,5.18,18.47,4.92,4.56
2025-03-29,19.51,12.84,30.73,5.17,18.45,4.93,4.52
2025-03-28,19.53,12.86,30.74,5.16,18.43,4.93,4.48
2025-03-27,19.55,12.87,30.75,5.15,18.41,4.94,4.45
2025-03-26,19.57,12.89,30.76,5.14,18.39,4.95,4.42
2025-03-25,19.6,12.9,30.77,5.14,18.37,4.95,4.39
2025-03-24,19.62,12.92,30.78,5.13,18.34,4.96,4.36
2025-03-23,19.64,12.93,30.79,5.12,18.32,4.96,4.33
2025-03-22,19.67,12.94,30.81,5.11,18.29,4.96,4.3
2025-03-21,19.7,12.95,30.82,5.1,18.27,4.97,4.27
2025-03-20,19.73,12.96,30.84,5.09,18.24,4.97,4.24
2025-03-19,19.76,12.97,30.85,5.08,18.21,4.97,4.22
2025-03-18,19.79,12.98,30.87,5.06,18.17,4.97,4.19
2025-03-17,19.82,12.99,30.89,5.05,18.14,4.97,4.15
2025-03-16,19.86,13,30.91,5.04,18.11,4.97,4.12
2025-03-15,19.89,13.01,30.93,5.02,18.08,4.97,4.09
2025-03-14,19.92,13.01,30.95,5.01,18.05,4.96,4.07
2025-03-13,19.95,13.02,30.97,5,18.01,4.96,4.04
2025-03-12,19.98,13.03,30.99,4.99,17.98,4.96,4.02
2025-03-11,20.01,13.03,31,4.98,17.95,4.96,3.99
2025-03-10,20.03,13.04,31.02,4.97,17.93,4.97,3.97
2025-03-09,20.06,13.05,31.04,4.96,17.9,4.97,3.95
2025-03-08,20.09,13.05,31.07,4.95,17.87,4.97,3.92
2025-03-07,20.12,13.05,31.09,4.94,17.83,4.96,3.9
2025-03-06,20.15,13.06,31.12,4.93,17.79,4.96,3.88
2025-03-05,20.18,13.06,31.14,4.91,17.75,4.95,3.85
2025-03-04,20.22,13.06,31.17,4.9,17.71,4.94,3.83
2025-03-03,20.25,13.06,31.2,4.89,17.67,4.93,3.82
2025-03-02,20.29,13.06,31.23,4.87,17.63,4.92,3.8
2025-03-01,20.32,13.06,31.26,4.86,17.59,4.91,3.79
2025-02-28,20.35,13.05,31.29,4.84,17.54,4.91,3.78
2025-02-27,20.39,13.05,31.32,4.83,17.5,4.9,3.77
2025-02-26,20.42,13.05,31.35,4.82,17.47,4.89,3.76
2025-02-25,20.45,13.05,31.38,4.81,17.43,4.88,3.75
2025-02-24,20.47,13.05,31.4,4.8,17.39,4.88,3.74
2025-02-23,20.5,13.05,31.43,4.79,17.36,4.88,3.73
2025-02-22,20.52,13.04,31.45,4.78,17.33,4.88,3.71
2025-02-21,20.55,13.04,31.48,4.78,17.3,4.87,3.7
2025-02-20,20.57,13.03,31.52,4.77,17.26,4.87,3.68
2025-02-19,20.6,13.02,31.55,4.76,17.22,4.86,3.66
2025-02-18,20.63,13.01,31.59,4.75,17.18,4.85,3.65
2025-02-17,20.67,13,31.63,4.74,17.14,4.85,3.63
2025-02-16,20.7,12.98,31.67,4.73,17.1,4.84,3.61
2025-02-15,20.74,12.97,31.71,4.73,17.05,4.83,3.6
2025-01-26,21.39,12.54,32.66,4.59,16.11,4.59,NA
2025-01-25,21.41,12.53,32.7,4.58,16.07,4.59,NA
2025-01-24,21.42,12.51,32.74,4.58,16.04,4.59,NA
2025-01-23,21.43,12.5,32.77,4.58,16.02,4.58,NA
2025-01-22,21.43,12.49,32.8,4.58,15.99,4.58,NA
2025-01-21,21.43,12.48,32.83,4.59,15.97,4.59,3.2
2025-01-20,21.43,12.47,32.85,4.59,15.96,4.59,3.18
2025-01-19,21.43,12.46,32.88,4.59,15.93,4.59,3.17
2025-01-18,21.44,12.45,32.92,4.59,15.91,4.59,3.16
2025-01-17,21.45,12.44,32.95,4.6,15.89,4.6,3.15
2025-01-16,21.45,12.43,32.99,4.6,15.86,4.6,3.13
2025-01-15,21.46,12.41,33.02,4.6,15.84,4.6,3.12
2025-01-14,21.47,12.4,33.06,4.6,15.81,4.6,3.11
2025-01-13,21.47,12.38,33.1,4.61,15.78,4.61,3.1
2025-01-12,21.48,12.37,33.13,4.61,15.76,4.61,3.09
2025-01-11,21.48,12.36,33.17,4.61,15.74,4.61,3.08
2025-01-10,21.48,12.34,33.2,4.62,15.72,4.62,3.06
2025-01-09,21.48,12.33,33.23,4.63,15.7,4.63,3.05
2025-01-08,21.47,12.32,33.26,4.63,15.69,4.63,3.04
2025-01-07,21.46,12.32,33.28,4.64,15.67,4.64,3.03
2025-01-06,21.44,12.31,33.3,4.65,15.67,4.65,3.02
2025-01-05,21.42,12.3,33.32,4.65,15.66,4.65,3.02
2025-01-04,21.4,12.3,33.33,4.67,15.67,4.67,3.01
2025-01-03,21.36,12.3,33.35,4.68,15.67,4.68,3
2025-01-02,21.33,12.29,33.36,4.7,15.68,4.7,3
2025-01-01,21.29,12.29,33.37,4.71,15.7,4.71,2.99
2024-12-31,21.25,12.28,33.38,4.73,15.71,4.73,2.99
2024-12-30,21.2,12.28,33.39,4.75,15.73,4.75,2.98
2024-12-29,21.16,12.28,33.4,4.77,15.74,4.77,2.98
2024-12-28,21.11,12.27,33.41,4.79,15.76,4.79,2.97
2024-12-27,21.07,12.27,33.42,4.81,15.78,4.81,2.97
2024-12-26,21.02,12.27,33.42,4.82,15.79,4.82,2.96
2024-12-25,20.98,12.27,33.43,4.84,15.81,4.84,2.96
2024-12-24,20.95,12.27,33.44,4.85,15.82,4.85,2.96
2024-12-23,20.91,12.27,33.45,4.87,15.83,4.87,2.96
2024-12-22,20.87,12.27,33.46,4.88,15.84,4.88,2.96
2024-12-21,20.82,12.27,33.46,4.89,15.86,4.89,2.96
2024-12-20,20.77,12.28,33.46,4.91,15.89,4.91,2.96
2024-12-19,20.7,12.29,33.46,4.93,15.93,4.93,2.96
2024-12-18,20.63,12.3,33.46,4.95,15.97,4.95,2.96
2024-12-17,20.56,12.31,33.45,4.98,16.01,4.97,2.97
2024-12-16,20.48,12.32,33.44,5,16.06,4.99,2.97
2024-12-15,20.4,12.33,33.44,5.02,16.11,5.01,2.97
2024-12-14,20.32,12.34,33.43,5.05,16.16,5.03,2.97
2024-12-13,20.24,12.35,33.42,5.07,16.2,5.05,2.97
2024-12-12,20.16,12.36,33.41,5.09,16.25,5.07,2.97
2024-12-11,20.09,12.37,33.4,5.12,16.29,5.09,2.97
2024-12-10,20.02,12.38,33.4,5.14,16.33,5.11,2.97
2024-12-09,19.96,12.39,33.39,5.15,16.36,5.13,2.97
2024-12-08,19.91,12.39,33.39,5.17,16.38,5.14,2.97
2024-12-07,19.86,12.4,33.39,5.18,16.4,5.16,2.97
2024-11-25,19.04,12.67,33.32,5.31,16.78,5.24,3
2024-11-24,18.96,12.7,33.31,5.32,16.81,5.25,3
2024-11-23,18.89,12.73,33.3,5.33,16.84,5.26,3
2024-11-22,18.82,12.76,33.29,5.34,16.87,5.26,3
2024-11-21,18.75,12.78,33.28,5.35,16.9,5.27,3
2024-11-20,18.68,12.8,33.27,5.36,16.93,5.28,3
2024-11-19,18.62,12.82,33.26,5.37,16.96,5.29,3
2024-11-18,18.56,12.84,33.24,5.38,16.98,5.3,3
2024-11-17,18.51,12.86,33.23,5.39,17.01,5.31,3
2024-11-16,18.46,12.87,33.21,5.4,17.02,5.33,3
2024-11-15,18.41,12.88,33.2,5.42,17.04,5.35,3
2024-11-14,18.37,12.88,33.18,5.43,17.05,5.37,3
2024-11-13,18.34,12.88,33.17,5.45,17.06,5.39,3
2024-11-12,18.31,12.88,33.15,5.46,17.07,5.41,3
2024-11-11,18.28,12.88,33.13,5.48,17.07,5.43,3
2024-11-10,18.25,12.88,33.11,5.49,17.08,5.45,3
2024-11-09,18.22,12.88,33.09,5.51,17.08,5.47,3
2024-11-08,18.18,12.89,33.07,5.52,17.08,5.49,3
2024-11-07,18.15,12.89,33.04,5.53,17.08,5.51,3
2024-11-06,18.12,12.89,33.02,5.55,17.08,5.53,3
2024-11-05,18.1,12.9,33,5.56,17.08,5.56,3
2024-11-04,18.07,12.9,32.97,5.57,17.08,5.58,3
2024-11-03,18.04,12.9,32.95,5.59,17.08,5.6,3
2024-11-02,18.02,12.9,32.92,5.6,17.07,5.62,3
2024-11-01,18,12.89,32.9,5.62,17.07,5.65,3
2024-10-31,17.98,12.89,32.88,5.63,17.07,5.67,3
2024-10-30,17.96,12.88,32.85,5.65,17.06,5.7,3
2024-10-29,17.95,12.86,32.83,5.67,17.06,5.73,3
2024-10-28,17.95,12.85,32.8,5.69,17.05,5.76,3
2024-10-27,17.94,12.83,32.77,5.71,17.04,5.8,3
2024-10-26,17.95,12.81,32.74,5.73,17.02,5.83,3
2024-10-25,17.95,12.78,32.7,5.75,17.01,5.87,3
2024-10-24,17.96,12.76,32.67,5.77,16.99,5.91,3
2024-10-23,17.97,12.73,32.64,5.8,16.97,5.95,3
2024-10-22,17.97,12.71,32.6,5.82,16.95,5.99,3
2024-10-21,17.98,12.68,32.57,5.84,16.93,6.03,3
2024-10-20,17.99,12.65,32.53,5.86,16.91,6.06,3
2024-10-19,18,12.63,32.5,5.88,16.89,6.1,3
2024-10-18,18.01,12.6,32.47,5.91,16.88,6.14,3
2024-10-17,18.02,12.58,32.44,5.93,16.86,6.17,3
2024-10-16,18.02,12.56,32.41,5.95,16.85,6.21,3
2024-10-15,18.02,12.53,32.38,5.97,16.84,6.24,3
2024-10-14,18.03,12.51,32.35,5.99,16.82,6.28,3
2024-10-13,18.05,12.47,32.32,6.01,16.81,6.33,3
2024-10-12,18.07,12.43,32.29,6.04,16.79,6.37,3
2024-10-11,18.09,12.39,32.25,6.07,16.77,6.42,3
2024-10-10,18.12,12.34,32.22,6.1,16.75,6.48,NA
2024-09-29,18.54,11.73,31.82,6.44,16.47,7.12,3
2024-09-28,18.57,11.67,31.78,6.47,16.44,7.18,3
2024-09-27,18.61,11.62,31.75,6.5,16.42,7.23,3
2024-09-26,18.64,11.58,31.71,6.52,16.39,7.28,3
2024-09-25,18.67,11.53,31.68,6.55,16.37,7.33,3
2024-09-24,18.7,11.5,31.64,6.57,16.35,7.37,3
2024-09-23,18.72,11.46,31.61,6.6,16.32,7.41,3
2024-09-22,18.74,11.43,31.58,6.62,16.3,7.44,3
2024-09-21,18.76,11.41,31.55,6.64,16.29,7.47,3
2024-09-20,18.77,11.39,31.52,6.66,16.27,7.5,3
2024-09-19,18.79,11.36,31.49,6.68,16.25,7.53,3
2024-09-18,18.8,11.33,31.46,6.7,16.23,7.56,3
2024-09-17,18.82,11.31,31.42,6.72,16.21,7.6,3
2024-09-16,18.83,11.28,31.38,6.75,16.19,7.64,3
2024-09-15,18.85,11.25,31.35,6.77,16.17,7.67,3
2024-09-14,18.87,11.22,31.31,6.8,16.15,7.71,3
2024-09-13,18.88,11.19,31.27,6.82,16.13,7.75,3
2024-09-12,18.9,11.16,31.24,6.85,16.11,7.78,3
2024-09-11,18.92,11.14,31.2,6.87,16.09,7.81,3
2024-09-10,18.93,11.12,31.17,6.89,16.07,7.84,3
2024-09-09,18.95,11.09,31.14,6.91,16.05,7.87,3
2024-09-08,18.96,11.08,31.11,6.93,16.04,7.89,3
2024-09-07,18.97,11.06,31.08,6.95,16.02,7.91,3
2024-09-06,18.98,11.05,31.05,6.96,16,7.93,3
2024-09-05,18.99,11.04,31.02,6.97,15.98,7.94,3
2024-09-04,18.99,11.04,30.99,6.99,15.96,7.96,3
2024-09-03,19,11.03,30.96,7,15.94,7.97,3
2024-09-02,19.01,11.02,30.93,7.02,15.93,7.98,3
2024-09-01,19.02,11.02,30.9,7.03,15.91,7.99,3
2024-08-31,19.02,11.02,30.87,7.04,15.89,8,3
2024-08-30,19.03,11.01,30.84,7.05,15.87,8.01,3
2024-08-29,19.04,11.01,30.81,7.07,15.85,8.02,3
2024-08-28,19.04,11.01,30.78,7.08,15.83,8.03,3
2024-08-27,19.05,11.01,30.75,7.09,15.81,8.04,3
2024-08-26,19.05,11.01,30.72,7.1,15.8,8.04,3
2024-08-25,19.06,11.01,30.7,7.11,15.78,8.04,3
2024-08-24,19.07,11.01,30.67,7.12,15.76,8.05,3
2024-08-23,19.07,11.01,30.65,7.13,15.74,8.05,3
2024-08-22,19.08,11.01,30.63,7.13,15.73,8.05,3
2024-08-21,19.08,11.02,30.6,7.14,15.71,8.05,3
2024-08-20,19.07,11.03,30.58,7.14,15.7,8.05,3
2024-08-19,19.07,11.05,30.56,7.15,15.68,8.04,3
2024-08-18,19.06,11.07,30.53,7.15,15.67,8.04,3
2024-08-17,19.04,11.09,30.5,7.15,15.65,8.03,3
2024-08-16,19.03,11.12,30.48,7.14,15.64,8.02,3
2024-08-15,19.01,11.14,30.45,7.14,15.63,8.01,3
2024-07-28,18.69,11.78,30.07,7.02,15.39,7.64,3
2024-07-27,18.69,11.8,30.06,7.01,15.38,7.61,3
2024-07-26,18.7,11.82,30.06,7.01,15.36,7.58,3
2024-07-25,18.71,11.84,30.05,7.01,15.34,7.55,3
2024-07-24,18.72,11.85,30.05,7,15.33,7.52,3
2024-07-23,18.74,11.86,30.05,7,15.31,7.49,3
2024-07-22,18.75,11.86,30.05,7,15.29,7.46,3
2024-07-21,18.77,11.87,30.05,7,15.27,7.42,3
2024-07-20,18.79,11.88,30.06,7,15.24,7.38,3
2024-07-19,18.81,11.88,30.06,7,15.22,7.34,3
2024-07-18,18.83,11.89,30.07,7,15.19,7.29,3
2024-07-17,18.85,11.9,30.07,7,15.16,7.25,3
2024-07-16,18.87,11.91,30.08,7,15.13,7.2,3
2024-07-15,18.9,11.92,30.09,7,15.1,7.15,3
2024-07-14,18.92,11.92,30.1,7,15.08,7.1,3
2024-07-13,18.94,11.93,30.1,7,15.05,7.05,3
2024-07-12,18.97,11.93,30.11,7,15.02,7,3
2024-07-11,19,11.94,30.12,7,15,6.95,3
2024-07-10,19.03,11.94,30.14,7,14.97,6.91,3
2024-07-09,19.06,11.94,30.15,7,14.95,6.87,3
2024-07-08,19.09,11.94,30.16,7,14.93,6.82,3
2024-07-07,19.13,11.93,30.17,7,14.91,6.78,3
2024-07-06,19.17,11.92,30.2,7,14.89,6.73,3
2024-07-05,19.22,11.91,30.23,7,14.86,6.66,3
2024-07-04,19.27,11.9,30.27,7,14.83,6.6,3
2024-07-03,19.32,11.89,30.31,7,14.8,6.52,3
2024-07-02,19.37,11.87,30.35,7,14.77,6.45,3
2024-07-01,19.43,11.86,30.39,7,14.73,6.37,3
2024-06-30,19.49,11.84,30.44,7,14.7,6.29,3
2024-06-29,19.54,11.82,30.48,7,14.67,6.22,3
2024-06-28,19.6,11.81,30.52,7,14.64,6.15,3
2024-06-27,19.65,11.79,30.56,7,14.62,6.08,3
2024-06-26,19.71,11.78,30.59,7,14.59,6.02,3
2024-06-25,19.76,11.77,30.62,7,14.58,5.98,3
2024-06-24,19.8,11.76,30.64,7,14.56,5.94,3
2024-06-23,19.85,11.75,30.65,7,14.55,5.9,3
2024-06-22,19.91,11.73,30.68,7,14.54,5.86,3
2024-06-21,19.97,11.71,30.71,7,14.53,5.81,3
2024-06-20,20.04,11.69,30.75,7,14.51,5.75,3
2024-06-19,20.1,11.66,30.79,7,14.5,5.7,3
2024-06-18,20.18,11.64,30.84,7,14.48,5.64,3
2024-06-17,20.25,11.61,30.88,7,14.47,5.58,3
2024-06-16,20.32,11.58,30.93,7,14.45,5.52,3
2024-06-15,20.4,11.56,30.97,7,14.44,5.47,3
2024-06-14,20.47,11.53,31.01,7,14.43,5.41,3
2024-06-13,20.54,11.51,31.05,7,14.42,5.37,3
2024-06-12,20.6,11.48,31.08,7,14.41,5.32,NA
2024-06-11,20.67,11.46,31.1,7,14.41,5.29,NA
2024-06-10,20.72,11.45,31.12,7,14.41,5.26,NA
2024-06-09,20.78,11.43,31.13,7,14.41,5.24,NA
2024-06-08,20.84,11.42,31.15,7,14.42,5.23,NA
2024-06-07,20.9,11.4,31.16,7,14.42,5.21,NA
2024-06-06,20.97,11.38,31.17,7,14.43,5.2,NA
2024-06-05,21.03,11.36,31.18,7,14.44,5.19,NA
2024-06-04,21.1,11.34,31.19,7,14.46,5.18,NA
2024-06-03,21.17,11.32,31.19,7,14.47,5.17,NA
2024-06-02,21.24,11.3,31.2,7,14.49,5.17,NA
2024-06-01,21.31,11.28,31.21,7,14.5,5.17,NA
2024-05-31,21.38,11.26,31.21,7,14.52,5.16,NA
2024-05-30,21.44,11.24,31.22,7,14.53,5.16,NA
2024-05-29,21.51,11.23,31.22,7,14.55,5.16,NA
2024-05-28,21.56,11.21,31.22,7,14.56,5.16,NA
2024-05-27,21.61,11.2,31.22,7,14.57,5.15,NA
2024-05-26,21.66,11.19,31.22,7,14.58,5.16,NA
2024-05-25,21.71,11.18,31.22,7,14.6,5.17,NA
2024-05-24,21.76,11.17,31.21,7,14.61,5.18,NA
2024-05-23,21.82,11.16,31.2,7,14.63,5.2,NA
2024-05-22,21.87,11.15,31.18,7,14.65,5.22,NA
2024-05-21,21.93,11.15,31.16,7,14.67,5.25,NA
2024-05-20,21.99,11.14,31.14,7,14.69,5.29,NA
2024-05-19,22.05,11.13,31.12,7,14.71,5.32,NA
2024-05-18,22.11,11.13,31.1,7,14.73,5.36,NA
2024-05-17,22.17,11.12,31.07,7,14.75,5.41,NA
2024-05-16,22.23,11.12,31.05,7,14.78,5.45,NA
2024-05-05,22.8,11.07,30.75,7,15.08,5.93,3
2024-05-04,22.83,11.06,30.73,7,15.11,5.96,3
2024-05-03,22.86,11.05,30.71,7,15.13,5.99,3
2024-05-02,22.89,11.04,30.7,7,15.16,6.01,3
2024-05-01,22.92,11.03,30.68,7,15.19,6.03,3
2024-04-30,22.94,11.03,30.65,7,15.22,6.08,3
2024-04-29,22.95,11.03,30.61,7,15.26,6.13,3
2024-04-28,22.97,11.03,30.57,7,15.3,6.19,3
2024-04-27,22.98,11.04,30.52,7,15.34,6.27,3
2024-04-26,22.99,11.04,30.47,7,15.38,6.34,3
2024-04-25,23,11.05,30.42,7,15.42,6.42,3
2024-04-24,23.01,11.06,30.37,7,15.47,6.49,3
2024-04-23,23.02,11.06,30.32,7,15.51,6.57,3
2024-04-22,23.03,11.06,30.28,7,15.55,6.63,3
2024-04-21,23.03,11.06,30.24,7,15.59,6.69,3
2024-04-20,23.04,11.06,30.21,7,15.63,6.73,3
2024-04-19,23.05,11.05,30.19,7,15.67,6.76,3
2024-04-18,23.06,11.04,30.18,7,15.71,6.77,3
2024-04-17,23.07,11.02,30.17,7,15.74,6.77,3
2024-04-16,23.07,11.01,30.17,7,15.78,6.77,3
2024-04-15,23.07,10.99,30.16,7,15.82,6.77,3
2024-04-14,23.07,10.97,30.16,7,15.86,6.77,3
2024-04-13,23.06,10.96,30.15,7,15.9,6.77,3
2024-04-12,23.06,10.94,30.15,7,15.95,6.76,3
2024-04-11,23.05,10.92,30.14,7,15.99,6.76,3
2024-04-10,23.04,10.9,30.14,7,16.04,6.75,3
2024-04-09,23.03,10.88,30.14,7,16.08,6.75,3
2024-04-08,23.02,10.86,30.13,7,16.12,6.74,3
2024-04-07,23.01,10.84,30.13,7,16.17,6.73,3
2024-04-06,23,10.82,30.13,7,16.21,6.72,3
2024-04-05,22.99,10.8,30.14,7,16.25,6.7,3
2024-04-04,22.98,10.78,30.14,7,16.29,6.69,3
2024-04-03,22.98,10.76,30.15,7,16.32,6.67,3
2024-04-02,22.98,10.74,30.15,7,16.36,6.64,3
2024-04-01,22.97,10.71,30.16,7,16.39,6.62,3
2024-03-31,22.97,10.69,30.18,7,16.43,6.59,3
2024-03-30,22.96,10.67,30.19,7,16.46,6.56,3
2024-03-29,22.95,10.64,30.21,7,16.5,6.52,3
2024-03-28,22.94,10.62,30.22,7,16.53,6.48,3
2024-03-27,22.94,10.59,30.24,7,16.57,6.44,3
2024-03-26,22.92,10.56,30.26,7,16.6,6.4,3
2024-03-25,22.91,10.53,30.28,7,16.64,6.35,3
2024-03-24,22.9,10.51,30.3,7,16.67,6.31,3
2024-03-23,22.89,10.48,30.33,7,16.71,6.26,3
2024-03-22,22.88,10.45,30.35,7,16.74,6.21,3
2024-03-21,22.86,10.42,30.38,7,16.78,6.15,3
2024-03-03,22.57,9.87,30.91,7,17.34,5.07,NA
2024-03-02,22.55,9.84,30.94,7,17.37,5.01,NA
2024-03-01,22.53,9.8,30.98,7,17.4,4.93,NA
2024-02-29,22.5,9.76,31.03,7,17.42,4.83,NA
2024-02-28,22.48,9.72,31.09,7,17.45,4.73,NA
2024-02-27,22.45,9.68,31.14,7,17.48,4.62,NA
2024-02-26,22.42,9.63,31.21,6.99,17.5,4.51,NA
2024-02-25,22.39,9.58,31.27,6.99,17.53,4.39,NA
2024-02-24,22.36,9.53,31.33,6.99,17.55,4.27,NA
2024-02-23,22.33,9.49,31.39,6.99,17.57,4.16,NA
2024-02-22,22.3,9.45,31.45,6.99,17.6,4.05,NA
2024-02-21,22.27,9.4,31.5,6.99,17.62,3.95,NA
2024-02-20,22.25,9.37,31.55,6.99,17.65,3.86,NA
2024-02-19,22.23,9.33,31.59,6.99,17.67,3.78,NA
2024-02-18,22.21,9.31,31.63,6.99,17.7,3.71,NA
2024-02-17,22.19,9.28,31.65,6.99,17.72,3.67,NA
2024-02-16,22.18,9.26,31.67,6.99,17.75,3.62,NA
2024-02-15,22.17,9.24,31.7,6.99,17.77,3.58,NA
2024-02-14,22.15,9.22,31.72,6.99,17.8,3.53,NA
2024-02-13,22.13,9.2,31.75,6.99,17.82,3.47,NA
2024-02-12,22.12,9.17,31.78,7,17.85,3.41,NA
2024-02-11,22.1,9.15,31.81,7,17.88,3.36,NA
2024-02-10,22.08,9.13,31.84,7,17.9,3.3,NA
2024-02-09,22.06,9.1,31.87,7,17.93,3.25,NA
2024-02-08,22.05,9.08,31.9,7,17.95,3.2,NA
2024-02-07,22.03,9.07,31.92,7.01,17.98,3.15,NA
2024-02-06,22.02,9.05,31.94,7.01,18,3.12,NA
2024-02-05,22.01,9.04,31.96,7.01,18.03,3.08,NA
2024-02-04,21.99,9.03,31.97,7.01,18.05,3.06,NA
2024-02-03,21.98,9.02,31.97,7.02,18.08,3.05,NA
2024-02-02,21.98,9.02,31.98,7.02,18.1,3.04,NA
2024-02-01,21.97,9.01,31.98,7.03,18.13,3.03,NA
2024-01-31,21.96,9.01,31.99,7.03,18.16,3.02,NA
2024-01-30,21.95,9,32,7.04,18.19,3,NA
2024-01-29,21.94,8.99,32,7.04,18.21,2.99,NA
2024-01-28,21.93,8.98,32.01,7.04,18.24,2.97,NA
2024-01-27,21.92,8.98,32.02,7.05,18.27,2.96,NA
2024-01-26,21.91,8.97,32.03,7.05,18.3,2.95,NA
2024-01-25,21.9,8.97,32.03,7.06,18.32,2.93,NA
2024-01-24,21.89,8.96,32.04,7.06,18.35,2.93,NA
2024-01-23,21.88,8.96,32.04,7.07,18.38,2.92,NA
2024-01-22,21.87,8.96,32.04,7.07,18.4,2.92,NA
2024-01-21,21.86,8.96,32.04,7.08,18.43,2.92,NA
2024-01-20,21.86,8.96,32.04,7.08,18.45,2.93,NA
2024-01-19,21.85,8.97,32.03,7.09,18.48,2.94,NA
2024-01-18,21.84,8.98,32.02,7.1,18.5,2.96,NA
2023-11-11,21.75,11.49,29.74,7.99,19.9,7.98,NA
2023-11-10,21.76,11.52,29.7,8,19.91,8.05,NA
2023-11-09,21.77,11.56,29.66,8,19.92,8.11,NA
2023-11-08,21.78,11.59,29.62,8.01,19.93,8.18,NA
2023-11-07,21.79,11.62,29.58,8.01,19.94,8.24,NA
2023-11-06,21.8,11.65,29.55,8.02,19.94,8.3,NA
2023-11-05,21.81,11.68,29.51,8.02,19.95,8.36,NA
2023-11-04,21.82,11.71,29.47,8.02,19.96,8.41,NA
2023-11-03,21.83,11.73,29.43,8.02,19.96,8.46,NA
2023-11-02,21.85,11.76,29.39,8.02,19.97,8.51,NA
2023-11-01,21.86,11.78,29.36,8.02,19.97,8.56,NA
2023-10-31,21.87,11.8,29.32,8.02,19.97,8.61,NA
2023-10-30,21.89,11.83,29.29,8.02,19.98,8.65,NA
2023-10-29,21.9,11.85,29.25,8.01,19.98,8.69,NA
2023-10-28,21.92,11.87,29.21,8.01,19.98,8.74,NA
2023-10-27,21.94,11.89,29.17,8,19.98,8.78,NA
2023-10-26,21.96,11.91,29.13,8,19.98,8.82,NA
2023-10-25,21.98,11.93,29.09,7.99,19.97,8.87,NA
2023-10-24,22,11.95,29.05,7.99,19.97,8.91,NA
2023-10-23,22.02,11.98,29.01,7.98,19.97,8.95,NA
2023-10-22,22.04,12,28.97,7.97,19.96,8.99,NA
2023-10-21,22.06,12.02,28.92,7.97,19.96,9.03,NA
2023-10-20,22.08,12.04,28.88,7.96,19.96,9.07,NA
2023-10-19,22.1,12.06,28.84,7.95,19.95,9.11,NA
2023-10-18,22.12,12.08,28.8,7.95,19.95,9.15,NA
2023-10-17,22.14,12.1,28.77,7.94,19.95,9.19,NA
2023-10-16,22.16,12.12,28.73,7.93,19.95,9.23,NA
2023-10-15,22.17,12.13,28.69,7.93,19.94,9.27,NA
2023-10-14,22.19,12.15,28.65,7.92,19.94,9.31,NA
2023-10-13,22.21,12.17,28.62,7.92,19.94,9.34,NA
2023-10-12,22.23,12.19,28.58,7.91,19.93,9.38,NA
2023-10-11,22.25,12.21,28.54,7.9,19.93,9.42,NA
2023-10-10,22.27,12.23,28.5,7.89,19.92,9.45,NA
2023-10-09,22.29,12.25,28.46,7.89,19.92,9.49,NA
2023-10-08,22.31,12.26,28.42,7.88,19.91,9.53,NA
2023-10-07,22.34,12.28,28.38,7.87,19.91,9.56,NA
2023-10-06,22.36,12.3,28.34,7.86,19.9,9.6,NA
2023-10-05,22.38,12.32,28.3,7.85,19.9,9.63,NA
2023-10-04,22.4,12.33,28.26,7.84,19.89,9.67,NA
2023-10-03,22.42,12.35,28.23,7.83,19.88,9.7,NA
2023-10-02,22.44,12.37,28.19,7.82,19.88,9.73,NA
2023-10-01,22.46,12.38,28.15,7.82,19.87,9.77,NA
2023-09-30,22.49,12.4,28.11,7.8,19.86,9.8,NA
2023-09-29,22.51,12.41,28.07,7.79,19.86,9.83,NA
2023-09-28,22.53,12.43,28.03,7.78,19.85,9.87,NA
2023-09-27,22.55,12.44,27.98,7.76,19.85,9.9,NA
2023-09-03,23.21,12.73,26.81,7.2,19.67,10.61,NA
2023-09-02,23.24,12.74,26.77,7.19,19.65,10.63,NA
2023-09-01,23.27,12.75,26.73,7.17,19.63,10.65,NA
2023-08-31,23.3,12.76,26.69,7.15,19.61,10.67,NA
2023-08-30,23.33,12.77,26.65,7.14,19.59,10.69,NA
2023-08-29,23.36,12.78,26.61,7.12,19.57,10.71,NA
2023-08-28,23.39,12.79,26.58,7.11,19.55,10.72,NA
2023-08-27,23.42,12.8,26.55,7.1,19.53,10.74,NA
2023-08-26,23.45,12.81,26.52,7.1,19.5,10.75,NA
2023-08-25,23.48,12.82,26.49,7.09,19.47,10.77,NA
2023-08-24,23.51,12.83,26.46,7.09,19.44,10.78,NA
2023-08-23,23.54,12.84,26.43,7.08,19.42,10.79,NA
2023-08-22,23.57,12.85,26.41,7.08,19.39,10.8,NA
2023-08-21,23.61,12.86,26.38,7.07,19.36,10.82,NA
2023-08-20,23.64,12.87,26.35,7.07,19.33,10.83,NA
2023-08-19,23.67,12.88,26.32,7.06,19.3,10.84,NA
2023-08-18,23.7,12.89,26.29,7.06,19.27,10.86,NA
2023-08-17,23.74,12.9,26.26,7.05,19.23,10.87,NA
2023-08-16,23.77,12.91,26.23,7.05,19.2,10.88,NA
2023-08-15,23.8,12.92,26.21,7.04,19.17,10.89,NA
2023-08-14,23.84,12.93,26.18,7.04,19.14,10.9,NA
2023-08-13,23.87,12.94,26.16,7.04,19.1,10.91,NA
2023-08-12,23.9,12.95,26.13,7.04,19.06,10.92,NA
2023-08-11,23.93,12.96,26.11,7.04,19.03,10.92,NA
2023-08-10,23.97,12.97,26.09,7.04,18.99,10.93,NA
2023-08-09,24,12.98,26.07,7.04,18.95,10.93,NA
2023-08-08,24.03,12.99,26.04,7.04,18.92,10.94,NA
2023-08-07,24.07,13,26.02,7.03,18.88,10.95,NA
2023-08-06,24.1,13.01,25.99,7.03,18.85,10.96,NA
2023-08-05,24.14,13.02,25.96,7.03,18.81,10.97,NA
2023-08-04,24.18,13.03,25.93,7.02,18.77,10.98,NA
2023-08-03,24.21,13.04,25.91,7.02,18.73,10.99,NA
2023-08-02,24.25,13.05,25.88,7.02,18.7,11,NA
2023-08-01,24.28,13.06,25.85,7.02,18.66,11,NA
2023-07-31,24.32,13.07,25.83,7.02,18.62,11.01,NA
2023-07-30,24.36,13.08,25.81,7.02,18.58,11.02,NA
2023-07-29,24.39,13.09,25.79,7.02,18.53,11.02,NA
2023-07-28,24.43,13.1,25.77,7.02,18.49,11.02,NA
2023-07-27,24.46,13.11,25.75,7.03,18.44,11.01,NA
2023-07-26,24.5,13.11,25.74,7.03,18.4,11.01,NA
2023-07-25,24.54,13.12,25.73,7.04,18.35,11,NA
2023-07-24,24.57,13.12,25.72,7.05,18.29,10.99,NA
2023-07-23,24.61,13.13,25.72,7.06,18.24,10.98,NA
2023-07-22,24.65,13.13,25.71,7.07,18.18,10.96,NA
2023-07-21,24.69,13.13,25.71,7.08,18.12,10.95,NA
2023-07-20,24.73,13.13,25.7,7.09,18.06,10.93,NA
2023-05-18,27.43,12.98,26.76,8.62,13.13,8.51,3
2023-05-17,27.45,13,26.77,8.64,13.08,8.5,3
2023-05-16,27.46,13.01,26.78,8.67,13.03,8.49,3
2023-05-15,27.47,13.02,26.8,8.69,12.98,8.48,3
2023-05-14,27.48,13.04,26.81,8.71,12.93,8.47,3
2023-05-13,27.49,13.06,26.81,8.74,12.88,8.47,3
2023-05-12,27.49,13.08,26.82,8.76,12.84,8.47,3
2023-05-11,27.49,13.1,26.83,8.78,12.8,8.47,3
2023-05-10,27.49,13.13,26.84,8.81,12.75,8.48,3
2023-05-09,27.48,13.16,26.85,8.84,12.71,8.49,3
2023-05-08,27.47,13.19,26.86,8.87,12.66,8.51,3
2023-05-07,27.46,13.23,26.87,8.91,12.61,8.53,3
2023-05-06,27.45,13.27,26.88,8.94,12.57,8.55,3
2023-05-05,27.43,13.31,26.88,8.97,12.52,8.57,3
2023-05-04,27.42,13.35,26.89,9.01,12.47,8.59,3
2023-05-03,27.41,13.39,26.9,9.04,12.43,8.61,3
2023-05-02,27.4,13.42,26.91,9.07,12.38,8.63,3
2023-05-01,27.39,13.45,26.92,9.1,12.34,8.64,3
2023-04-30,27.38,13.48,26.93,9.12,12.3,8.65,3
2023-04-29,27.38,13.5,26.94,9.15,12.26,8.65,3
2023-04-28,27.38,13.51,26.94,9.17,12.23,8.65,3
2023-04-27,27.39,13.53,26.95,9.18,12.2,8.64,3
2023-04-26,27.39,13.54,26.96,9.2,12.16,8.64,3
2023-04-25,27.4,13.55,26.96,9.22,12.13,8.63,3
2023-04-24,27.4,13.56,26.97,9.24,12.1,8.63,3
2023-04-23,27.4,13.57,26.98,9.25,12.06,8.62,3
2023-04-22,27.41,13.59,26.99,9.27,12.03,8.62,3
2023-04-21,27.41,13.6,26.99,9.29,12,8.61,3
2023-04-20,27.41,13.61,27,9.31,11.97,8.61,3
2023-04-19,27.42,13.62,27.01,9.33,11.93,8.6,3
2023-04-18,27.42,13.64,27.01,9.34,11.9,8.6,3
2023-04-17,27.42,13.65,27.02,9.36,11.87,8.59,3
2023-04-16,27.43,13.66,27.03,9.38,11.84,8.59,3
2023-04-15,27.43,13.67,27.03,9.39,11.82,8.58,3
2023-04-14,27.44,13.67,27.04,9.41,11.79,8.57,3
2023-04-13,27.44,13.68,27.04,9.42,11.77,8.56,3
2023-04-12,27.44,13.69,27.05,9.44,11.74,8.56,3
2023-04-11,27.44,13.7,27.06,9.45,11.72,8.55,3
2023-04-10,27.44,13.71,27.06,9.47,11.7,8.55,3
2023-04-09,27.43,13.73,27.07,9.48,11.68,8.55,3
2023-04-08,27.43,13.74,27.07,9.5,11.65,8.55,3
2023-04-07,27.43,13.75,27.08,9.51,11.63,8.55,3
2023-04-06,27.42,13.76,27.08,9.53,11.61,8.54,3
2023-04-05,27.42,13.78,27.09,9.54,11.6,8.54,3
2023-04-04,27.41,13.79,27.1,9.56,11.58,8.54,3
2023-04-03,27.41,13.8,27.1,9.57,11.56,8.54,3
2023-04-02,27.4,13.81,27.11,9.58,11.54,8.54,NA
2023-04-01,27.4,13.82,27.11,9.6,11.52,8.54,NA
2023-03-31,27.39,13.83,27.12,9.61,11.51,8.53,NA
2023-03-30,27.39,13.84,27.12,9.62,11.49,8.53,NA
2023-03-29,27.39,13.85,27.13,9.64,11.48,8.52,NA
2023-03-28,27.39,13.85,27.13,9.65,11.46,8.51,NA
2023-03-27,27.38,13.86,27.14,9.66,11.45,8.51,NA
2023-03-26,27.38,13.87,27.15,9.67,11.44,8.5,NA
2023-03-25,27.37,13.87,27.15,9.68,11.43,8.49,NA
2023-03-24,27.37,13.88,27.16,9.69,11.42,8.48,NA
2023-03-23,27.36,13.88,27.16,9.7,11.41,8.47,NA
2022-12-17,26.02,13.61,27.54,9.58,13.22,7.21,3
2022-12-16,26.03,13.61,27.53,9.59,13.22,7.2,3
2022-12-15,26.04,13.61,27.53,9.59,13.22,7.19,3
2022-12-14,26.04,13.61,27.52,9.59,13.22,7.18,3
2022-12-13,26.05,13.61,27.52,9.59,13.21,7.17,3
2022-12-12,26.06,13.62,27.51,9.59,13.21,7.16,3
2022-12-11,26.07,13.62,27.5,9.59,13.2,7.15,3
2022-12-10,26.08,13.62,27.5,9.6,13.2,7.14,3
2022-12-09,26.09,13.62,27.49,9.6,13.19,7.13,3
2022-12-08,26.1,13.63,27.48,9.6,13.18,7.12,3
2022-12-07,26.12,13.63,27.47,9.6,13.17,7.11,3
2022-12-06,26.13,13.64,27.46,9.61,13.16,7.1,3
2022-12-05,26.14,13.64,27.45,9.61,13.15,7.1,3
2022-12-04,26.16,13.65,27.43,9.61,13.14,7.09,3
2022-12-03,26.17,13.65,27.42,9.61,13.13,7.08,3
2022-12-02,26.19,13.66,27.41,9.62,13.12,7.07,3
2022-12-01,26.21,13.66,27.4,9.62,13.11,7.06,3
2022-11-30,26.22,13.67,27.39,9.62,13.1,7.06,3
2022-11-29,26.24,13.67,27.38,9.62,13.09,7.05,3
2022-11-28,26.25,13.67,27.37,9.63,13.08,7.04,3
2022-11-27,26.26,13.68,27.36,9.63,13.07,7.03,3
2022-11-26,26.28,13.68,27.35,9.64,13.06,7.02,3
2022-11-25,26.29,13.68,27.34,9.64,13.05,7.01,3
2022-11-24,26.31,13.68,27.33,9.65,13.03,7.01,3
2022-11-23,26.32,13.68,27.32,9.65,13.02,7,3
2022-11-22,26.34,13.69,27.31,9.66,13.01,6.99,3
2022-11-21,26.36,13.69,27.3,9.66,12.99,6.98,3
2022-11-20,26.37,13.69,27.29,9.67,12.98,6.98,3
2022-11-19,26.39,13.7,27.28,9.67,12.96,6.97,3
2022-11-18,26.41,13.7,27.27,9.68,12.95,6.96,3
2022-11-17,26.43,13.7,27.26,9.68,12.93,6.96,3
2022-11-16,26.45,13.7,27.25,9.69,12.92,6.95,3
2022-11-15,26.46,13.71,27.24,9.69,12.9,6.94,3
2022-11-14,26.48,13.71,27.23,9.7,12.88,6.94,3
2022-11-13,26.5,13.71,27.22,9.71,12.87,6.93,3
2022-11-12,26.52,13.72,27.21,9.71,12.85,6.92,3
2022-11-11,26.53,13.72,27.2,9.72,12.84,6.92,3
2022-11-10,26.56,13.73,27.18,9.72,12.82,6.91,3
2022-11-09,26.58,13.74,27.16,9.73,12.8,6.91,3
2022-11-08,26.61,13.75,27.14,9.73,12.78,6.91,3
2022-11-07,26.64,13.77,27.11,9.73,12.76,6.91,3
2022-11-06,26.67,13.79,27.08,9.73,12.73,6.91,3
2022-11-05,26.7,13.81,27.06,9.74,12.71,6.91,3
2022-11-04,26.74,13.82,27.03,9.74,12.68,6.91,3
2022-11-03,26.77,13.84,27,9.74,12.65,6.91,3
2022-11-02,26.81,13.86,26.97,9.75,12.63,6.91,3
2022-11-01,26.84,13.88,26.94,9.75,12.6,6.91,3
2022-10-31,26.87,13.9,26.92,9.75,12.58,6.92,3
2022-10-30,26.9,13.91,26.89,9.76,12.55,6.92,3
2022-10-29,26.93,13.92,26.87,9.76,12.53,6.91,3
2022-10-28,26.95,13.93,26.85,9.77,12.51,6.91,3
2022-10-27,26.97,13.94,26.84,9.77,12.49,6.91,3
2022-08-27,28.81,13.92,26.1,10.78,10.51,6.88,3
2022-08-26,28.83,13.92,26.09,10.79,10.48,6.88,3
2022-08-25,28.85,13.92,26.09,10.81,10.45,6.89,3
2022-08-24,28.86,13.92,26.08,10.82,10.42,6.89,3
2022-08-23,28.88,13.92,26.07,10.83,10.39,6.89,3
2022-08-22,28.9,13.92,26.07,10.85,10.37,6.9,3
2022-08-21,28.91,13.93,26.06,10.86,10.34,6.9,3
2022-08-20,28.93,13.93,26.05,10.87,10.31,6.91,3
2022-08-19,28.94,13.93,26.05,10.88,10.29,6.91,3
2022-08-18,28.95,13.93,26.04,10.89,10.26,6.92,3
2022-08-17,28.96,13.94,26.04,10.91,10.24,6.92,3
2022-08-16,28.97,13.94,26.03,10.91,10.21,6.93,3
2022-08-15,28.98,13.95,26.03,10.92,10.19,6.93,3
2022-08-14,28.99,13.95,26.02,10.93,10.17,6.94,3
2022-08-13,28.99,13.96,26.02,10.94,10.15,6.94,3
2022-08-12,29,13.96,26.02,10.95,10.13,6.95,3
2022-08-11,29,13.96,26.01,10.96,10.1,6.96,3
2022-08-10,29.01,13.97,26.01,10.97,10.08,6.96,3
2022-08-09,29.01,13.97,26.01,10.97,10.06,6.97,3
2022-08-08,29.02,13.97,26.01,10.98,10.04,6.98,3
2022-08-07,29.02,13.98,26.01,10.99,10.02,6.98,3
2022-08-06,29.02,13.98,26.01,11,10,6.99,3
2022-08-05,29.02,13.98,26.01,11,9.98,7,3
2022-08-04,29.03,13.99,26.01,11.01,9.96,7.01,3
2022-08-03,29.03,13.99,26.01,11.02,9.94,7.01,3
2022-08-02,29.03,14,26.01,11.03,9.92,7.02,3
2022-08-01,29.03,14,26,11.03,9.9,7.03,3
2022-07-31,29.03,14.01,26,11.04,9.88,7.04,3
2022-07-30,29.03,14.01,26.01,11.04,9.86,7.04,3
2022-07-29,29.03,14.01,26.01,11.04,9.85,7.05,3
2022-07-28,29.03,14.01,26.02,11.05,9.83,7.06,3
2022-07-27,29.03,14,26.04,11.04,9.81,7.07,3
2022-07-26,29.03,13.99,26.05,11.04,9.8,7.08,3
2022-07-25,29.03,13.99,26.07,11.04,9.78,7.09,3
2022-07-24,29.03,13.98,26.08,11.04,9.77,7.1,3
2022-07-23,29.02,13.98,26.1,11.04,9.76,7.11,3
2022-07-22,29.02,13.97,26.11,11.03,9.74,7.12,3
2022-07-21,29.02,13.97,26.12,11.03,9.73,7.13,3
2022-07-20,29.01,13.97,26.13,11.03,9.71,7.14,3
2022-07-19,29.01,13.97,26.14,11.03,9.7,7.15,3
2022-07-18,29,13.97,26.15,11.03,9.69,7.16,3
2022-07-17,28.99,13.98,26.15,11.03,9.67,7.17,3
2022-07-16,28.99,13.99,26.15,11.03,9.66,7.18,3
2022-07-15,28.98,13.99,26.15,11.03,9.65,7.2,3
2022-07-14,28.97,14,26.15,11.03,9.63,7.21,3
2022-07-13,28.96,14.01,26.16,11.03,9.62,7.23,3
2022-06-05,28.18,14.61,26.14,10.75,9.19,8.13,3
2022-06-04,28.16,14.64,26.13,10.75,9.19,8.14,3
2022-06-03,28.13,14.67,26.11,10.75,9.18,8.16,3
2022-06-02,28.1,14.7,26.1,10.75,9.18,8.17,3
2022-06-01,28.08,14.73,26.08,10.75,9.17,8.18,3
2022-05-31,28.05,14.77,26.06,10.76,9.17,8.2,3
2022-05-30,28.03,14.8,26.05,10.76,9.16,8.21,3
2022-05-29,28,14.84,26.03,10.77,9.16,8.21,3
2022-05-28,27.97,14.88,26.01,10.77,9.15,8.22,3
2022-05-27,27.95,14.92,25.98,10.78,9.15,8.22,3
2022-05-26,27.92,14.96,25.96,10.79,9.15,8.23,3
2022-05-25,27.89,15.01,25.93,10.8,9.14,8.23,3
2022-05-24,27.85,15.07,25.9,10.81,9.14,8.24,3
2022-05-23,27.81,15.13,25.86,10.82,9.14,8.24,3
2022-05-22,27.77,15.2,25.82,10.83,9.14,8.25,3
2022-05-21,27.73,15.26,25.78,10.84,9.14,8.25,3
2022-05-20,27.69,15.33,25.74,10.85,9.15,8.25,3
2022-05-19,27.65,15.4,25.7,10.86,9.15,8.26,3
2022-05-18,27.6,15.47,25.66,10.87,9.15,8.26,3
2022-05-17,27.56,15.54,25.62,10.88,9.15,8.26,3
2022-05-16,27.53,15.6,25.58,10.9,9.15,8.26,3
2022-05-15,27.49,15.66,25.54,10.91,9.15,8.26,3
2022-05-14,27.46,15.72,25.51,10.92,9.15,8.26,3
2022-05-13,27.43,15.77,25.48,10.94,9.16,8.25,3
2022-05-12,27.4,15.82,25.45,10.96,9.16,8.25,2.99
2022-05-11,27.37,15.88,25.41,10.98,9.16,8.23,2.99
2022-05-10,27.34,15.95,25.37,11,9.15,8.22,2.99
2022-05-09,27.31,16.02,25.33,11.03,9.15,8.19,2.98
2022-05-08,27.27,16.1,25.28,11.05,9.15,8.17,2.98
2022-05-07,27.24,16.19,25.24,11.08,9.15,8.14,2.98
2022-05-06,27.2,16.28,25.19,11.11,9.15,8.12,2.97
2022-05-05,27.17,16.37,25.14,11.15,9.15,8.09,2.97
2022-05-04,27.13,16.46,25.09,11.18,9.15,8.06,2.97
2022-05-03,27.1,16.55,25.04,11.21,9.15,8.03,2.97
2022-05-02,27.06,16.63,24.99,11.24,9.15,8,2.97
2022-05-01,27.03,16.71,24.94,11.27,9.15,7.98,2.97
2022-04-30,27,16.78,24.9,11.3,9.15,7.95,2.96
2022-04-29,26.97,16.85,24.85,11.32,9.16,7.93,2.96
2022-04-28,26.94,16.91,24.81,11.35,9.16,7.92,2.96
2022-04-27,26.91,16.96,24.78,11.37,9.17,7.9,2.95
2022-04-26,26.88,17.01,24.74,11.4,9.17,7.88,2.95
2022-04-25,26.86,17.06,24.7,11.43,9.18,7.85,2.95
2022-04-24,26.84,17.12,24.66,11.46,9.19,7.81,2.95
2022-04-23,26.82,17.17,24.61,11.5,9.19,7.78,2.94
2022-04-22,26.8,17.22,24.57,11.54,9.2,7.74,2.95
2022-04-21,26.78,17.27,24.53,11.58,9.2,7.7,2.95
2022-04-20,26.77,17.32,24.49,11.62,9.21,7.66,2.95
2022-04-19,26.75,17.36,24.45,11.66,9.21,7.62,2.95
2022-04-18,26.73,17.41,24.42,11.69,9.22,7.59,2.94
2022-04-17,26.71,17.45,24.38,11.73,9.23,7.56,2.94
2022-04-16,26.7,17.49,24.34,11.76,9.24,7.53,2.94
2022-04-15,26.68,17.52,24.3,11.79,9.25,7.5,2.94
2022-04-14,26.65,17.56,24.27,11.81,9.26,7.49,2.94
2022-04-13,26.63,17.59,24.23,11.83,9.27,7.47,2.94
2022-04-12,26.61,17.61,24.2,11.85,9.29,7.46,2.94
2022-04-11,26.6,17.63,24.17,11.87,9.3,7.44,2.94
2022-04-10,26.58,17.64,24.13,11.89,9.32,7.43,2.95
2022-04-09,26.56,17.65,24.1,11.91,9.34,7.42,2.95
2022-04-08,26.55,17.66,24.07,11.94,9.36,7.4,2.95
2022-04-07,26.53,17.67,24.04,11.96,9.38,7.39,2.96
2022-04-06,26.52,17.67,24,11.98,9.4,7.38,2.96
2022-04-05,26.5,17.67,23.97,12,9.43,7.36,2.96
2022-04-04,26.49,17.67,23.94,12.02,9.45,7.35,2.96
2022-04-03,26.47,17.68,23.91,12.04,9.47,7.34,2.97
2022-04-02,26.46,17.68,23.88,12.06,9.49,7.33,2.97
2022-04-01,26.45,17.68,23.85,12.07,9.51,7.32,2.98
2022-03-31,26.43,17.68,23.82,12.09,9.53,7.32,2.98
2022-03-30,26.41,17.69,23.8,12.1,9.55,7.31,3
2022-03-29,26.4,17.7,23.77,12.12,9.57,7.3,3.01
2022-03-28,26.38,17.7,23.74,12.13,9.59,7.3,3.02
2022-03-27,26.37,17.7,23.71,12.14,9.61,7.29,3.04
2022-03-26,26.36,17.7,23.68,12.16,9.63,7.29,3.06
2022-03-25,26.34,17.7,23.66,12.17,9.65,7.28,3.08
2022-03-24,26.33,17.7,23.63,12.19,9.67,7.27,3.1
2022-03-23,26.32,17.7,23.6,12.2,9.69,7.27,3.12
2022-03-22,26.3,17.69,23.58,12.22,9.71,7.26,3.14
2022-03-21,26.29,17.69,23.55,12.23,9.73,7.26,3.16
2022-03-20,26.28,17.68,23.53,12.24,9.76,7.25,3.18
2022-03-19,26.27,17.67,23.5,12.25,9.78,7.25,3.2
2022-03-18,26.26,17.66,23.48,12.26,9.8,7.25,3.22
2022-03-17,26.25,17.65,23.46,12.27,9.82,7.25,3.24
2022-03-16,26.23,17.63,23.44,12.28,9.85,7.25,3.26
2022-03-15,26.22,17.62,23.42,12.29,9.87,7.25,3.29
2022-03-14,26.22,17.6,23.4,12.3,9.89,7.25,3.31
2022-03-13,26.21,17.58,23.38,12.31,9.92,7.24,3.34
2022-03-12,26.21,17.56,23.36,12.33,9.94,7.24,3.37
2022-03-11,26.21,17.53,23.34,12.34,9.96,7.23,3.4
2022-03-10,26.21,17.5,23.32,12.36,9.98,7.22,3.43
2022-03-06,26.21,17.37,23.26,12.42,10.08,7.18,3.53
2022-03-05,26.21,17.34,23.25,12.44,10.1,7.17,3.55
2022-03-04,26.21,17.3,23.23,12.45,10.13,7.16,3.57
2022-03-03,26.21,17.26,23.22,12.46,10.15,7.16,3.59
2022-03-02,26.21,17.23,23.2,12.46,10.18,7.16,3.6
2022-03-01,26.21,17.19,23.19,12.47,10.21,7.17,3.62
2022-02-28,26.2,17.15,23.18,12.47,10.23,7.18,3.64
2022-02-27,26.2,17.11,23.17,12.46,10.26,7.2,3.66
2022-02-26,26.19,17.07,23.16,12.45,10.29,7.22,3.68
2022-02-25,26.18,17.02,23.15,12.44,10.33,7.25,3.7
2022-02-24,26.18,16.96,23.15,12.42,10.36,7.28,3.72
2022-02-23,26.18,16.89,23.15,12.4,10.4,7.31,3.74
2022-02-22,26.18,16.82,23.15,12.38,10.44,7.35,3.75
2022-02-21,26.18,16.74,23.16,12.36,10.48,7.39,3.77
2022-02-20,26.17,16.67,23.16,12.34,10.52,7.42,3.79
2022-02-19,26.17,16.59,23.16,12.32,10.56,7.46,3.8
2022-02-18,26.17,16.52,23.16,12.29,10.59,7.49,3.82
2022-02-17,26.17,16.46,23.16,12.28,10.63,7.52,3.84
2022-02-16,26.17,16.4,23.16,12.26,10.66,7.55,3.87
2022-02-15,26.16,16.35,23.15,12.25,10.69,7.57,3.89
2022-02-14,26.16,16.32,23.13,12.25,10.71,7.59,3.91
2022-02-13,26.15,16.3,23.11,12.25,10.73,7.6,3.92
2022-02-12,26.15,16.28,23.08,12.25,10.75,7.61,3.94
2022-02-11,26.14,16.26,23.06,12.25,10.77,7.62,3.96
2022-02-10,26.13,16.24,23.03,12.24,10.79,7.63,3.97
2022-02-09,26.12,16.21,23.01,12.24,10.81,7.65,3.98
2022-02-08,26.11,16.19,22.98,12.23,10.83,7.67,3.99
2022-02-07,26.1,16.16,22.96,12.22,10.86,7.69,4
2022-02-06,26.09,16.13,22.93,12.21,10.88,7.71,4.01
2022-02-05,26.08,16.11,22.91,12.21,10.9,7.73,4.02
2022-02-04,26.08,16.08,22.88,12.2,10.92,7.75,4.03
2022-02-03,26.07,16.06,22.85,12.2,10.94,7.76,4.04
2022-02-02,26.06,16.04,22.82,12.19,10.96,7.77,4.05
2022-02-01,26.05,16.03,22.79,12.2,10.98,7.78,4.06
2022-01-31,26.04,16.02,22.76,12.2,10.99,7.79,4.06
2022-01-30,26.04,16.02,22.73,12.21,11,7.79,4.07
2022-01-29,26.03,16.02,22.69,12.22,11,7.78,4.07
2022-01-28,26.02,16.03,22.65,12.24,11.01,7.77,4.07
2022-01-27,26.02,16.05,22.61,12.26,11.01,7.75,4.07
2022-01-26,26.01,16.06,22.57,12.27,11.01,7.74,4.07
2022-01-25,26.01,16.08,22.53,12.29,11,7.72,4.07
2022-01-24,26.01,16.09,22.48,12.31,11,7.7,4.07
2022-01-23,26,16.12,22.43,12.34,11,7.68,4.06
2022-01-22,26,16.14,22.39,12.36,10.99,7.66,4.06
2022-01-21,25.99,16.16,22.34,12.38,10.99,7.64,4.05
2022-01-20,25.99,16.19,22.29,12.41,10.98,7.62,4.04
2021-11-28,25.83,18.98,19.25,14.38,9.75,5.59,3.17
2021-11-27,25.82,19.03,19.21,14.42,9.73,5.56,3.16
2021-11-26,25.81,19.09,19.17,14.46,9.7,5.53,3.15
2021-11-25,25.81,19.14,19.14,14.5,9.68,5.5,3.14
2021-11-24,25.8,19.19,19.1,14.53,9.65,5.48,3.14
2021-11-23,25.79,19.24,19.06,14.57,9.63,5.45,3.13
2021-11-22,25.79,19.29,19.03,14.61,9.6,5.42,3.12
2021-11-21,25.78,19.34,18.99,14.65,9.58,5.39,3.11
2021-11-20,25.78,19.4,18.95,14.69,9.55,5.36,3.1
2021-11-19,25.77,19.45,18.92,14.73,9.52,5.33,3.09
2021-11-18,25.76,19.51,18.88,14.77,9.49,5.3,3.09
2021-11-17,25.76,19.57,18.84,14.81,9.46,5.26,3.08
2021-11-16,25.75,19.62,18.8,14.85,9.43,5.23,3.07
2021-11-15,25.74,19.68,18.77,14.9,9.41,5.2,3.06
2021-11-14,25.74,19.74,18.73,14.94,9.38,5.17,3.06
2021-11-13,25.73,19.79,18.7,14.98,9.35,5.14,3.05
2021-11-12,25.72,19.85,18.66,15.02,9.32,5.11,3.05
2021-11-11,25.71,19.9,18.63,15.06,9.29,5.08,3.04
2021-11-10,25.71,19.96,18.6,15.1,9.26,5.06,3.03
2021-11-09,25.7,20.01,18.57,15.14,9.24,5.03,3.03
2021-11-08,25.69,20.06,18.55,15.17,9.21,5.01,3.02
2021-11-07,25.68,20.11,18.52,15.21,9.18,4.98,3.02
2021-11-06,25.67,20.17,18.49,15.25,9.16,4.96,3.01
2021-11-05,25.66,20.22,18.47,15.29,9.13,4.94,3.01
2021-11-04,25.65,20.27,18.44,15.33,9.1,4.92,3
2021-11-03,25.64,20.32,18.41,15.37,9.08,4.89,3
2021-11-02,25.63,20.38,18.39,15.4,9.05,4.87,2.99
2021-11-01,25.62,20.43,18.37,15.44,9.02,4.85,2.99
2021-10-31,25.61,20.48,18.34,15.48,9,4.83,2.99
2021-10-30,25.6,20.53,18.32,15.52,8.97,4.81,2.98
2021-10-29,25.59,20.59,18.3,15.56,8.94,4.79,2.98
2021-10-28,25.58,20.64,18.28,15.59,8.92,4.77,2.98
2021-10-27,25.57,20.69,18.26,15.63,8.89,4.75,2.97
2021-10-26,25.56,20.74,18.24,15.67,8.86,4.73,2.97
2021-10-25,25.55,20.79,18.22,15.71,8.83,4.71,2.97
2021-10-24,25.53,20.84,18.2,15.74,8.81,4.7,2.97
2021-10-23,25.52,20.89,18.19,15.78,8.78,4.68,2.97
2021-10-22,25.51,20.94,18.18,15.81,8.76,4.67,2.96
2021-10-21,25.5,20.99,18.16,15.85,8.73,4.66,2.96
2021-10-20,25.48,21.03,18.15,15.88,8.71,4.65,2.96
2021-10-19,25.47,21.08,18.14,15.91,8.69,4.64,2.96
2021-10-18,25.45,21.13,18.14,15.95,8.66,4.63,2.96
2021-10-17,25.44,21.17,18.13,15.98,8.64,4.62,2.96
2021-10-16,25.42,21.21,18.12,16.01,8.62,4.62,2.96
2021-10-15,25.41,21.26,18.12,16.04,8.59,4.61,2.96
2021-10-14,25.39,21.3,18.11,16.07,8.57,4.61,2.96
2021-10-13,25.38,21.35,18.11,16.11,8.55,4.6,2.96
2021-10-12,25.36,21.39,18.11,16.14,8.53,4.6,2.96
