Datum,SPD,CDU,GRÜNE,AfD,FDP,FW,Sonstige,LINKE
2026-10-04,18.43,27.94,11.14,24.29,2.96,2.89,7.1,5
2026-10-03,18.45,27.94,11.13,24.28,2.96,2.89,7.09,5
2026-10-02,18.47,27.94,11.13,24.27,2.97,2.89,7.09,5
2026-10-01,18.49,27.94,11.12,24.26,2.97,2.9,7.09,5
2026-09-30,18.52,27.95,11.12,24.25,2.97,2.9,7.08,5
2026-09-29,18.54,27.95,11.11,24.24,2.97,2.91,7.08,5
2026-09-28,18.56,27.95,11.11,24.22,2.97,2.91,7.07,5
2026-09-27,18.58,27.96,11.1,24.21,2.97,2.92,7.07,5
2026-09-26,18.61,27.96,11.1,24.2,2.97,2.92,7.06,5
2026-09-25,18.63,27.96,11.09,24.19,2.98,2.93,7.06,5
2026-09-24,18.66,27.96,11.08,24.18,2.98,2.93,7.05,5
2026-09-23,18.69,27.97,11.08,24.16,2.98,2.94,7.05,5
2026-09-22,18.72,27.97,11.07,24.15,2.98,2.94,7.04,5
2026-09-21,18.75,27.97,11.06,24.13,2.98,2.95,7.04,5
2026-09-20,18.78,27.98,11.06,24.12,2.99,2.95,7.03,5
2026-09-19,18.81,27.98,11.05,24.1,2.99,2.96,7.03,5
2026-09-18,18.84,27.99,11.04,24.08,2.99,2.97,7.02,5
2026-09-17,18.88,27.99,11.03,24.07,2.99,2.97,7.02,5
2026-09-16,18.91,27.99,11.02,24.05,2.99,2.98,7.01,5
2026-09-15,18.94,28,11.02,24.03,2.99,2.99,7,5
2026-09-14,18.98,28,11.01,24.01,3,2.99,7,5
2026-09-13,19.01,28,11,24,3,3,6.99,5
2026-09-12,19.05,28.01,10.99,23.98,3,3.01,6.99,5
2026-09-11,19.08,28.01,10.98,23.96,3,3.02,6.98,5
2026-09-10,19.12,28.01,10.97,23.94,3,3.02,6.98,5
2026-09-09,19.16,28.02,10.96,23.92,3.01,3.03,6.97,5
2026-09-08,19.19,28.02,10.95,23.9,3.01,3.04,6.96,5
2026-09-07,19.23,28.03,10.94,23.88,3.01,3.05,6.96,5
2026-09-06,19.27,28.03,10.93,23.86,3.01,3.05,6.95,5
2026-09-05,19.31,28.03,10.92,23.84,3.02,3.06,6.95,5
2026-09-04,19.35,28.04,10.91,23.82,3.02,3.07,6.94,5
2026-09-03,19.39,28.04,10.9,23.8,3.02,3.08,6.94,5
2026-09-02,19.43,28.05,10.89,23.78,3.02,3.09,6.93,5
2026-09-01,19.48,28.05,10.88,23.76,3.02,3.1,6.92,5
2026-08-31,19.52,28.06,10.87,23.73,3.03,3.11,6.92,5
2026-08-30,19.57,28.06,10.86,23.71,3.03,3.12,6.91,5
2026-08-29,19.61,28.06,10.85,23.68,3.03,3.12,6.9,5
2026-08-28,19.66,28.07,10.84,23.66,3.03,3.13,6.9,5
2026-08-27,19.7,28.07,10.82,23.64,3.04,3.14,6.89,5
2026-08-26,19.75,28.08,10.81,23.61,3.04,3.15,6.88,5
2026-08-25,19.79,28.08,10.8,23.59,3.04,3.16,6.88,5
2026-08-24,19.84,28.09,10.79,23.57,3.04,3.17,6.87,5
2026-08-23,19.88,28.09,10.78,23.54,3.04,3.18,6.87,5
2026-08-22,19.93,28.09,10.77,23.52,3.05,3.19,6.86,5
2026-08-21,19.97,28.1,10.76,23.5,3.05,3.2,6.86,5
2026-08-20,20.02,28.1,10.74,23.47,3.05,3.21,6.85,5
2026-05-03,26.73,28.4,8.78,19.91,NA,4.77,6.42,5
2026-05-02,26.76,28.4,8.77,19.88,NA,4.78,6.42,5
2026-05-01,26.79,28.41,8.77,19.86,NA,4.78,6.43,5
2026-04-30,26.82,28.41,8.77,19.83,NA,4.79,6.43,5
2026-04-29,26.84,28.41,8.76,19.8,NA,4.79,6.43,5
2026-04-28,26.87,28.41,8.76,19.78,NA,4.79,6.43,5
2026-04-27,26.89,28.42,8.76,19.75,NA,4.8,6.44,5
2026-04-26,26.91,28.42,8.76,19.73,NA,4.8,6.44,5
2026-04-25,26.93,28.42,8.76,19.7,NA,4.8,6.44,5
2026-04-24,26.95,28.43,8.76,19.68,NA,4.8,6.45,5
2026-04-23,26.97,28.43,8.76,19.65,NA,4.8,6.45,5
2026-04-22,26.98,28.43,8.76,19.63,NA,4.8,6.46,5
2026-04-21,26.99,28.44,8.77,19.6,NA,4.8,6.46,5
2026-04-20,27.01,28.44,8.77,19.58,NA,4.8,6.47,5
2026-04-19,27.02,28.45,8.77,19.56,NA,4.8,6.47,5
2026-04-18,27.03,28.45,8.78,19.53,NA,4.8,6.48,5
2026-04-17,27.04,28.45,8.78,19.51,NA,4.8,6.48,5
2026-04-16,27.05,28.46,8.79,19.48,NA,4.8,6.49,5
2026-04-15,27.06,28.46,8.79,19.46,NA,4.79,6.49,5
2026-04-14,27.07,28.46,8.8,19.44,NA,4.79,6.5,5
2026-04-13,27.08,28.47,8.8,19.41,NA,4.79,6.5,5
2026-04-12,27.08,28.47,8.81,19.39,NA,4.79,6.51,5
2026-04-11,27.09,28.47,8.81,19.37,NA,4.78,6.51,5
2026-04-10,27.09,28.47,8.82,19.35,NA,4.78,6.52,5
2026-04-09,27.1,28.48,8.82,19.33,NA,4.78,6.53,5
2026-04-08,27.1,28.48,8.83,19.31,NA,4.78,6.54,5
2026-04-07,27.1,28.48,8.84,19.29,NA,4.77,6.54,5
2026-04-06,27.1,28.48,8.85,19.26,NA,4.77,6.55,5
2026-04-05,27.09,28.49,8.87,19.24,NA,4.76,6.56,5
2026-04-04,27.09,28.49,8.88,19.21,NA,4.75,6.57,5
2026-04-03,27.08,28.5,8.9,19.18,NA,4.74,6.58,5
2026-04-02,27.07,28.51,8.92,19.16,NA,4.73,6.58,5
2026-04-01,27.06,28.51,8.94,19.13,NA,4.72,6.59,5
2026-03-31,27.05,28.52,8.96,19.1,NA,4.71,6.6,5
2026-03-30,27.04,28.52,8.98,19.08,NA,4.7,6.61,5
2026-03-29,27.03,28.53,9,19.05,NA,4.69,6.62,5
2026-03-28,27.02,28.53,9.01,19.03,NA,4.68,6.63,4.99
2026-03-27,27.01,28.54,9.03,19,NA,4.67,6.64,4.99
2026-03-26,27,28.54,9.04,18.98,NA,4.66,6.65,4.98
2026-03-25,26.99,28.54,9.06,18.96,NA,4.65,6.65,4.97
2026-03-24,26.98,28.55,9.07,18.94,NA,4.65,6.66,4.96
2026-03-23,26.97,28.55,9.08,18.92,NA,4.64,6.67,4.96
2026-03-22,26.96,28.56,9.1,18.9,NA,4.63,6.68,4.96
2026-03-21,26.95,28.56,9.12,18.88,NA,4.62,6.69,4.96
2026-03-20,26.94,28.57,9.13,18.85,NA,4.61,6.7,4.96
2026-03-19,26.92,28.57,9.15,18.83,NA,4.6,6.71,4.95
2026-03-18,26.91,28.58,9.17,18.81,NA,4.59,6.72,4.94
2026-03-17,26.9,28.59,9.18,18.79,NA,4.58,6.73,4.94
2026-03-16,26.88,28.59,9.2,18.77,NA,4.57,6.73,4.94
2026-03-15,26.87,28.6,9.22,18.74,NA,4.56,6.74,4.95
2026-03-14,26.86,28.6,9.23,18.73,NA,4.55,6.75,4.96
2026-03-13,26.84,28.61,9.25,18.71,NA,4.54,6.76,4.98
2026-03-12,26.83,28.61,9.26,18.69,NA,4.53,6.77,5
2026-03-11,26.81,28.62,9.27,18.67,NA,4.52,6.78,5.02
2026-03-10,26.8,28.62,9.29,18.66,NA,4.52,6.79,5.04
2026-03-09,26.78,28.62,9.3,18.64,NA,4.51,6.8,5.06
2026-03-08,26.77,28.63,9.32,18.62,NA,4.5,6.81,5.08
2026-03-07,26.75,28.63,9.33,18.61,NA,4.49,6.82,5.11
2026-03-06,26.73,28.64,9.35,18.59,NA,4.48,6.83,5.14
2026-03-05,26.72,28.64,9.36,18.57,NA,4.47,6.83,5.18
2026-03-04,26.7,28.65,9.37,18.56,NA,4.46,6.84,5.22
2026-03-03,26.68,28.65,9.39,18.54,NA,4.45,6.85,5.27
2026-03-02,26.67,28.66,9.4,18.53,NA,4.44,6.86,5.31
2026-03-01,26.65,28.66,9.42,18.51,NA,4.43,6.87,5.35
2026-02-28,26.63,28.67,9.43,18.5,NA,4.42,6.88,5.39
2026-02-27,26.61,28.67,9.45,18.48,NA,4.42,6.89,5.42
2026-02-26,26.59,28.68,9.46,18.47,NA,4.41,6.9,5.46
2026-02-25,26.57,28.68,9.47,18.46,NA,4.4,6.91,5.51
2026-02-24,26.55,28.69,9.48,18.44,NA,4.39,6.92,5.55
2026-02-23,26.53,28.69,9.5,18.43,NA,4.38,6.93,5.6
2026-02-22,26.51,28.7,9.51,18.42,NA,4.37,6.94,5.64
2026-02-21,26.49,28.7,9.53,18.4,NA,4.36,6.95,5.67
2026-02-20,26.47,28.71,9.54,18.39,NA,4.35,6.96,5.7
2026-02-19,26.44,28.71,9.56,18.38,NA,4.34,6.97,5.73
2026-02-18,26.42,28.72,9.58,18.36,NA,4.33,6.98,5.76
2026-02-17,26.4,28.72,9.59,18.35,NA,4.32,6.98,5.78
2026-02-16,26.37,28.73,9.61,18.33,NA,4.31,6.99,5.81
2026-02-15,26.35,28.74,9.62,18.32,NA,4.3,7,5.83
2026-02-14,26.32,28.74,9.64,18.31,NA,4.29,7.01,5.86
2026-02-13,26.3,28.75,9.65,18.3,NA,4.28,7.02,5.88
2026-02-12,26.28,28.75,9.67,18.29,NA,4.27,7.03,5.9
2026-02-11,26.25,28.75,9.68,18.28,NA,4.26,7.04,5.92
2026-02-10,26.23,28.76,9.69,18.27,NA,4.25,7.05,5.94
2026-02-09,26.2,28.77,9.71,18.26,NA,4.23,7.06,5.96
2026-02-08,26.17,28.78,9.73,18.24,NA,4.22,7.07,5.97
2026-02-07,26.14,28.79,9.75,18.23,NA,4.21,7.08,5.99
2026-02-06,26.11,28.8,9.78,18.21,NA,4.19,7.09,6
2026-02-05,26.08,28.81,9.8,18.19,NA,4.17,7.09,6.01
2026-02-04,26.05,28.82,9.83,18.17,NA,4.16,7.1,6.02
2026-02-03,26.02,28.83,9.85,18.15,NA,4.14,7.11,6.03
2026-02-02,25.98,28.84,9.88,18.13,NA,4.12,7.12,6.03
2026-02-01,25.95,28.85,9.9,18.12,NA,4.11,7.13,6.04
2026-01-31,25.92,28.86,9.92,18.1,NA,4.09,7.14,6.04
2026-01-30,25.89,28.87,9.94,18.09,NA,4.08,7.14,6.05
2026-01-29,25.86,28.88,9.96,18.08,NA,4.07,7.15,6.05
2026-01-28,25.83,28.88,9.97,18.08,NA,4.06,7.16,6.05
2026-01-27,25.8,28.89,9.98,18.07,NA,4.05,7.17,6.05
2026-01-26,25.77,28.89,9.99,18.07,NA,4.04,7.18,6.05
2026-01-25,25.74,28.9,10,18.07,NA,4.03,7.2,6.05
2026-01-24,25.7,28.9,10.01,18.08,NA,4.02,7.21,6.05
2026-01-23,25.67,28.9,10.02,18.08,NA,4.01,7.22,6.05
2026-01-22,25.64,28.9,10.03,18.08,NA,4.01,7.23,6.04
2025-11-23,23.22,28.66,9.85,19.56,NA,3.77,7.86,6
2025-11-22,23.19,28.65,9.85,19.59,NA,3.77,7.85,6
2025-11-21,23.17,28.63,9.84,19.63,NA,3.76,7.83,6
2025-11-20,23.14,28.62,9.83,19.66,NA,3.76,7.82,6
2025-11-19,23.11,28.61,9.83,19.69,NA,3.75,7.8,6
2025-11-18,23.08,28.6,9.82,19.72,4.06,3.75,7.78,6
2025-11-17,23.06,28.59,9.81,19.76,4.05,3.74,7.76,6
2025-11-16,23.03,28.57,9.81,19.79,4.05,3.74,7.74,6
2025-11-15,23.01,28.56,9.8,19.82,4.05,3.73,7.71,6
2025-11-14,22.98,28.54,9.79,19.87,4.05,3.72,7.68,6
2025-11-13,22.96,28.52,9.77,19.92,4.05,3.72,7.64,6
2025-11-12,22.93,28.49,9.76,19.97,4.04,3.71,7.6,6
2025-11-11,22.9,28.46,9.74,20.03,4.04,3.7,7.56,6
2025-11-10,22.87,28.44,9.73,20.09,4.04,3.69,7.51,6
2025-11-09,22.85,28.41,9.71,20.15,4.04,3.68,7.47,6
2025-11-08,22.82,28.38,9.69,20.21,4.04,3.67,7.42,6
2025-11-07,22.79,28.35,9.67,20.26,4.03,3.67,7.38,6
2025-11-06,22.77,28.33,9.66,20.32,4.03,3.66,7.34,6
2025-11-05,22.75,28.31,9.65,20.36,4.03,3.65,7.3,6
2025-11-04,22.72,28.29,9.64,20.41,4.02,3.65,7.27,6
2025-11-03,22.7,28.27,9.63,20.44,4.02,3.64,7.24,6
2025-11-02,22.68,28.26,9.62,20.46,4.02,3.64,7.22,6
2025-11-01,22.66,28.26,9.62,20.48,4.01,3.63,7.2,6
2025-10-31,22.64,28.26,9.62,20.49,4.01,3.63,7.19,6
2025-10-30,22.63,28.26,9.62,20.49,4.01,3.63,7.18,6
2025-10-29,22.61,28.25,9.62,20.5,4,3.63,7.17,6
2025-10-28,22.59,28.25,9.62,20.51,4,3.62,7.16,6
2025-10-27,22.57,28.25,9.62,20.52,4,3.62,7.15,6
2025-10-26,22.56,28.25,9.62,20.53,3.99,3.62,7.13,6
2025-10-25,22.54,28.24,9.63,20.54,3.99,3.62,7.12,6
2025-10-24,22.53,28.24,9.63,20.55,3.98,3.61,7.11,6
2025-10-23,22.51,28.24,9.63,20.56,3.98,3.61,7.09,6
2025-10-22,22.49,28.24,9.63,20.57,3.98,3.61,7.08,6
2025-10-21,22.48,28.24,9.63,20.57,3.97,3.61,7.07,6.01
2025-10-20,22.46,28.24,9.63,20.58,3.97,3.6,7.06,6.01
2025-10-19,22.45,28.24,9.63,20.58,3.96,3.6,7.05,6.01
2025-10-18,22.44,28.24,9.64,20.58,3.96,3.6,7.04,6.01
2025-10-17,22.42,28.24,9.64,20.58,3.95,3.6,7.03,6
2025-10-16,22.41,28.24,9.64,20.58,3.95,3.6,7.02,6
2025-10-15,22.4,28.24,9.65,20.58,3.94,3.6,7.01,6
2025-10-14,22.39,28.25,9.65,20.58,3.94,3.59,7,6
2025-10-13,22.38,28.25,9.65,20.58,3.93,3.59,6.98,5.99
2025-10-12,22.37,28.25,9.66,20.58,3.92,3.59,6.97,5.99
2025-10-11,22.36,28.25,9.66,20.58,3.92,3.59,6.95,5.99
2025-10-10,22.35,28.25,9.67,20.57,3.91,3.59,6.94,5.98
2025-10-09,22.34,28.26,9.67,20.57,3.91,3.59,6.92,5.98
2025-10-08,22.34,28.26,9.67,20.57,3.9,3.58,6.91,5.98
2025-10-07,22.33,28.26,9.68,20.56,3.9,3.58,6.9,5.98
2025-10-06,22.32,28.27,9.68,20.56,3.89,3.58,6.88,5.97
2025-10-05,22.31,28.27,9.69,20.55,3.89,3.58,6.87,5.97
2025-10-04,22.3,28.27,9.69,20.55,3.88,3.58,6.87,5.97
2025-07-20,23.11,29.96,11.03,17.3,3.23,4.04,7.11,5.12
2025-07-19,23.12,29.97,11.04,17.27,3.22,4.04,7.1,5.09
2025-07-18,23.12,29.98,11.04,17.25,3.21,4.04,7.1,5.08
2025-07-17,23.12,29.99,11.04,17.22,3.2,4.04,7.1,5.06
2025-07-16,23.11,29.99,11.05,17.2,3.19,4.04,7.09,5.06
2025-07-15,23.11,30,11.05,17.18,3.18,4.04,7.09,5.05
2025-07-14,23.11,30,11.05,17.16,3.17,4.04,7.08,5.03
2025-07-13,23.1,30,11.05,17.14,3.16,4.03,7.07,5.01
2025-07-12,23.1,30.01,11.04,17.13,3.14,4.03,7.07,4.98
2025-07-11,23.09,30.01,11.04,17.12,3.13,4.03,7.06,4.95
2025-07-10,23.08,30,11.04,17.1,3.12,4.03,7.05,4.92
2025-07-09,23.07,30,11.03,17.1,3.11,4.02,7.04,4.89
2025-07-08,23.06,30,11.02,17.09,3.09,4.02,7.03,4.86
2025-07-07,23.05,29.99,11.02,17.09,3.08,4.01,7.02,4.83
2025-07-06,23.03,29.99,11.01,17.08,3.06,4.01,7.01,4.81
2025-07-05,23.02,29.98,10.99,17.08,3.05,4,6.99,4.8
2025-07-04,23,29.97,10.98,17.09,3.03,3.99,6.98,4.78
2025-07-03,22.99,29.96,10.97,17.09,3.02,3.99,6.96,4.77
2025-07-02,22.97,29.94,10.96,17.09,3.01,3.98,6.95,4.76
2025-07-01,22.95,29.93,10.94,17.1,2.99,3.97,6.93,4.75
2025-06-30,22.93,29.92,10.92,17.1,2.98,3.96,6.91,4.75
2025-06-29,22.91,29.9,10.91,17.11,2.97,3.95,6.9,4.75
2025-06-28,22.89,29.89,10.89,17.12,2.96,3.94,6.88,4.76
2025-06-27,22.87,29.87,10.88,17.13,2.94,3.94,6.86,4.76
2025-06-26,22.85,29.86,10.86,17.14,2.93,3.93,6.84,4.77
2025-06-25,22.83,29.84,10.84,17.14,2.91,3.92,6.82,4.78
2025-06-24,22.82,29.83,10.83,17.15,2.9,3.91,6.81,4.8
2025-06-23,22.8,29.82,10.81,17.16,2.89,3.9,6.79,4.82
2025-06-22,22.78,29.8,10.8,17.17,2.87,3.89,6.77,4.84
2025-06-21,22.76,29.79,10.78,17.18,2.86,3.88,6.75,4.87
2025-06-20,22.74,29.77,10.76,17.19,2.84,3.87,6.74,4.89
2025-06-19,22.72,29.75,10.74,17.2,2.83,3.86,6.72,4.93
2025-06-18,22.69,29.73,10.72,17.22,2.82,3.85,6.7,4.96
2025-06-17,22.67,29.71,10.7,17.23,2.8,3.84,6.68,4.99
2025-06-16,22.65,29.69,10.68,17.25,2.79,3.83,6.66,5.03
2025-06-15,22.62,29.67,10.65,17.27,2.78,3.82,6.64,5.07
2025-06-14,22.59,29.64,10.63,17.29,2.76,3.81,6.62,5.11
2025-06-13,22.57,29.62,10.6,17.31,2.75,3.8,6.6,5.16
2025-06-12,22.54,29.59,10.58,17.33,2.73,3.78,6.58,5.21
2025-06-11,22.52,29.57,10.56,17.35,2.72,3.77,6.56,5.27
2025-06-10,22.49,29.55,10.53,17.37,2.7,3.76,6.54,5.34
2025-06-09,22.47,29.53,10.51,17.39,2.69,3.75,6.51,5.42
2025-06-08,22.45,29.51,10.49,17.41,2.68,3.74,6.49,5.51
2025-06-07,22.42,29.48,10.47,17.43,2.66,3.73,6.47,5.6
2025-06-06,22.39,29.46,10.44,17.45,2.65,3.71,6.45,5.7
2025-06-05,22.37,29.43,10.41,17.48,2.63,3.7,6.42,5.81
2025-05-17,21.55,28.53,9.61,18.48,2.27,3.3,5.73,8.23
2025-05-16,21.51,28.49,9.57,18.53,2.25,3.28,5.69,8.33
2025-05-15,21.48,28.45,9.53,18.58,2.23,3.26,5.65,8.43
2025-05-14,21.44,28.41,9.49,18.62,2.21,3.24,5.62,8.52
2025-05-13,21.41,28.37,9.45,18.66,2.19,3.23,5.58,8.6
2025-05-12,21.37,28.34,9.42,18.7,2.18,3.21,5.55,8.67
2025-05-11,21.35,28.31,9.39,18.73,2.16,3.2,5.52,8.74
2025-05-10,21.32,28.28,9.36,18.76,2.15,3.18,5.49,8.79
2025-05-09,21.3,28.26,9.34,18.78,2.14,3.17,5.46,8.84
2025-05-08,21.28,28.24,9.32,18.8,2.13,3.16,5.43,8.89
2025-05-07,21.26,28.23,9.3,18.81,2.12,3.15,5.41,8.93
2025-05-06,21.25,28.21,9.28,18.82,2.11,3.14,5.39,8.97
2025-05-05,21.23,28.2,9.27,18.83,2.1,3.13,5.36,9
2025-05-04,21.22,28.19,9.25,18.84,2.09,3.12,5.34,9.04
2025-05-03,21.2,28.18,9.23,18.85,2.09,3.12,5.31,9.08
2025-05-02,21.19,28.17,9.21,18.86,2.08,3.11,5.29,9.11
2025-05-01,21.18,28.15,9.2,18.87,2.07,3.1,5.26,9.14
2025-04-30,21.16,28.14,9.18,18.88,2.06,3.09,5.24,9.16
2025-04-29,21.15,28.13,9.17,18.88,2.06,3.08,5.21,9.18
2025-04-28,21.14,28.12,9.15,18.89,2.05,3.07,5.19,9.2
2025-04-27,21.13,28.12,9.13,18.89,2.04,3.07,5.16,9.22
2025-04-26,21.11,28.11,9.12,18.9,2.04,3.06,5.14,9.23
2025-04-25,21.11,28.1,9.11,18.9,2.03,3.05,5.12,9.24
2025-04-24,21.1,28.1,9.1,18.9,2.03,3.05,5.09,9.24
2025-04-23,21.09,28.1,9.09,18.9,2.03,3.04,5.07,9.25
2025-04-22,21.09,28.09,9.08,18.9,2.02,3.04,5.05,9.25
2025-04-21,21.08,28.09,9.06,18.9,2.02,3.03,5.03,9.25
2025-04-20,21.07,28.08,9.05,18.9,2.02,3.03,5,9.24
2025-04-19,21.06,28.08,9.04,18.9,2.01,3.02,4.98,9.23
2025-04-18,21.05,28.07,9.02,18.91,2,3.01,4.95,9.22
2025-04-17,21.03,28.06,9.01,18.91,2,3,4.93,9.2
2025-04-16,21.02,28.05,8.99,18.92,1.99,3,4.9,9.19
2025-04-15,21.01,28.05,8.98,18.92,1.99,2.99,4.88,9.17
2025-04-14,21,28.04,8.97,18.92,1.98,2.98,4.85,9.14
2025-04-13,21,28.04,8.95,18.92,1.98,2.98,4.83,9.11
2025-04-12,20.99,28.04,8.94,18.92,1.98,2.97,4.8,9.08
2025-04-11,20.99,28.04,8.93,18.91,1.98,2.97,4.78,9.05
2025-04-10,20.98,28.04,8.93,18.9,1.98,2.96,4.76,9.02
2025-04-09,20.99,28.05,8.92,18.89,1.99,2.96,4.74,8.98
2025-04-08,20.99,28.06,8.92,18.88,1.99,2.96,4.72,8.94
2025-04-07,21,28.07,8.92,18.86,2,2.96,4.7,8.89
2025-04-06,21,28.08,8.92,18.84,2.01,2.96,4.68,8.85
2025-04-05,21.01,28.1,8.92,18.82,2.02,2.96,4.67,8.8
2025-04-04,21.02,28.11,8.93,18.79,2.03,2.96,4.65,8.74
2025-04-03,21.03,28.13,8.93,18.77,2.04,2.96,4.63,8.69
2025-04-02,21.05,28.15,8.94,18.74,2.05,2.97,4.62,8.64
2025-01-26,23.42,31.2,10.57,15.03,3.61,3.72,4.08,NA
2025-01-25,23.45,31.24,10.59,14.99,3.63,3.74,4.08,NA
2025-01-24,23.48,31.28,10.61,14.94,3.65,3.75,4.07,NA
2025-01-23,23.5,31.31,10.63,14.89,3.66,3.76,4.07,NA
2025-01-22,23.53,31.35,10.65,14.85,3.68,3.77,4.07,NA
2025-01-21,23.55,31.38,10.66,14.81,3.7,3.78,4.06,NA
2025-01-20,23.57,31.41,10.68,14.77,3.72,3.79,4.06,NA
2025-01-19,23.6,31.44,10.7,14.73,3.74,3.8,4.05,NA
2025-01-18,23.62,31.48,10.72,14.68,3.76,3.81,4.05,NA
2025-01-17,23.65,31.52,10.74,14.63,3.78,3.82,4.04,NA
2025-01-16,23.69,31.56,10.76,14.58,3.8,3.83,4.04,NA
2025-01-15,23.72,31.6,10.79,14.53,3.82,3.84,4.04,NA
2025-01-14,23.76,31.64,10.81,14.48,3.84,3.85,4.03,NA
2025-01-13,23.79,31.69,10.84,14.43,3.86,3.87,4.03,NA
2025-01-12,23.83,31.73,10.86,14.38,3.88,3.88,4.03,NA
2025-01-11,23.86,31.77,10.88,14.33,3.9,3.89,4.02,NA
2025-01-10,23.89,31.81,10.91,14.28,3.91,3.9,4.02,NA
2025-01-09,23.91,31.85,10.93,14.24,3.92,3.91,4.02,NA
2025-01-08,23.94,31.88,10.94,14.2,3.93,3.92,4.01,NA
2025-01-07,23.95,31.9,10.96,14.16,3.95,3.94,4.01,NA
2025-01-06,23.96,31.93,10.97,14.12,3.96,3.95,4.01,NA
2025-01-05,23.97,31.94,10.97,14.09,3.97,3.96,4.01,NA
2025-01-04,23.98,31.96,10.98,14.06,3.99,3.98,4,NA
2025-01-03,23.99,31.98,10.99,14.03,4,3.99,4,NA
2025-01-02,24,32,11,13.99,4.01,4,4,NA
2025-01-01,24.01,32.02,11.01,13.96,4.03,4.02,4,NA
2024-12-31,24.01,32.04,11.02,13.93,4.04,4.03,3.99,NA
2024-12-30,24.02,32.06,11.02,13.89,4.05,4.05,3.99,NA
2024-12-29,24.03,32.08,11.03,13.86,4.06,4.06,3.99,NA
2024-12-28,24.04,32.1,11.04,13.83,4.07,4.08,3.99,NA
2024-12-27,24.04,32.12,11.05,13.79,4.09,4.09,3.98,NA
2024-12-26,24.05,32.13,11.06,13.76,4.1,4.11,3.98,NA
2024-12-25,24.06,32.15,11.06,13.73,4.11,4.12,3.98,NA
2024-12-24,24.06,32.17,11.07,13.7,4.12,4.13,3.98,NA
2024-12-23,24.06,32.18,11.07,13.67,4.14,4.15,3.98,NA
2024-12-22,24.06,32.19,11.08,13.64,4.15,4.16,3.98,NA
2024-12-21,24.07,32.21,11.08,13.61,4.16,4.18,3.98,NA
2024-12-20,24.07,32.22,11.09,13.58,4.17,4.2,3.98,NA
2024-12-19,24.06,32.23,11.09,13.56,4.19,4.21,3.98,NA
2024-12-18,24.06,32.24,11.09,13.53,4.2,4.23,3.98,NA
2024-12-17,24.06,32.25,11.1,13.5,4.21,4.25,3.98,NA
2024-12-16,24.06,32.26,11.1,13.47,4.22,4.26,3.98,NA
2024-12-15,24.05,32.27,11.1,13.45,4.23,4.28,3.98,NA
2024-12-14,24.04,32.27,11.1,13.42,4.24,4.3,3.99,NA
2024-12-13,24.04,32.28,11.1,13.39,4.25,4.32,3.99,NA
2024-12-12,24.03,32.29,11.1,13.37,4.27,4.33,3.99,NA
2024-08-25,21.17,31.08,10.08,11.93,5,6.76,4.99,NA
2024-08-24,21.16,31.08,10.08,11.93,5,6.77,5,NA
2024-08-23,21.15,31.07,10.07,11.93,5,6.79,5,NA
2024-08-22,21.14,31.07,10.07,11.93,5,6.8,5,NA
2024-08-21,21.13,31.06,10.06,11.93,5,6.81,5,NA
2024-08-20,21.12,31.06,10.06,11.93,5,6.82,5,NA
2024-08-19,21.11,31.06,10.06,11.94,5.01,6.83,5,NA
2024-08-18,21.1,31.05,10.05,11.94,5.01,6.85,5,NA
2024-08-17,21.09,31.05,10.05,11.94,5.01,6.86,5,NA
2024-08-16,21.08,31.04,10.04,11.94,5.01,6.87,5.01,NA
2024-08-15,21.07,31.04,10.04,11.94,5.01,6.88,5.01,NA
2024-08-14,21.06,31.04,10.04,11.94,5.01,6.89,5.01,NA
2024-08-13,21.06,31.03,10.03,11.94,5.01,6.9,5.01,NA
2024-08-12,21.05,31.03,10.03,11.95,5.01,6.92,5.01,NA
2024-08-11,21.04,31.02,10.02,11.95,5.01,6.93,5.01,NA
2024-08-10,21.03,31.02,10.02,11.95,5.01,6.94,5.01,NA
2024-08-09,21.02,31.02,10.02,11.95,5.01,6.95,5.01,NA
2024-08-08,21.02,31.01,10.01,11.96,5.01,6.96,5.01,NA
2024-08-07,21.01,31.01,10.01,11.96,5.01,6.97,5.01,NA
2024-08-06,21.01,31.01,10.01,11.97,5.01,6.98,5.01,NA
2024-08-05,21,31,10,11.97,5.01,6.99,5.01,NA
2024-08-04,20.99,31,10,11.98,5.01,7,5.01,NA
2024-08-03,20.99,31,10,11.98,5.01,7.01,5.01,NA
2024-08-02,20.98,30.99,9.99,11.99,5.01,7.02,5,NA
2024-08-01,20.98,30.99,9.99,12,5.01,7.02,5,NA
2024-07-31,20.98,30.99,9.99,12,5.01,7.03,5,NA
2024-07-30,20.97,30.99,9.99,12.01,5,7.04,5,NA
2024-07-29,20.97,30.98,9.98,12.02,5,7.05,5,NA
2024-07-28,20.96,30.98,9.98,12.03,5,7.06,5,NA
2024-07-27,20.96,30.98,9.98,12.03,5,7.07,5,NA
2024-07-26,20.96,30.97,9.97,12.04,5,7.08,4.99,NA
2024-07-25,20.95,30.97,9.97,12.05,5,7.08,4.99,NA
2024-07-24,20.95,30.97,9.97,12.06,5,7.09,4.99,NA
2024-07-23,20.94,30.97,9.97,12.06,4.99,7.1,4.99,NA
2024-07-22,20.94,30.96,9.96,12.07,4.99,7.11,4.99,NA
2024-07-21,20.94,30.96,9.96,12.08,4.99,7.12,4.99,NA
2024-07-20,20.94,30.96,9.96,12.09,4.99,7.12,4.98,NA
2024-07-19,20.93,30.96,9.96,12.1,4.98,7.13,4.98,NA
2024-07-18,20.93,30.95,9.95,12.11,4.98,7.14,4.98,NA
2024-07-17,20.93,30.95,9.95,12.12,4.97,7.14,4.97,NA
2024-07-16,20.93,30.95,9.95,12.14,4.97,7.15,4.97,NA
2024-07-15,20.93,30.95,9.95,12.15,4.97,7.16,4.97,NA
2024-07-14,20.93,30.95,9.95,12.16,4.96,7.16,4.97,NA
2024-07-13,20.92,30.94,9.94,12.17,4.96,7.17,4.96,NA
2024-07-12,20.92,30.94,9.94,12.18,4.96,7.18,4.96,NA
2024-07-11,20.92,30.94,9.94,12.19,4.95,7.18,4.96,NA
2024-04-07,21.88,30.99,9.82,14.52,4,7.19,3.76,NA
2024-04-06,21.89,30.99,9.83,14.55,4,7.18,3.76,NA
2024-04-05,21.9,31,9.83,14.57,3.99,7.18,3.77,NA
2024-04-04,21.91,31,9.84,14.6,3.99,7.17,3.77,NA
2024-04-03,21.92,31,9.84,14.62,3.99,7.16,3.77,NA
2024-04-02,21.92,31,9.85,14.64,3.99,7.15,3.78,NA
2024-04-01,21.93,31,9.86,14.67,3.98,7.15,3.78,NA
2024-03-31,21.94,31,9.86,14.69,3.98,7.14,3.79,NA
2024-03-30,21.94,31,9.87,14.71,3.98,7.13,3.8,NA
2024-03-29,21.95,31,9.88,14.74,3.98,7.12,3.81,NA
2024-03-28,21.96,31,9.89,14.76,3.98,7.12,3.81,NA
2024-03-27,21.96,31,9.89,14.78,3.98,7.11,3.82,NA
2024-03-26,21.97,31,9.9,14.8,3.98,7.1,3.84,NA
2024-03-25,21.97,31,9.91,14.82,3.98,7.09,3.85,NA
2024-03-24,21.97,31,9.92,14.84,3.98,7.08,3.86,NA
2024-03-23,21.98,31,9.93,14.86,3.98,7.07,3.88,NA
2024-03-22,21.98,31,9.94,14.88,3.98,7.06,3.89,NA
2024-03-21,21.99,31,9.95,14.9,3.98,7.05,3.91,NA
2024-03-20,21.99,31,9.96,14.93,3.99,7.04,3.93,NA
2024-03-19,21.99,31,9.97,14.95,3.99,7.03,3.95,NA
2024-03-18,22,31,9.98,14.97,3.99,7.02,3.97,NA
2024-03-17,22,31,9.99,14.99,3.99,7.01,3.99,NA
2024-03-16,22,31,10,15.01,3.99,7,4.01,NA
2024-03-15,22,31,10.02,15.03,4,6.98,4.03,NA
2024-03-14,22.01,31,10.03,15.05,4,6.97,4.05,NA
2024-03-13,22.01,31,10.04,15.07,4,6.96,4.07,NA
2024-03-12,22.01,31,10.05,15.09,4,6.95,4.09,NA
2024-03-11,22.02,31,10.06,15.11,4.01,6.94,4.11,NA
2024-03-10,22.02,31,10.07,15.13,4.01,6.93,4.13,NA
2024-03-09,22.02,31,10.08,15.15,4.01,6.92,4.15,NA
2024-03-08,22.03,31,10.1,15.17,4.02,6.9,4.17,NA
2024-03-07,22.03,31,10.11,15.19,4.02,6.89,4.19,NA
2024-03-06,22.03,31,10.12,15.21,4.03,6.88,4.21,NA
2024-03-05,22.03,31,10.13,15.23,4.03,6.87,4.23,NA
2024-03-04,22.04,31,10.15,15.25,4.04,6.85,4.26,NA
2024-03-03,22.04,31,10.16,15.27,4.04,6.84,4.28,NA
2024-03-02,22.04,31,10.17,15.29,4.04,6.83,4.3,NA
2024-03-01,22.04,31,10.19,15.31,4.05,6.81,4.33,NA
2024-02-29,22.04,31,10.2,15.33,4.05,6.8,4.35,NA
2024-02-28,22.05,31,10.21,15.35,4.06,6.79,4.38,NA
2024-02-27,22.05,31,10.22,15.37,4.06,6.78,4.4,NA
2024-02-26,22.05,31,10.24,15.39,4.07,6.76,4.42,NA
2024-02-25,22.05,31,10.25,15.41,4.07,6.75,4.45,NA
2024-02-24,22.06,31,10.26,15.43,4.08,6.74,4.47,NA
2024-02-23,22.06,31,10.28,15.45,4.09,6.72,4.5,NA
2024-02-22,22.06,31,10.29,15.47,4.1,6.71,4.52,NA
2023-12-17,21.74,31,11.82,16.84,4.88,5.18,7.64,NA
2023-12-16,21.75,31,11.84,16.85,4.89,5.16,7.67,NA
2023-12-15,21.75,31,11.85,16.86,4.9,5.15,7.7,NA
2023-12-14,21.76,31,11.87,16.87,4.9,5.13,7.73,NA
2023-12-13,21.77,31,11.88,16.88,4.91,5.12,7.76,NA
2023-12-12,21.77,31,11.89,16.89,4.92,5.11,7.78,NA
2023-12-11,21.78,31,11.9,16.9,4.92,5.1,7.8,NA
2023-12-10,21.79,31,11.91,16.91,4.93,5.09,7.82,NA
2023-12-09,21.8,31,11.92,16.92,4.93,5.08,7.84,NA
2023-12-08,21.81,31,11.93,16.93,4.94,5.07,7.86,NA
2023-12-07,21.82,31,11.94,16.94,4.95,5.06,7.87,NA
2023-12-06,21.83,31,11.94,16.94,4.95,5.06,7.89,NA
2023-12-05,21.85,31,11.95,16.95,4.96,5.05,7.9,NA
2023-12-04,21.86,31,11.96,16.96,4.96,5.04,7.91,NA
2023-12-03,21.87,31,11.96,16.96,4.97,5.04,7.93,NA
2023-12-02,21.89,31,11.97,16.97,4.97,5.03,7.94,NA
2023-12-01,21.9,31,11.98,16.98,4.98,5.02,7.95,NA
2023-11-30,21.91,31,11.98,16.98,4.98,5.02,7.96,NA
2023-11-29,21.93,31,11.99,16.99,4.99,5.01,7.98,NA
2023-11-28,21.94,31,11.99,16.99,4.99,5.01,7.99,NA
2023-11-27,21.96,31,12,17,5,5,8,NA
2023-11-26,21.97,31,12,17,5,5,8.01,NA
2023-11-25,21.99,31,12.01,17.01,5.01,4.99,8.02,NA
2023-11-24,22,31,12.01,17.01,5.01,4.99,8.02,NA
2023-11-23,22.02,31,12.02,17.02,5.01,4.98,8.03,NA
2023-11-22,22.03,31,12.02,17.02,5.02,4.98,8.04,NA
2023-11-21,22.05,31,12.02,17.02,5.02,4.98,8.05,NA
2023-11-20,22.07,31,12.03,17.03,5.03,4.97,8.05,NA
2023-11-19,22.08,31,12.03,17.03,5.03,4.97,8.05,NA
2023-11-18,22.1,31,12.03,17.03,5.03,4.97,8.05,NA
2023-11-17,22.12,31,12.03,17.03,5.03,4.97,8.06,NA
2023-11-16,22.14,31,12.03,17.03,5.04,4.97,8.05,NA
2023-11-15,22.16,31,12.03,17.03,5.04,4.97,8.05,NA
2023-11-14,22.18,31,12.03,17.03,5.04,4.98,8.05,NA
2023-11-13,22.2,31,12.02,17.03,5.04,4.98,8.05,NA
2023-11-12,22.22,31,12.02,17.03,5.04,4.98,8.05,NA
2023-11-11,22.24,31.01,12.02,17.02,5.04,4.98,8.04,NA
2023-11-10,22.26,31.01,12.02,17.02,5.04,4.98,8.04,NA
2023-11-09,22.28,31.01,12.02,17.02,5.04,4.98,8.04,NA
2023-11-08,22.3,31.01,12.02,17.02,5.05,4.98,8.04,NA
2023-11-07,22.32,31.01,12.02,17.02,5.05,4.98,8.03,NA
2023-11-06,22.34,31.01,12.02,17.02,5.05,4.99,8.03,NA
2023-11-05,22.36,31.01,12.01,17.02,5.05,4.99,8.02,NA
2023-11-04,22.38,31.02,12.01,17.02,5.05,4.99,8.02,NA
2023-11-03,22.4,31.02,12.01,17.02,5.05,5,8.01,NA
2023-11-02,22.42,31.03,12,17.01,5.05,5.01,7.99,NA
2023-09-03,24.22,31.58,11.12,16.41,4.84,6.02,6.1,NA
2023-09-02,24.26,31.56,11.11,16.39,4.85,6.03,6.08,NA
2023-09-01,24.3,31.54,11.1,16.37,4.85,6.03,6.07,NA
2023-08-31,24.34,31.52,11.09,16.35,4.85,6.04,6.05,NA
2023-08-30,24.38,31.5,11.08,16.34,4.86,6.04,6.04,NA
2023-08-29,24.41,31.48,11.08,16.32,4.87,6.04,6.03,NA
2023-08-28,24.45,31.45,11.07,16.3,4.87,6.04,6.03,NA
2023-08-27,24.49,31.42,11.06,16.28,4.88,6.04,6.02,NA
2023-08-26,24.53,31.39,11.06,16.25,4.89,6.04,6.02,NA
2023-08-25,24.58,31.36,11.05,16.23,4.89,6.04,6.01,NA
2023-08-24,24.62,31.32,11.04,16.21,4.9,6.03,6.01,NA
2023-08-23,24.66,31.28,11.04,16.18,4.91,6.03,6.01,NA
2023-08-22,24.71,31.23,11.03,16.16,4.93,6.02,6.02,NA
2023-08-21,24.76,31.18,11.02,16.13,4.94,6.01,6.02,NA
2023-08-20,24.81,31.14,11.02,16.11,4.95,6.01,6.02,NA
2023-08-19,24.85,31.09,11.01,16.08,4.96,6,6.03,NA
2023-08-18,24.9,31.04,11,16.06,4.97,5.99,6.03,NA
2023-08-17,24.95,30.99,11,16.03,4.98,5.98,6.03,NA
2023-08-16,24.99,30.94,10.99,16,5,5.98,6.04,NA
2023-08-15,25.04,30.9,10.99,15.98,5.01,5.97,6.04,NA
2023-08-14,25.08,30.85,10.98,15.95,5.02,5.96,6.04,NA
2023-08-13,25.12,30.81,10.98,15.93,5.03,5.96,6.05,NA
2023-08-12,25.17,30.77,10.97,15.91,5.04,5.95,6.05,NA
2023-08-11,25.21,30.71,10.96,15.88,5.06,5.94,6.06,NA
2023-08-10,25.26,30.65,10.95,15.86,5.07,5.93,6.07,NA
2023-08-09,25.31,30.58,10.94,15.83,5.09,5.91,6.08,NA
2023-08-08,25.37,30.5,10.92,15.81,5.11,5.89,6.1,NA
2023-08-07,25.42,30.42,10.91,15.78,5.14,5.88,6.11,NA
2023-08-06,25.48,30.33,10.89,15.76,5.16,5.86,6.13,NA
2023-08-05,25.53,30.25,10.87,15.73,5.18,5.84,6.15,NA
2023-08-04,25.59,30.16,10.86,15.7,5.2,5.82,6.17,NA
2023-08-03,25.64,30.07,10.84,15.68,5.22,5.8,6.19,NA
2023-08-02,25.7,29.99,10.83,15.65,5.23,5.78,6.21,NA
2023-08-01,25.75,29.91,10.82,15.63,5.25,5.76,6.23,NA
2023-07-31,25.8,29.84,10.81,15.6,5.27,5.75,6.25,NA
2023-07-30,25.84,29.78,10.8,15.57,5.29,5.73,6.26,NA
2023-07-29,25.89,29.72,10.8,15.54,5.31,5.72,6.27,NA
2023-07-28,25.93,29.66,10.79,15.52,5.33,5.7,6.29,NA
2023-07-27,25.98,29.59,10.79,15.49,5.36,5.69,6.3,NA
2023-07-26,26.03,29.52,10.78,15.46,5.38,5.67,6.32,NA
2023-07-25,26.08,29.45,10.77,15.43,5.41,5.66,6.33,NA
2023-07-24,26.13,29.37,10.77,15.4,5.43,5.64,6.35,NA
2023-07-23,26.18,29.3,10.76,15.37,5.46,5.62,6.37,NA
2023-07-22,26.24,29.22,10.75,15.34,5.48,5.6,6.39,NA
2023-07-21,26.29,29.14,10.74,15.31,5.5,5.59,6.41,NA
2023-07-20,26.34,29.07,10.73,15.28,5.51,5.57,6.43,NA
2023-07-07,27,28.14,10.7,14.87,5.77,5.33,6.67,2
2023-07-06,27.04,28.08,10.71,14.83,5.8,5.32,6.68,2
2023-07-05,27.08,28.03,10.72,14.8,5.82,5.31,6.69,2
2023-07-04,27.12,27.99,10.73,14.76,5.84,5.29,6.71,2
2023-07-03,27.16,27.94,10.74,14.73,5.86,5.28,6.72,2
2023-07-02,27.21,27.89,10.75,14.69,5.88,5.26,6.74,2
2023-07-01,27.26,27.83,10.76,14.65,5.89,5.25,6.75,2
2023-06-30,27.31,27.77,10.77,14.61,5.91,5.23,6.77,2
2023-06-29,27.36,27.71,10.78,14.57,5.92,5.21,6.79,2
2023-06-28,27.41,27.65,10.79,14.53,5.94,5.2,6.8,2
2023-06-27,27.46,27.58,10.8,14.49,5.95,5.18,6.82,2
2023-06-26,27.52,27.52,10.81,14.45,5.96,5.16,6.84,2
2023-06-25,27.57,27.46,10.82,14.41,5.97,5.14,6.86,2
2023-06-24,27.62,27.4,10.83,14.37,5.97,5.13,6.87,2
2023-06-23,27.66,27.35,10.85,14.32,5.98,5.11,6.89,2
2023-06-22,27.71,27.3,10.87,14.28,5.99,5.1,6.9,2
2023-06-21,27.75,27.26,10.89,14.24,5.99,5.08,6.92,2
2023-06-20,27.78,27.23,10.91,14.21,6,5.07,6.93,2
2023-06-19,27.81,27.21,10.94,14.17,6.01,5.06,6.94,2
2023-06-18,27.84,27.19,10.97,14.13,6.01,5.05,6.95,2
2023-06-17,27.87,27.18,11,14.08,6.02,5.04,6.96,2
2023-06-16,27.9,27.17,11.04,14.04,6.02,5.03,6.97,2
2023-06-15,27.92,27.16,11.08,14,6.02,5.03,6.97,2
2023-06-14,27.95,27.16,11.13,13.95,6.02,5.02,6.98,2
2023-06-13,27.97,27.15,11.17,13.91,6.02,5.01,6.99,2
2023-06-12,27.99,27.15,11.22,13.86,6.01,5,7,2
2023-06-11,28.02,27.15,11.26,13.81,6.01,4.99,7.01,2
2023-06-10,28.04,27.15,11.31,13.77,6,4.99,7.01,2
2023-06-09,28.06,27.15,11.35,13.73,5.98,4.98,7.02,2
2023-06-08,28.08,27.15,11.39,13.69,5.97,4.97,7.03,2
2023-06-07,28.1,27.15,11.43,13.65,5.95,4.97,7.03,2
2023-06-06,28.12,27.15,11.47,13.61,5.93,4.96,7.04,2
2023-06-05,28.14,27.15,11.5,13.57,5.91,4.95,7.05,2
2023-06-04,28.16,27.15,11.54,13.53,5.89,4.95,7.05,2
2023-06-03,28.18,27.15,11.58,13.5,5.88,4.94,7.06,2
2023-06-02,28.19,27.16,11.62,13.46,5.86,4.94,7.06,2
2023-06-01,28.2,27.17,11.66,13.42,5.85,4.93,7.07,2
2023-05-31,28.22,27.18,11.7,13.39,5.83,4.93,7.07,2
2023-05-30,28.23,27.2,11.75,13.35,5.82,4.92,7.08,2
2023-05-29,28.24,27.21,11.79,13.31,5.81,4.92,7.08,2
2023-05-28,28.25,27.23,11.84,13.28,5.8,4.92,7.08,2
2023-05-27,28.25,27.25,11.89,13.24,5.78,4.92,7.08,2
2023-05-26,28.26,27.27,11.94,13.2,5.77,4.91,7.09,2
2023-05-25,28.27,27.3,11.98,13.17,5.75,4.91,7.09,2
2023-05-24,28.27,27.32,12.03,13.13,5.73,4.91,7.09,2
2023-05-23,28.28,27.35,12.08,13.09,5.72,4.91,7.09,2
2023-05-14,28.3,27.61,12.51,12.79,5.54,4.9,7.1,NA
2023-05-13,28.3,27.64,12.56,12.76,5.53,4.9,7.1,NA
2023-05-12,28.29,27.69,12.62,12.73,5.51,4.9,7.1,NA
2023-05-11,28.28,27.74,12.67,12.7,5.49,4.91,7.09,NA
2023-05-10,28.27,27.8,12.73,12.67,5.48,4.91,7.09,NA
2023-05-09,28.25,27.87,12.8,12.64,5.45,4.92,7.08,NA
2023-05-08,28.23,27.93,12.86,12.6,5.43,4.92,7.08,NA
2023-05-07,28.21,28,12.93,12.57,5.41,4.93,7.07,NA
2023-05-06,28.2,28.08,12.99,12.54,5.38,4.93,7.07,NA
2023-05-05,28.18,28.14,13.06,12.51,5.35,4.94,7.06,NA
2023-05-04,28.16,28.21,13.12,12.48,5.32,4.95,7.05,NA
2023-05-03,28.14,28.27,13.18,12.45,5.29,4.95,7.05,NA
2023-05-02,28.13,28.32,13.24,12.43,5.27,4.96,7.04,NA
2023-05-01,28.12,28.37,13.29,12.4,5.24,4.96,7.04,NA
2023-04-30,28.12,28.4,13.33,12.37,5.22,4.96,7.04,NA
2023-04-29,28.12,28.43,13.38,12.34,5.2,4.96,7.04,NA
2023-04-28,28.11,28.47,13.42,12.31,5.18,4.96,7.04,NA
2023-04-27,28.1,28.51,13.47,12.29,5.17,4.97,7.03,NA
2023-04-26,28.09,28.56,13.52,12.26,5.15,4.97,7.03,NA
2023-04-25,28.08,28.61,13.57,12.23,5.13,4.97,7.03,NA
2023-04-24,28.07,28.66,13.63,12.2,5.12,4.98,7.02,NA
2023-04-23,28.06,28.7,13.68,12.17,5.1,4.98,7.02,NA
2023-04-22,28.05,28.75,13.73,12.15,5.08,4.98,7.02,NA
2023-04-21,28.04,28.8,13.78,12.12,5.06,4.99,7.01,NA
2023-04-20,28.03,28.84,13.83,12.09,5.05,4.99,7.01,NA
2023-04-19,28.02,28.88,13.88,12.07,5.03,4.99,7.01,NA
2023-04-18,28.02,28.92,13.92,12.04,5.02,4.99,7.01,NA
2023-04-17,28.01,28.95,13.96,12.02,5,5,7,NA
2023-04-16,28.01,28.97,13.99,11.99,4.99,5,7,NA
2023-04-15,28.01,28.99,14.03,11.97,4.98,5,7,NA
2023-04-14,28.01,29.01,14.06,11.94,4.97,5,7,NA
2023-04-13,28.01,29.03,14.1,11.92,4.96,5,7,NA
2023-04-12,28.01,29.06,14.14,11.89,4.95,5,7,NA
2023-04-11,28.01,29.08,14.18,11.86,4.94,5,7,NA
2023-04-10,28.01,29.11,14.22,11.84,4.92,5,7,NA
2023-04-09,28.01,29.13,14.26,11.81,4.91,5,7,NA
2023-04-08,28,29.16,14.3,11.78,4.9,5,7,NA
2023-04-07,28,29.18,14.33,11.76,4.89,5,7,NA
2023-04-06,28,29.2,14.37,11.73,4.88,5,7,NA
2023-04-05,28,29.22,14.41,11.71,4.87,5,7,NA
2023-04-04,28,29.24,14.44,11.68,4.86,5,7,NA
2023-04-03,28,29.26,14.47,11.66,4.85,5,7,NA
2023-04-02,28,29.28,14.5,11.64,4.84,5,7,NA
2023-04-01,28,29.29,14.53,11.62,4.84,5,7,NA
2023-03-31,28,29.3,14.55,11.6,4.83,5,7,NA
2023-03-30,28,29.32,14.58,11.58,4.83,5,7,NA
2023-01-29,28.12,29.23,14.94,11.07,4.76,5.12,6.82,NA
2023-01-28,28.12,29.22,14.94,11.08,4.77,5.12,6.82,NA
2023-01-27,28.12,29.21,14.93,11.08,4.77,5.12,6.82,NA
2023-01-26,28.12,29.2,14.92,11.09,4.78,5.12,6.81,NA
2023-01-25,28.12,29.19,14.91,11.09,4.78,5.12,6.81,NA
2023-01-24,28.12,29.18,14.9,11.1,4.79,5.12,6.81,NA
2023-01-23,28.12,29.16,14.9,11.11,4.79,5.12,6.81,NA
2023-01-22,28.11,29.15,14.89,11.12,4.8,5.11,6.8,NA
2023-01-21,28.11,29.14,14.88,11.12,4.8,5.11,6.8,NA
2023-01-20,28.11,29.13,14.87,11.13,4.8,5.11,6.8,NA
2023-01-19,28.11,29.11,14.86,11.14,4.8,5.11,6.8,NA
2023-01-18,28.1,29.1,14.85,11.15,4.8,5.1,6.79,NA
2023-01-17,28.1,29.09,14.84,11.16,4.8,5.1,6.79,NA
2023-01-16,28.1,29.07,14.82,11.18,4.8,5.1,6.78,NA
2023-01-15,28.09,29.06,14.8,11.2,4.79,5.09,6.78,NA
2023-01-14,28.09,29.04,14.78,11.22,4.79,5.09,6.77,NA
2023-01-13,28.09,29.02,14.76,11.24,4.79,5.09,6.76,NA
2023-01-12,28.08,29,14.73,11.27,4.79,5.08,6.75,NA
2023-01-11,28.08,28.98,14.7,11.3,4.79,5.08,6.74,NA
2023-01-10,28.08,28.96,14.68,11.32,4.79,5.08,6.73,NA
2023-01-09,28.07,28.94,14.65,11.35,4.79,5.07,6.72,2
2023-01-08,28.07,28.92,14.62,11.38,4.8,5.07,6.72,2
2023-01-07,28.06,28.9,14.6,11.4,4.8,5.06,6.71,2
2023-01-06,28.06,28.88,14.58,11.42,4.81,5.06,6.7,2
2023-01-05,28.05,28.86,14.56,11.44,4.81,5.05,6.7,2
2023-01-04,28.05,28.84,14.54,11.46,4.82,5.05,6.7,2
2023-01-03,28.04,28.83,14.53,11.47,4.83,5.04,6.7,2
2023-01-02,28.04,28.81,14.51,11.49,4.84,5.04,6.7,2
2023-01-01,28.03,28.78,14.49,11.51,4.85,5.03,6.7,2
2022-12-31,28.02,28.76,14.47,11.53,4.86,5.02,6.7,2
2022-12-30,28.01,28.74,14.45,11.55,4.87,5.01,6.7,2
2022-12-29,28,28.71,14.43,11.57,4.88,5,6.7,2
2022-12-28,27.99,28.69,14.41,11.59,4.9,4.99,6.71,2
2022-12-27,27.98,28.66,14.39,11.61,4.91,4.98,6.71,2
2022-12-26,27.98,28.64,14.37,11.63,4.93,4.98,6.71,2
2022-12-25,27.97,28.61,14.35,11.65,4.96,4.97,6.72,2
2022-12-24,27.96,28.59,14.33,11.67,4.99,4.96,6.72,2
2022-12-23,27.95,28.57,14.31,11.69,5.02,4.95,6.72,2
2022-12-22,27.94,28.54,14.3,11.7,5.06,4.94,6.73,2
2022-12-21,27.93,28.52,14.28,11.72,5.1,4.93,6.73,2
2022-12-20,27.92,28.5,14.27,11.73,5.14,4.92,6.74,2
2022-12-19,27.91,28.48,14.25,11.75,5.18,4.91,6.74,2
2022-12-18,27.9,28.46,14.24,11.76,5.22,4.9,6.75,2
2022-12-17,27.89,28.43,14.22,11.78,5.25,4.89,6.76,2
2022-12-16,27.88,28.41,14.2,11.8,5.29,4.88,6.76,2
2022-12-15,27.87,28.39,14.19,11.81,5.31,4.87,6.77,2
2022-12-14,27.86,28.36,14.17,11.83,5.34,4.86,6.78,2
2022-12-13,27.85,28.34,14.16,11.84,5.37,4.85,6.79,2
2022-12-12,27.84,28.31,14.14,11.86,5.41,4.84,6.8,2
2022-12-11,27.83,28.29,14.13,11.87,5.45,4.83,6.81,2
2022-12-10,27.82,28.26,14.11,11.89,5.48,4.82,6.81,2
2022-12-09,27.8,28.24,14.1,11.9,5.52,4.8,6.82,2
2022-12-08,27.79,28.22,14.08,11.92,5.56,4.79,6.83,2
2022-12-07,27.78,28.19,14.07,11.93,5.6,4.78,6.84,2
2022-12-06,27.77,28.17,14.06,11.94,5.64,4.77,6.85,2
2022-12-05,27.76,28.15,14.05,11.95,5.68,4.76,6.87,2
2022-12-04,27.75,28.13,14.04,11.96,5.72,4.75,6.88,2
2022-12-03,27.74,28.1,14.03,11.97,5.76,4.74,6.89,2
2022-12-02,27.73,28.08,14.01,11.99,5.79,4.73,6.9,2
2022-12-01,27.71,28.06,14,12,5.83,4.71,6.91,2
2022-11-30,27.7,28.03,13.99,12.01,5.86,4.7,6.92,2
2022-11-29,27.69,28.01,13.98,12.02,5.9,4.69,6.94,2
2022-11-28,27.68,27.98,13.97,12.03,5.94,4.68,6.95,2
2022-11-27,27.67,27.96,13.96,12.04,5.98,4.67,6.96,2
2022-11-26,27.65,27.93,13.94,12.06,6.02,4.65,6.97,2
2022-11-25,27.64,27.91,13.93,12.07,6.06,4.64,6.99,2
2022-11-13,27.47,27.62,13.83,12.17,6.58,4.47,7.19,NA
2022-11-12,27.46,27.59,13.83,12.17,6.62,4.46,7.21,NA
2022-11-11,27.45,27.57,13.83,12.17,6.67,4.45,7.23,NA
2022-11-10,27.43,27.55,13.82,12.18,6.71,4.43,7.25,NA
2022-11-09,27.42,27.52,13.82,12.18,6.76,4.42,7.27,NA
2022-11-08,27.4,27.5,13.82,12.18,6.8,4.4,7.3,NA
2022-11-07,27.39,27.47,13.82,12.18,6.85,4.39,7.32,NA
2022-11-06,27.37,27.45,13.81,12.19,6.9,4.37,7.34,NA
2022-11-05,27.35,27.43,13.81,12.19,6.94,4.35,7.36,NA
2022-11-04,27.34,27.4,13.81,12.19,6.99,4.34,7.39,NA
2022-11-03,27.32,27.38,13.81,12.19,7.04,4.32,7.41,NA
2022-11-02,27.31,27.35,13.81,12.19,7.09,4.31,7.44,NA
2022-11-01,27.29,27.33,13.81,12.19,7.14,4.29,7.46,NA
2022-10-31,27.27,27.31,13.81,12.19,7.19,4.27,7.49,NA
2022-10-30,27.26,27.28,13.81,12.19,7.24,4.26,7.51,NA
2022-10-29,27.24,27.26,13.81,12.19,7.29,4.24,7.54,NA
2022-10-28,27.22,27.24,13.81,12.19,7.34,4.22,7.56,NA
2022-10-27,27.21,27.21,13.82,12.18,7.39,4.21,7.59,NA
2022-10-26,27.19,27.19,13.82,12.18,7.44,4.19,7.62,NA
2022-10-25,27.17,27.17,13.82,12.17,7.49,4.17,7.65,NA
2022-10-24,27.16,27.15,13.83,12.17,7.54,4.16,7.68,NA
2022-10-23,27.14,27.12,13.83,12.16,7.59,4.14,7.7,NA
2022-10-22,27.13,27.1,13.84,12.16,7.64,4.12,7.73,NA
2022-10-21,27.11,27.08,13.85,12.15,7.69,4.11,7.76,NA
2022-10-20,27.09,27.06,13.85,12.14,7.75,4.09,7.79,NA
2022-10-19,27.08,27.04,13.86,12.13,7.8,4.07,7.82,NA
2022-10-18,27.06,27.02,13.87,12.12,7.85,4.06,7.85,NA
2022-10-17,27.04,27,13.88,12.11,7.9,4.04,7.88,NA
2022-10-16,27.03,26.98,13.89,12.1,7.96,4.02,7.92,NA
2022-10-15,27.01,26.96,13.9,12.09,8.01,4,7.95,NA
2022-10-14,27,26.94,13.92,12.07,8.07,3.99,7.98,NA
2022-10-13,26.98,26.92,13.93,12.06,8.12,3.97,8.01,NA
2022-10-12,26.98,26.9,13.93,12.05,8.17,3.96,8.03,NA
2022-10-11,26.98,26.89,13.92,12.04,8.22,3.95,8.05,NA
2022-10-10,26.99,26.87,13.9,12.04,8.26,3.95,8.05,NA
2022-10-09,27,26.85,13.88,12.04,8.31,3.95,8.05,NA
2022-10-08,27.02,26.83,13.86,12.04,8.36,3.95,8.05,NA
2022-10-07,27.04,26.82,13.83,12.04,8.41,3.95,8.04,NA
2022-10-06,27.06,26.8,13.8,12.05,8.46,3.95,8.04,NA
2022-10-05,27.08,26.79,13.77,12.05,8.51,3.95,8.03,NA
2022-10-04,27.1,26.77,13.74,12.05,8.56,3.95,8.02,NA
2022-10-03,27.12,26.76,13.72,12.05,8.61,3.95,8.02,NA
2022-10-02,27.14,26.74,13.7,12.05,8.66,3.95,8.02,NA
2022-10-01,27.15,26.72,13.68,12.04,8.71,3.95,8.03,NA
2022-09-30,27.16,26.71,13.67,12.03,8.76,3.94,8.04,NA
2022-09-29,27.17,26.69,13.67,12.02,8.81,3.93,8.05,NA
2022-04-24,33.68,26.53,11.03,7.13,8.79,4.84,8.01,NA
2022-04-23,33.71,26.51,11.02,7.12,8.79,4.85,8.01,NA
2022-04-22,33.73,26.49,11.02,7.11,8.8,4.86,8.01,NA
2022-04-21,33.75,26.47,11.02,7.09,8.81,4.87,8.01,NA
2022-04-20,33.77,26.44,11.01,7.08,8.81,4.88,8,NA
2022-04-19,33.79,26.42,11.01,7.08,8.82,4.89,8,NA
2022-04-18,33.8,26.39,11.01,7.07,8.83,4.89,8,NA
2022-04-17,33.82,26.37,11.01,7.06,8.84,4.9,8,NA
2022-04-16,33.83,26.34,11.01,7.05,8.85,4.91,8,NA
2022-04-15,33.85,26.32,11,7.05,8.86,4.92,8,NA
2022-04-14,33.86,26.29,11,7.04,8.87,4.93,8,NA
2022-04-13,33.87,26.26,11.01,7.04,8.88,4.94,8,NA
2022-04-12,33.89,26.23,11.01,7.03,8.9,4.94,8,NA
2022-04-11,33.9,26.2,11.01,7.03,8.91,4.95,8,NA
2022-04-10,33.9,26.17,11.01,7.03,8.92,4.96,8,NA
2022-04-09,33.91,26.13,11.01,7.03,8.93,4.97,8.01,NA
2022-04-08,33.91,26.09,11.02,7.02,8.95,4.98,8.01,NA
2022-04-07,33.91,26.05,11.03,7.03,8.96,4.99,8.01,NA
2022-04-06,33.91,26.01,11.04,7.03,8.98,5,8.02,NA
2022-04-05,33.91,25.97,11.05,7.03,9,5.01,8.02,NA
2022-04-04,33.9,25.92,11.06,7.03,9.01,5.02,8.02,NA
2022-04-03,33.89,25.87,11.07,7.04,9.04,5.03,8.03,NA
2022-04-02,33.88,25.82,11.09,7.04,9.06,5.04,8.03,NA
2022-04-01,33.87,25.77,11.1,7.05,9.09,5.06,8.04,NA
2022-03-31,33.86,25.71,11.12,7.05,9.12,5.07,8.05,NA
2022-03-30,33.84,25.66,11.14,7.06,9.15,5.08,8.05,NA
2022-03-29,33.83,25.61,11.15,7.07,9.18,5.1,8.06,NA
2022-03-28,33.81,25.55,11.17,7.08,9.21,5.11,8.06,NA
2022-03-27,33.78,25.49,11.19,7.09,9.24,5.12,8.07,NA
2022-03-26,33.76,25.43,11.22,7.1,9.28,5.14,8.08,NA
2022-03-25,33.73,25.37,11.24,7.11,9.31,5.15,8.09,NA
2022-03-24,33.71,25.3,11.27,7.12,9.34,5.17,8.1,NA
2022-03-23,33.68,25.23,11.29,7.13,9.37,5.19,8.11,NA
2022-03-22,33.65,25.16,11.32,7.14,9.4,5.2,8.12,NA
2022-03-21,33.62,25.09,11.35,7.16,9.42,5.22,8.13,NA
2022-03-20,33.59,25.02,11.38,7.17,9.45,5.24,8.14,NA
2022-03-19,33.56,24.95,11.4,7.18,9.48,5.26,8.15,NA
2022-03-18,33.53,24.88,11.43,7.19,9.51,5.27,8.16,NA
2022-03-17,33.5,24.81,11.46,7.2,9.54,5.29,8.17,NA
2022-03-16,33.47,24.74,11.48,7.22,9.58,5.3,8.18,NA
2022-03-15,33.45,24.68,11.5,7.23,9.61,5.32,8.18,NA
2022-03-14,33.43,24.62,11.52,7.24,9.64,5.33,8.19,NA
2022-03-13,33.41,24.56,11.54,7.25,9.67,5.35,8.2,NA
2022-03-12,33.4,24.5,11.56,7.26,9.7,5.36,8.2,NA
2022-03-11,33.38,24.44,11.58,7.27,9.72,5.37,8.21,NA
2022-03-10,33.36,24.38,11.6,7.28,9.75,5.39,8.21,NA
2022-01-09,33.22,21.33,12.27,7.88,11.37,6.01,8.26,NA
2022-01-08,33.24,21.3,12.27,7.89,11.38,6.02,8.25,NA
2022-01-07,33.27,21.27,12.26,7.9,11.38,6.02,8.24,NA
2022-01-06,33.29,21.24,12.26,7.9,11.38,6.02,8.24,NA
2022-01-05,33.32,21.22,12.25,7.91,11.38,6.02,8.23,NA
2022-01-04,33.35,21.2,12.24,7.92,11.37,6.03,8.22,NA
2022-01-03,33.38,21.17,12.24,7.92,11.37,6.03,8.21,NA
2022-01-02,33.41,21.15,12.23,7.93,11.36,6.03,8.2,NA
2022-01-01,33.44,21.13,12.22,7.94,11.35,6.03,8.19,NA
2021-12-31,33.47,21.11,12.21,7.94,11.34,6.03,8.18,NA
2021-12-30,33.51,21.09,12.2,7.95,11.33,6.03,8.16,NA
2021-12-29,33.54,21.08,12.18,7.95,11.31,6.03,8.15,NA
2021-12-28,33.59,21.07,12.17,7.96,11.3,6.03,8.14,NA
2021-12-27,33.63,21.06,12.15,7.96,11.28,6.03,8.12,NA
2021-12-26,33.68,21.05,12.13,7.97,11.25,6.02,8.11,NA
2021-12-25,33.73,21.04,12.11,7.97,11.23,6.02,8.09,NA
2021-12-24,33.78,21.04,12.09,7.98,11.2,6.01,8.07,NA
2021-12-23,33.83,21.03,12.07,7.98,11.16,6.01,8.06,NA
2021-12-22,33.88,21.03,12.05,7.99,11.13,6.01,8.04,NA
2021-12-21,33.93,21.02,12.03,7.99,11.09,6,8.02,NA
2021-12-20,33.98,21.02,12,7.99,11.06,6,8.01,NA
2021-12-19,34.03,21.02,11.98,8,11.02,5.99,7.99,NA
2021-12-18,34.08,21.01,11.96,8,10.99,5.99,7.97,NA
2021-12-17,34.13,21.01,11.94,8.01,10.96,5.98,7.96,NA
2021-12-16,34.18,21,11.92,8.01,10.93,5.98,7.94,NA
2021-12-15,34.23,21,11.9,8.02,10.89,5.98,7.93,NA
2021-12-14,34.28,21,11.88,8.02,10.85,5.97,7.91,NA
2021-12-13,34.35,21.01,11.85,8.02,10.81,5.96,7.89,NA
2021-12-12,34.42,21.02,11.82,8.02,10.75,5.95,7.86,NA
2021-12-11,34.49,21.03,11.79,8.02,10.7,5.94,7.84,NA
2021-12-10,34.57,21.05,11.75,8.03,10.64,5.92,7.82,NA
2021-12-09,34.65,21.06,11.71,8.03,10.58,5.91,7.79,NA
2021-12-08,34.73,21.08,11.68,8.03,10.51,5.89,7.77,NA
2021-12-07,34.82,21.1,11.64,8.03,10.45,5.88,7.74,NA
2021-12-06,34.9,21.12,11.6,8.03,10.39,5.87,7.71,NA
2021-12-05,34.97,21.14,11.56,8.03,10.33,5.85,7.69,NA
2021-12-04,35.05,21.16,11.53,8.03,10.27,5.84,7.67,NA
2021-12-03,35.12,21.18,11.5,8.03,10.22,5.83,7.64,NA
2021-12-02,35.18,21.19,11.47,8.03,10.17,5.82,7.62,NA
2021-12-01,35.24,21.2,11.44,8.03,10.12,5.81,7.6,NA
2021-11-30,35.31,21.21,11.41,8.04,10.06,5.8,7.58,NA
2021-11-29,35.38,21.23,11.37,8.04,10,5.79,7.56,NA
2021-11-28,35.46,21.25,11.34,8.04,9.93,5.77,7.53,NA
2021-11-27,35.54,21.27,11.3,8.04,9.86,5.76,7.51,NA
2021-11-26,35.63,21.29,11.26,8.04,9.79,5.74,7.48,NA
2021-11-25,35.71,21.31,11.22,8.04,9.71,5.73,7.45,NA
2021-10-24,39.04,22.45,9.61,8,6.87,5.08,6.41,3
2021-10-23,39.12,22.48,9.57,8,6.8,5.06,6.38,3
2021-10-22,39.19,22.51,9.53,8,6.75,5.05,6.35,3
2021-10-21,39.25,22.54,9.5,8,6.69,5.05,6.33,3
2021-10-20,39.31,22.57,9.46,8,6.64,5.04,6.31,3
2021-10-19,39.36,22.6,9.43,8,6.59,5.03,6.29,3
2021-10-18,39.4,22.62,9.4,8,6.54,5.03,6.27,3
2021-10-17,39.45,22.65,9.38,8,6.49,5.03,6.25,3
2021-10-16,39.49,22.67,9.35,8,6.44,5.02,6.23,3
2021-10-15,39.53,22.7,9.32,8,6.39,5.02,6.21,3
2021-10-14,39.57,22.73,9.29,8,6.34,5.02,6.2,3
2021-10-13,39.6,22.75,9.27,8,6.3,5.02,6.18,3
2021-10-12,39.64,22.78,9.24,8,6.25,5.02,6.16,3
2021-10-11,39.67,22.81,9.21,8,6.21,5.02,6.14,3
2021-10-10,39.71,22.84,9.19,8,6.17,5.02,6.12,3
2021-10-09,39.74,22.86,9.16,8,6.13,5.02,6.11,3
2021-10-08,39.77,22.89,9.14,8,6.09,5.03,6.09,3
2021-10-07,39.8,22.92,9.11,8,6.06,5.03,6.07,3
2021-10-06,39.82,22.94,9.09,8,6.03,5.03,6.06,3
2021-10-05,39.85,22.97,9.07,8,6,5.03,6.04,3
2021-10-04,39.87,22.99,9.05,8,5.98,5.03,6.03,3
2021-10-03,39.89,23.01,9.03,8,5.96,5.04,6.02,3
2021-10-02,39.9,23.03,9.01,8,5.94,5.04,6.01,3
2021-10-01,39.91,23.06,8.99,8,5.92,5.05,5.99,3
2021-09-30,39.92,23.08,8.98,8,5.91,5.06,5.98,3
2021-09-29,39.92,23.1,8.96,8,5.89,5.06,5.97,3
2021-09-28,39.92,23.13,8.95,8,5.87,5.07,5.97,3
2021-09-27,39.92,23.15,8.93,8,5.85,5.08,5.96,3
2021-09-26,39.92,23.17,8.92,8,5.83,5.09,5.95,3
2021-09-25,39.91,23.19,8.91,8,5.81,5.1,5.94,3
2021-09-24,39.91,23.21,8.9,8,5.79,5.11,5.93,3
2021-09-23,39.9,23.24,8.89,8,5.78,5.12,5.93,3
2021-09-22,39.89,23.26,8.88,8,5.76,5.13,5.92,3
2021-09-21,39.89,23.28,8.87,8,5.75,5.14,5.91,3
2021-09-20,39.88,23.3,8.86,8,5.74,5.15,5.9,3
2021-09-19,39.88,23.32,8.84,8,5.74,5.16,5.9,3
2021-09-18,39.88,23.34,8.83,8,5.73,5.17,5.89,3
2021-09-17,39.88,23.35,8.82,8,5.72,5.18,5.88,3
2021-09-16,39.87,23.37,8.81,8,5.72,5.19,5.88,3
2021-09-15,39.86,23.39,8.81,8,5.71,5.2,5.87,3
2021-09-14,39.86,23.41,8.8,8,5.7,5.21,5.86,3
2021-09-13,39.84,23.43,8.79,8,5.69,5.22,5.86,3
2021-09-12,39.83,23.45,8.78,8,5.68,5.23,5.86,3
2021-09-11,39.82,23.46,8.78,8,5.67,5.24,5.85,3
2021-09-10,39.8,23.48,8.77,8,5.66,5.25,5.85,3
2021-09-09,39.78,23.5,8.77,8,5.66,5.27,5.84,3
2021-08-29,39.48,23.67,8.75,8,5.67,5.42,5.83,3
2021-08-28,39.45,23.69,8.75,8,5.68,5.44,5.84,3
2021-08-27,39.42,23.7,8.75,8,5.68,5.46,5.84,3
2021-08-26,39.38,23.71,8.76,8,5.69,5.47,5.84,3
2021-08-25,39.34,23.73,8.76,8,5.69,5.49,5.84,3
2021-08-24,39.31,23.74,8.76,8,5.7,5.5,5.84,3
2021-08-23,39.27,23.76,8.77,8,5.7,5.52,5.84,3
2021-08-22,39.22,23.77,8.77,8,5.71,5.54,5.85,3
2021-08-21,39.18,23.78,8.78,8,5.72,5.56,5.85,3
2021-08-20,39.14,23.79,8.78,8,5.72,5.58,5.86,3
2021-08-19,39.09,23.81,8.79,8,5.73,5.6,5.86,3
2021-08-18,39.04,23.82,8.8,8,5.74,5.62,5.86,3
2021-08-17,38.99,23.83,8.8,8,5.75,5.63,5.87,3
2021-08-16,38.94,23.84,8.81,8,5.76,5.65,5.87,3
2021-08-15,38.89,23.85,8.82,8,5.78,5.67,5.88,3
2021-08-14,38.84,23.87,8.83,8,5.79,5.7,5.89,3
2021-08-13,38.78,23.88,8.84,8,5.8,5.72,5.89,3
2021-08-12,38.73,23.89,8.85,8,5.82,5.74,5.9,3
2021-08-11,38.67,23.9,8.86,8,5.83,5.76,5.91,3
2021-08-10,38.62,23.91,8.87,8,5.84,5.78,5.91,3
2021-08-09,38.56,23.92,8.88,8,5.86,5.8,5.92,3
2021-08-08,38.5,23.93,8.89,8,5.87,5.82,5.93,3
2021-08-07,38.44,23.94,8.9,8,5.88,5.84,5.94,3
2021-08-06,38.38,23.95,8.92,8,5.9,5.87,5.94,3
2021-08-05,38.31,23.96,8.93,8,5.92,5.89,5.95,3
2021-08-04,38.25,23.97,8.94,8,5.93,5.91,5.96,3
2021-08-03,38.18,23.98,8.96,8,5.95,5.94,5.97,3
2021-08-02,38.11,23.99,8.97,8,5.96,5.96,5.98,3
2021-08-01,38.05,24,8.99,8,5.98,5.98,5.99,3
2021-07-31,37.98,24,9,8,6,6.01,6,3
2021-07-30,37.91,24.01,9.02,8,6.02,6.03,6.01,3
2021-07-29,37.83,24.02,9.04,8,6.04,6.06,6.02,3
2021-07-28,37.76,24.03,9.05,8,6.06,6.08,6.04,3
2021-07-27,37.69,24.04,9.07,8,6.08,6.11,6.05,3
2021-07-26,37.61,24.04,9.09,8,6.1,6.13,6.06,3
2021-07-25,37.54,24.05,9.11,8,6.12,6.16,6.07,3
2021-07-24,37.46,24.06,9.13,8,6.14,6.18,6.08,3
2021-07-23,37.39,24.07,9.14,8,6.16,6.21,6.1,3
2021-07-22,37.31,24.07,9.16,8,6.18,6.24,6.11,3
2021-07-21,37.23,24.08,9.18,8,6.2,6.26,6.12,3
2021-07-20,37.16,24.09,9.2,8,6.22,6.29,6.13,3
2021-07-19,37.08,24.09,9.22,8,6.24,6.31,6.15,3
2021-07-18,37,24.1,9.24,8,6.26,6.34,6.16,3
2021-07-17,36.92,24.1,9.26,8,6.28,6.37,6.18,3
2021-07-16,36.83,24.11,9.28,8,6.3,6.39,6.19,3
2021-07-15,36.75,24.11,9.31,8,6.32,6.42,6.2,3
