Datum,SPD,AfD,CDU,LINKE,Sonstige,FDP,GRÃœNE,BSW
2026-02-19,25.77,34.37,13.15,12.06,4.91,2,3.87,5.85
2026-02-18,25.68,34.44,13.13,12.05,4.92,NA,3.88,5.86
2026-02-17,25.6,34.51,13.12,12.04,4.92,NA,3.89,5.87
2026-02-16,25.51,34.58,13.11,12.03,4.93,NA,3.91,5.88
2026-02-15,25.43,34.65,13.09,12.02,4.94,NA,3.92,5.89
2026-02-14,25.34,34.71,13.08,12.01,4.95,NA,3.93,5.9
2026-02-13,25.26,34.78,13.07,12.01,4.96,NA,3.95,5.91
2026-02-12,25.18,34.85,13.05,12,4.97,NA,3.96,5.92
2026-02-11,25.1,34.91,13.04,11.99,4.98,NA,3.97,5.93
2026-02-10,25.02,34.98,13.03,11.98,4.99,NA,3.99,5.94
2026-02-09,24.93,35.04,13.02,11.97,5,NA,4,5.95
2026-02-08,24.85,35.11,13,11.96,5.01,NA,4.01,5.96
2026-02-07,24.77,35.17,12.99,11.95,5.02,NA,4.02,5.97
2026-02-06,24.69,35.23,12.98,11.95,5.03,NA,4.04,5.98
2026-02-05,24.62,35.29,12.97,11.94,5.04,NA,4.05,5.99
2026-02-04,24.54,35.35,12.96,11.93,5.05,NA,4.06,6
2026-02-03,24.46,35.41,12.95,11.92,5.06,NA,4.07,6.01
2026-02-02,24.38,35.47,12.94,11.91,5.07,NA,4.09,6.02
2026-02-01,24.31,35.53,12.93,11.91,5.08,NA,4.1,6.03
2026-01-31,24.23,35.59,12.92,11.9,5.09,NA,4.11,6.04
2026-01-30,24.15,35.65,12.91,11.89,5.1,NA,4.12,6.06
2026-01-29,24.08,35.7,12.9,11.89,5.11,NA,4.13,6.07
2026-01-28,24,35.76,12.89,11.88,5.12,NA,4.15,6.08
2026-01-27,23.93,35.82,12.88,11.87,5.13,NA,4.16,6.09
2025-11-09,19.66,38.09,12.79,11.84,5.82,NA,4.87,6.97
2025-11-08,19.63,38.09,12.8,11.85,5.83,NA,4.88,6.97
2025-11-07,19.6,38.09,12.8,11.85,5.83,NA,4.88,6.98
2025-11-06,19.56,38.09,12.81,11.86,5.84,NA,4.89,6.98
2025-11-05,19.53,38.09,12.82,11.86,5.85,NA,4.9,6.98
2025-11-04,19.5,38.09,12.83,11.87,5.86,NA,4.9,6.99
2025-11-03,19.47,38.09,12.84,11.88,5.87,NA,4.91,6.99
2025-11-02,19.44,38.09,12.85,11.88,5.88,NA,4.91,6.99
2025-11-01,19.41,38.09,12.86,11.89,5.88,NA,4.92,7
2025-10-31,19.38,38.08,12.86,11.9,5.89,NA,4.93,7
2025-10-30,19.35,38.08,12.87,11.9,5.9,NA,4.93,7
2025-10-29,19.32,38.08,12.88,11.91,5.91,NA,4.94,7
2025-10-28,19.29,38.07,12.89,11.92,5.92,NA,4.94,7
2025-10-27,19.26,38.06,12.9,11.93,5.92,NA,4.95,7.01
2025-10-26,19.23,38.06,12.91,11.93,5.93,NA,4.95,7.01
2025-10-25,19.21,38.05,12.92,11.94,5.94,NA,4.96,7.01
2025-10-24,19.18,38.04,12.93,11.95,5.95,NA,4.96,7.01
2025-10-23,19.15,38.03,12.94,11.96,5.96,NA,4.97,7.01
2025-10-22,19.13,38.02,12.96,11.97,5.96,NA,4.98,7.01
2025-10-21,19.1,38.01,12.97,11.98,5.97,NA,4.98,7.01
2025-10-20,19.08,38,12.98,11.98,5.98,NA,4.99,7.01
2025-10-19,19.05,37.99,12.99,11.99,5.99,NA,4.99,7.01
2025-10-18,19.03,37.98,13,12,6,NA,5,7.01
2025-10-17,19.01,37.97,13.01,12.01,6,NA,5,7.01
2025-10-16,18.98,37.95,13.03,12.02,6.01,NA,5.01,7.01
2025-10-15,18.96,37.94,13.04,12.03,6.02,NA,5.01,7.01
2025-10-14,18.94,37.93,13.05,12.04,6.03,NA,5.01,7.01
2025-10-13,18.92,37.91,13.06,12.05,6.04,NA,5.02,7.01
2025-10-12,18.9,37.9,13.08,12.06,6.04,NA,5.02,7.01
2025-10-11,18.88,37.88,13.09,12.07,6.05,NA,5.03,7.01
2025-10-10,18.86,37.86,13.1,12.08,6.06,NA,5.03,7.01
2025-10-09,18.84,37.84,13.12,12.09,6.07,NA,5.04,7.01
2025-10-08,18.82,37.83,13.13,12.1,6.07,NA,5.04,7.01
2025-10-07,18.8,37.81,13.14,12.11,6.08,NA,5.05,7.01
2025-10-06,18.79,37.79,13.16,12.12,6.09,NA,5.05,7
2025-10-05,18.77,37.77,13.17,12.13,6.1,NA,5.05,7
2025-10-04,18.75,37.75,13.19,12.14,6.11,NA,5.06,7
2025-10-03,18.74,37.72,13.2,12.16,6.11,NA,5.06,7
2025-10-02,18.72,37.7,13.22,12.17,6.12,NA,5.07,7
2025-10-01,18.71,37.67,13.23,12.18,6.13,NA,5.07,6.99
2025-09-30,18.69,37.65,13.25,12.2,6.14,NA,5.07,6.99
2025-09-29,18.68,37.62,13.27,12.21,6.14,NA,5.07,6.99
2025-09-28,18.67,37.58,13.29,12.23,6.15,NA,5.08,6.99
2025-09-27,18.66,37.55,13.31,12.25,6.16,NA,5.08,6.99
2025-09-26,18.66,37.51,13.33,12.27,6.17,NA,5.08,6.98
2025-09-25,18.65,37.47,13.35,12.29,6.18,NA,5.08,6.98
2025-06-12,20.87,29.51,16.88,15.71,6.97,NA,4.76,6.14
2025-06-11,20.88,29.47,16.9,15.69,6.97,NA,4.77,6.13
2025-06-10,20.89,29.43,16.91,15.67,6.97,NA,4.78,6.11
2025-06-09,20.9,29.4,16.92,15.65,6.98,NA,4.79,6.09
2025-06-08,20.91,29.37,16.93,15.63,6.98,NA,4.8,6.07
2025-06-07,20.91,29.34,16.94,15.61,6.98,NA,4.81,6.05
2025-06-06,20.92,29.31,16.95,15.58,6.98,NA,4.82,6.04
2025-06-05,20.93,29.27,16.95,15.54,6.99,NA,4.83,6.02
2025-06-04,20.94,29.24,16.96,15.51,6.99,NA,4.84,6
2025-06-03,20.94,29.21,16.97,15.47,6.99,NA,4.86,5.98
2025-06-02,20.95,29.18,16.98,15.42,6.99,NA,4.87,5.97
2025-06-01,20.96,29.15,16.98,15.38,7,NA,4.89,5.96
2025-05-31,20.96,29.12,16.99,15.34,7,NA,4.9,5.94
2025-05-30,20.97,29.1,16.99,15.29,7,NA,4.92,5.93
2025-05-29,20.97,29.07,16.99,15.25,7.01,NA,4.93,5.92
2025-05-28,20.98,29.05,16.99,15.2,7.01,NA,4.95,5.91
2025-05-27,20.98,29.04,16.99,15.16,7.01,NA,4.96,5.9
2025-05-26,20.98,29.03,16.99,15.11,7.02,NA,4.98,5.9
2025-05-25,20.98,29.02,16.98,15.06,7.02,NA,5,5.89
2025-05-24,20.98,29.01,16.97,15.01,7.03,NA,5.02,5.89
2025-05-23,20.98,29,16.96,14.95,7.04,NA,5.04,5.89
2025-05-22,20.98,29,16.95,14.88,7.04,NA,5.06,5.88
2025-05-21,20.97,28.99,16.94,14.82,7.05,NA,5.09,5.88
2025-05-20,20.97,28.99,16.92,14.74,7.06,NA,5.12,5.88
2025-05-19,20.97,28.98,16.91,14.67,7.07,NA,5.14,5.89
2025-05-18,20.97,28.98,16.89,14.6,7.07,NA,5.17,5.89
2025-05-17,20.97,28.98,16.87,14.53,7.08,NA,5.2,5.9
2025-05-16,20.96,28.98,16.86,14.45,7.09,NA,5.22,5.9
2025-05-15,20.96,28.97,16.84,14.38,7.09,NA,5.25,5.91
2025-05-14,20.96,28.97,16.83,14.31,7.1,NA,5.27,5.92
2025-05-13,20.96,28.97,16.81,14.24,7.1,NA,5.3,5.93
2025-05-12,20.95,28.97,16.8,14.17,7.11,NA,5.32,5.94
2025-05-11,20.95,28.97,16.78,14.09,7.11,NA,5.35,5.96
2025-05-10,20.95,28.97,16.77,14.01,7.12,NA,5.38,5.97
2025-05-09,20.95,28.97,16.75,13.93,7.13,NA,5.4,5.99
2025-05-08,20.95,28.97,16.74,13.85,7.13,NA,5.43,6
2025-05-07,20.94,28.97,16.72,13.76,7.14,NA,5.46,6.02
2025-05-06,20.94,28.97,16.7,13.68,7.14,NA,5.49,6.03
2025-05-05,20.94,28.97,16.69,13.6,7.14,NA,5.51,6.05
2025-05-04,20.94,28.97,16.67,13.52,7.15,NA,5.54,6.07
2025-05-03,20.94,28.97,16.66,13.44,7.15,NA,5.56,6.09
2025-05-02,20.94,28.97,16.65,13.36,7.15,NA,5.59,6.11
2025-05-01,20.94,28.97,16.63,13.28,7.15,NA,5.61,6.14
2025-04-30,20.94,28.97,16.62,13.2,7.15,NA,5.64,6.17
2025-04-29,20.94,28.97,16.6,13.12,7.16,NA,5.66,6.2
2025-04-28,20.94,28.97,16.59,13.03,7.16,NA,5.69,6.24
2025-03-24,21.05,29.23,15.94,9.35,7.08,2.94,6.81,8.76
2025-03-23,21.05,29.23,15.93,9.25,7.07,2.94,6.83,8.81
2025-03-22,21.06,29.24,15.93,9.16,7.06,2.95,6.85,8.85
2025-03-21,21.07,29.24,15.92,9.07,7.05,2.96,6.86,8.89
2025-03-20,21.07,29.25,15.92,8.98,7.03,2.97,6.88,8.92
2025-03-19,21.08,29.25,15.92,8.89,7.02,2.98,6.89,8.95
2025-03-18,21.08,29.25,15.92,8.81,7,2.98,6.9,8.97
2025-03-17,21.09,29.25,15.92,8.73,6.99,2.99,6.91,8.99
2025-03-16,21.09,29.25,15.93,8.66,6.97,3,6.92,9.01
2025-03-15,21.1,29.26,15.94,8.58,6.95,3.01,6.92,9.02
2025-03-14,21.11,29.26,15.94,8.52,6.93,3.02,6.93,9.03
2025-03-13,21.12,29.28,15.95,8.46,6.9,3.02,6.93,9.03
2025-03-12,21.14,29.29,15.95,8.4,6.88,3.03,6.93,9.04
2025-03-11,21.15,29.31,15.96,8.34,6.85,3.04,6.93,9.04
2025-03-10,21.17,29.32,15.97,8.29,6.82,3.04,6.92,9.04
2025-03-09,21.18,29.34,15.98,8.24,6.79,3.05,6.92,9.03
2025-03-08,21.2,29.35,15.99,8.18,6.76,3.05,6.92,9.03
2025-03-07,21.21,29.36,16,8.13,6.73,3.06,6.91,9.04
2025-03-06,21.22,29.37,16.01,8.07,6.71,3.06,6.91,9.04
2025-03-05,21.23,29.37,16.02,8.01,6.68,3.06,6.9,9.05
2025-03-04,21.24,29.37,16.04,7.95,6.66,3.06,6.9,9.06
2025-03-03,21.24,29.36,16.06,7.89,6.63,3.06,6.89,9.06
2025-03-02,21.25,29.36,16.08,7.84,6.6,3.06,6.87,9.07
2025-03-01,21.26,29.35,16.11,7.79,6.57,3.06,6.86,9.08
2025-02-28,21.27,29.35,16.14,7.75,6.54,3.06,6.84,9.09
2025-02-27,21.28,29.35,16.17,7.71,6.5,3.06,6.82,9.11
2025-02-26,21.29,29.35,16.2,7.67,6.46,3.06,6.79,9.12
2025-02-25,21.31,29.35,16.23,7.64,6.42,3.05,6.76,9.13
2025-02-24,21.32,29.34,16.27,7.61,6.39,3.05,6.74,9.14
2025-02-23,21.33,29.34,16.3,7.58,6.35,3.05,6.71,9.16
2025-02-22,21.34,29.33,16.34,7.54,6.31,3.04,6.68,9.18
2025-02-21,21.35,29.33,16.37,7.51,6.27,3.03,6.66,9.19
2025-02-20,21.36,29.32,16.4,7.47,6.24,3.03,6.63,9.19
2025-02-19,21.37,29.31,16.44,7.44,6.21,3.02,6.61,9.18
2025-02-18,21.37,29.3,16.47,7.39,6.18,3.01,6.58,9.17
2025-02-17,21.38,29.27,16.51,7.35,6.14,3,6.56,9.17
2025-02-16,21.38,29.25,16.56,7.31,6.1,2.99,6.52,9.18
2025-02-15,21.38,29.22,16.62,7.27,6.05,2.98,6.48,9.21
2025-02-14,21.38,29.18,16.67,7.23,6,2.97,6.44,9.26
2025-02-13,21.38,29.15,16.73,7.19,5.95,2.96,6.4,9.3
2025-02-12,21.38,29.11,16.79,7.14,5.9,2.95,6.36,9.35
2025-02-11,21.38,29.07,16.85,7.1,5.86,2.94,6.32,9.4
2025-02-10,21.38,29.04,16.91,7.06,5.81,2.92,6.28,9.46
2025-02-09,21.38,29,16.97,7.02,5.77,2.91,6.24,9.52
2025-02-08,21.38,28.97,17.02,6.98,5.73,2.89,6.21,9.6
2025-02-07,21.38,28.95,17.06,6.94,5.7,2.88,6.18,9.68
2025-02-06,21.39,28.92,17.1,6.9,5.67,2.86,6.15,9.78
2025-02-05,21.38,28.89,17.15,6.85,5.64,2.84,6.12,9.89
2025-02-04,21.38,28.85,17.2,6.8,5.6,2.83,6.09,10.02
2025-02-03,21.38,28.81,17.25,6.75,5.56,2.81,6.05,10.16
2025-02-02,21.37,28.77,17.31,6.69,5.52,2.79,6.02,10.34
2025-02-01,21.37,28.72,17.37,6.63,5.48,2.77,5.98,10.56
2025-01-31,21.36,28.67,17.43,6.57,5.44,2.75,5.95,10.81
2025-01-30,21.35,28.61,17.49,6.51,5.39,2.72,5.91,11.06
2025-01-29,21.34,28.56,17.56,6.44,5.35,2.69,5.87,11.3
2025-01-28,21.33,28.5,17.62,6.38,5.3,2.66,5.84,11.51
2025-01-18,21.24,27.95,18.23,5.77,4.94,2.37,5.47,14.28
2025-01-17,21.23,27.9,18.28,5.72,4.92,2.34,5.44,14.56
2025-01-16,21.23,27.86,18.32,5.68,4.91,2.32,5.41,14.83
2025-01-15,21.22,27.82,18.37,5.63,4.89,2.3,5.38,15.07
2025-01-14,21.2,27.77,18.42,5.58,4.88,2.28,5.36,15.29
2025-01-13,21.19,27.71,18.46,5.54,4.86,2.26,5.33,15.48
2025-01-12,21.17,27.64,18.51,5.49,4.84,2.24,5.31,15.63
2025-01-11,21.15,27.58,18.57,5.43,4.81,2.21,5.28,15.75
2025-01-10,21.12,27.51,18.62,5.38,4.79,2.19,5.26,15.85
2025-01-09,21.1,27.44,18.67,5.33,4.78,2.17,5.24,15.94
2025-01-08,21.08,27.37,18.71,5.29,4.76,2.14,5.21,16.02
2025-01-07,21.06,27.31,18.76,5.24,4.75,2.12,5.19,16.1
2025-01-06,21.05,27.26,18.8,5.2,4.74,2.1,5.17,16.18
2025-01-05,21.04,27.22,18.84,5.16,4.75,2.09,5.14,16.23
2025-01-04,21.04,27.19,18.87,5.13,4.76,2.07,5.12,16.25
2025-01-03,21.04,27.16,18.9,5.1,4.77,2.06,5.09,16.24
2025-01-02,21.04,27.14,18.93,5.07,4.8,2.05,5.07,16.21
2025-01-01,21.04,27.12,18.95,5.05,4.83,2.04,5.04,16.18
2024-12-31,21.04,27.11,18.96,5.03,4.87,2.02,5.02,16.16
2024-12-30,21.05,27.09,18.98,5.02,4.91,2.01,5,16.16
2024-12-29,21.05,27.08,18.99,5,4.95,2,4.98,16.16
2024-12-28,21.06,27.07,19,4.99,5,1.99,4.95,16.16
2024-12-27,21.07,27.06,19.01,4.98,5.05,1.98,4.93,16.16
2024-12-26,21.07,27.06,19.02,4.96,5.1,1.97,4.91,16.15
2024-12-25,21.08,27.05,19.03,4.95,5.14,1.96,4.89,16.14
2024-12-24,21.08,27.04,19.04,4.94,5.19,1.96,4.87,16.13
2024-12-23,21.09,27.03,19.06,4.93,5.23,1.95,4.85,16.12
2024-12-22,21.1,27.03,19.07,4.91,5.27,1.94,4.83,16.11
2024-12-21,21.11,27.03,19.08,4.9,5.32,1.94,4.81,16.11
2024-12-20,21.13,27.05,19.08,4.9,5.38,1.94,4.78,16.11
2024-12-19,21.16,27.08,19.07,4.9,5.45,1.94,4.76,16.1
2024-12-18,21.19,27.12,19.05,4.91,5.54,1.93,4.73,16.09
2024-12-17,21.23,27.17,19.03,4.93,5.63,1.93,4.71,16.06
2024-12-16,21.27,27.23,19.01,4.95,5.72,1.93,4.68,16.01
2024-12-15,21.31,27.29,18.98,4.96,5.81,1.92,4.66,15.96
2024-12-14,21.35,27.34,18.96,4.98,5.9,1.92,4.63,15.89
2024-12-13,21.39,27.39,18.94,4.99,5.99,1.92,4.61,15.82
2024-12-12,21.42,27.42,18.93,5,6.07,1.93,4.59,15.74
2024-12-11,21.44,27.45,18.92,5.01,6.13,1.94,4.57,15.65
2024-12-10,21.45,27.46,18.93,5.01,6.19,1.95,4.55,15.56
2024-12-09,21.46,27.46,18.94,5,6.23,1.95,4.54,15.47
2024-12-08,21.48,27.48,18.94,5,6.29,1.96,4.52,15.38
2024-12-07,21.5,27.5,18.95,5,6.36,1.97,4.5,15.3
2024-12-06,21.52,27.52,18.95,5,6.43,1.97,4.48,15.22
2024-12-05,21.54,27.55,18.95,5,6.51,1.98,4.46,15.14
2024-12-04,21.57,27.58,18.95,5.01,6.58,1.98,4.44,15.05
2024-12-03,21.59,27.61,18.95,5.01,6.66,NA,4.42,14.94
2024-12-02,21.62,27.63,18.95,5.01,6.74,NA,4.4,14.82
2024-12-01,21.64,27.65,18.95,5.02,6.81,NA,4.38,14.7
2024-11-30,21.65,27.67,18.96,5.02,6.87,NA,4.36,14.6
2024-11-29,21.67,27.68,18.97,5.01,6.93,NA,4.35,14.51
2024-11-28,21.67,27.68,18.98,5.01,6.98,NA,4.34,14.43
2024-11-27,21.67,27.67,19,5,7.01,NA,4.33,14.33
2024-11-26,21.66,27.65,19.02,4.99,7.04,NA,4.32,14.21
2024-11-25,21.65,27.63,19.05,4.97,7.06,NA,4.32,14.09
2024-11-24,21.64,27.59,19.09,4.96,7.09,NA,4.32,13.99
2024-11-23,21.62,27.56,19.12,4.94,7.1,NA,4.32,13.9
2024-11-22,21.6,27.52,19.16,4.92,7.12,NA,4.32,13.86
2024-11-21,21.58,27.48,19.2,4.9,7.13,NA,4.32,13.83
2024-11-20,21.55,27.43,19.24,4.88,7.14,NA,4.33,13.8
2024-11-19,21.53,27.39,19.28,4.86,7.15,NA,4.33,13.77
2024-11-18,21.51,27.34,19.32,4.84,7.16,NA,4.33,13.76
2024-11-17,21.48,27.3,19.36,4.82,7.17,NA,4.34,13.76
2024-11-16,21.46,27.26,19.4,4.8,7.18,NA,4.34,13.78
2024-11-15,21.44,27.23,19.43,4.79,7.18,NA,4.34,13.84
2024-11-14,21.42,27.19,19.46,4.77,7.19,NA,4.35,13.92
2024-11-13,21.4,27.16,19.49,4.75,7.19,NA,4.35,14.03
2024-11-12,21.38,27.12,19.52,4.74,7.2,NA,4.35,14.16
2024-11-11,21.36,27.08,19.56,4.72,7.2,NA,4.36,14.28
2024-11-10,21.34,27.04,19.59,4.7,7.2,NA,4.37,14.4
2024-11-09,21.31,26.99,19.63,4.68,7.19,2,4.37,14.51
2024-11-08,21.28,26.95,19.67,4.67,7.19,2,4.38,14.63
2024-11-07,21.26,26.9,19.71,4.65,7.18,2,4.39,14.78
2024-11-06,21.23,26.86,19.74,4.63,7.17,2,4.4,14.96
2024-11-05,21.2,26.81,19.78,4.61,7.16,2,4.41,15.13
2024-11-04,21.17,26.76,19.82,4.59,7.15,2,4.42,15.29
2024-11-03,21.14,26.71,19.86,4.57,7.14,2,4.43,15.43
2024-11-02,21.11,26.66,19.89,4.55,7.12,2,4.44,15.55
2024-11-01,21.08,26.61,19.93,4.53,7.1,2,4.45,15.71
2024-10-31,21.05,26.56,19.97,4.51,7.09,2,4.47,15.88
2024-10-30,21.02,26.51,20.01,4.49,7.07,2,4.48,16.05
2024-10-29,20.98,26.46,20.05,4.47,7.05,2,4.49,16.22
2024-10-28,20.95,26.4,20.09,4.45,7.03,2,4.51,16.36
2024-10-27,20.91,26.34,20.14,4.43,7.01,2,4.52,16.48
2024-10-26,20.88,26.29,20.18,4.41,6.98,2,4.54,16.57
2024-10-25,20.84,26.23,20.22,4.39,6.96,2,4.55,16.66
2024-10-24,20.8,26.17,20.26,4.37,6.93,2,4.57,16.74
2024-10-23,20.76,26.11,20.31,4.35,6.89,2,4.59,16.82
2024-10-22,20.72,26.04,20.35,4.32,6.86,2,4.61,16.89
2024-10-21,20.68,25.98,20.39,4.3,6.82,2,4.63,16.95
2024-10-20,20.63,25.92,20.44,4.28,6.77,2,4.65,17.01
2024-10-19,20.59,25.85,20.48,4.26,6.73,2,4.67,17.06
2024-10-18,20.55,25.78,20.52,4.24,6.68,2,4.69,17.11
2024-10-17,20.5,25.71,20.57,4.22,6.64,2,4.72,17.15
2024-10-16,20.46,25.65,20.61,4.19,6.59,2,4.74,17.19
2024-10-15,20.41,25.58,20.66,4.17,6.54,2,4.76,17.22
2024-10-14,20.37,25.51,20.7,4.15,6.49,2,4.79,17.24
2024-10-13,20.33,25.45,20.74,4.13,6.44,2,4.81,17.26
2024-10-12,20.3,25.38,20.78,4.11,6.39,2.01,4.83,17.27
2024-10-11,20.26,25.32,20.82,4.09,6.34,2.01,4.86,17.27
2024-10-10,20.23,25.27,20.86,4.08,6.3,2.01,4.88,17.27
2024-10-09,20.2,25.21,20.89,4.06,6.25,2.02,4.9,17.27
2024-10-08,20.18,25.17,20.92,4.05,6.21,2.03,4.92,17.26
2024-10-07,20.15,25.12,20.94,4.04,6.17,2.03,4.94,17.24
2024-10-06,20.13,25.07,20.97,4.02,6.12,2.04,4.96,17.22
2024-10-05,20.11,25.02,21,4.01,6.08,2.05,4.98,17.19
2024-10-04,20.09,24.97,21.03,4,6.03,2.06,5,17.15
2024-10-03,20.07,24.92,21.06,3.99,5.98,2.07,5.02,17.12
2024-10-02,20.05,24.87,21.08,3.98,5.93,2.08,5.04,17.07
2024-10-01,20.03,24.83,21.11,3.97,5.89,2.09,5.06,17.02
2024-09-30,20.02,24.78,21.13,3.96,5.84,2.1,5.08,16.97
2024-09-29,20,24.74,21.16,3.95,5.8,2.12,5.1,16.91
2024-09-28,19.99,24.7,21.18,3.94,5.75,2.13,5.12,16.85
2024-09-27,19.99,24.67,21.2,3.93,5.71,2.15,5.14,16.78
2024-09-26,19.99,24.64,21.21,3.93,5.68,2.16,5.15,16.71
2024-09-25,19.99,24.61,21.22,3.93,5.64,2.18,5.17,16.63
2024-07-21,23.02,24.81,20.05,4.84,2.39,4.06,5.62,13.94
2024-07-20,23.04,24.82,20.03,4.86,2.39,4.07,5.63,13.94
2024-07-19,23.06,24.84,20.02,4.87,2.4,4.07,5.65,13.95
2024-07-18,23.07,24.85,20,4.89,2.41,4.07,5.66,13.96
2024-07-17,23.08,24.86,19.99,4.9,2.42,4.07,5.68,13.97
2024-07-16,23.09,24.87,19.98,4.91,2.44,4.08,5.7,13.98
2024-07-15,23.09,24.88,19.97,4.93,2.46,4.08,5.72,14
2024-07-14,23.09,24.89,19.96,4.94,2.48,4.07,5.73,14.01
2024-07-13,23.09,24.9,19.95,4.95,2.51,4.07,5.75,14.02
2024-07-12,23.08,24.9,19.95,4.96,2.54,4.07,5.78,14.03
2024-07-11,23.07,24.91,19.94,4.97,2.58,4.07,5.8,14.04
2024-07-10,23.05,24.92,19.94,4.98,2.62,4.06,5.82,14.05
2024-07-09,23.04,24.92,19.93,4.99,2.66,4.06,5.84,14.05
2024-07-08,23.02,24.93,19.93,5,2.71,4.06,5.87,14.06
2024-07-07,23,24.94,19.93,5.01,2.76,4.05,5.89,14.07
2024-07-06,22.98,24.94,19.92,5.02,2.81,4.04,5.91,14.07
2024-07-05,22.95,24.95,19.92,5.03,2.86,4.04,5.94,14.08
2024-07-04,22.93,24.95,19.92,5.04,2.91,4.03,5.96,14.08
2024-07-03,22.9,24.96,19.91,5.05,2.96,4.02,5.99,14.08
2024-07-02,22.88,24.97,19.91,5.06,3.02,4.01,6.01,14.08
2024-07-01,22.85,24.97,19.91,5.07,3.07,4,6.04,14.08
2024-06-30,22.82,24.98,19.91,5.08,3.13,3.99,6.06,14.08
2024-06-29,22.8,24.99,19.91,5.09,3.2,3.98,6.09,14.08
2024-06-28,22.77,25,19.91,5.1,3.26,3.97,6.11,14.08
2024-06-27,22.73,25.01,19.91,5.11,3.33,3.95,6.14,14.08
2024-06-26,22.69,25.01,19.91,5.11,3.42,3.94,6.17,14.08
2024-06-25,22.64,25.02,19.92,5.12,3.52,3.92,6.21,14.07
2024-06-24,22.59,25.02,19.92,5.13,3.62,3.9,6.24,14.07
2024-06-23,22.53,25.02,19.93,5.13,3.73,3.88,6.27,14.06
2024-06-22,22.47,25.02,19.94,5.13,3.85,3.86,6.31,14.05
2024-06-21,22.41,25.02,19.95,5.14,3.97,3.84,6.35,14.03
2024-06-20,22.35,25.03,19.96,5.14,4.09,3.82,6.38,14.01
2024-06-19,22.29,25.03,19.96,5.15,4.2,3.8,6.42,14
2024-06-18,22.24,25.04,19.97,5.15,4.31,3.78,6.45,13.98
2024-06-17,22.19,25.04,19.97,5.16,4.4,3.76,6.48,13.96
2024-06-16,22.14,25.05,19.98,5.17,4.49,3.74,6.51,13.93
2024-06-15,22.11,25.07,19.98,5.18,4.56,3.71,6.54,13.9
2024-06-14,22.07,25.08,19.98,5.19,4.64,3.68,6.57,13.86
2024-06-13,22.02,25.09,19.98,5.2,4.73,3.64,6.6,13.82
2024-06-12,21.97,25.11,19.98,5.2,4.83,3.61,6.63,13.77
2024-06-11,21.91,25.11,19.99,5.21,4.95,3.57,6.67,13.72
2024-06-10,21.84,25.12,20,5.22,5.07,3.54,6.7,13.67
2024-06-09,21.78,25.13,20,5.22,5.19,3.51,6.74,13.61
2024-06-08,21.71,25.14,20.01,5.23,5.32,3.48,6.77,13.56
2024-06-07,21.64,25.15,20.02,5.24,5.44,3.46,6.81,13.51
2024-06-06,21.58,25.16,20.02,5.24,5.55,3.44,6.84,13.46
2024-06-05,21.53,25.18,20.03,5.25,5.66,3.43,6.87,13.42
2024-06-04,21.48,25.19,20.03,5.26,5.75,3.41,6.9,13.37
2024-06-03,21.43,25.21,20.03,5.27,5.83,3.39,6.93,13.31
2024-06-02,21.4,25.23,20.03,5.29,5.9,3.37,6.96,13.24
2024-06-01,21.36,25.26,20.02,5.3,5.97,3.35,6.98,13.16
2024-05-31,21.32,25.28,20.02,5.31,6.04,3.34,7.01,13.08
2024-05-30,21.28,25.3,20.02,5.33,6.11,3.32,7.04,13
2024-05-29,21.24,25.33,20.01,5.34,6.19,3.3,7.06,12.91
2024-05-28,21.2,25.35,20.01,5.35,6.26,3.29,7.09,12.81
2024-05-27,21.16,25.38,20.01,5.37,6.33,3.27,7.12,12.71
2024-05-26,21.13,25.41,20,5.38,6.4,3.26,7.14,12.61
2024-05-25,21.09,25.44,20,5.4,6.47,3.24,7.17,12.5
2024-05-24,21.05,25.47,19.99,5.41,6.54,3.22,7.19,12.38
2024-05-23,21.02,25.49,19.99,5.43,6.6,3.21,7.22,12.26
2024-05-22,20.99,25.52,19.98,5.45,6.66,3.19,7.24,12.13
2024-05-21,20.95,25.55,19.98,5.46,6.72,3.18,7.26,12
2024-05-20,20.92,25.58,19.97,5.48,6.78,3.16,7.29,11.87
2024-05-19,20.89,25.61,19.96,5.49,6.84,3.14,7.31,11.73
2024-05-18,20.86,25.65,19.96,5.51,6.9,3.13,7.34,11.58
2024-05-17,20.82,25.68,19.95,5.53,6.97,3.12,7.36,11.43
2024-05-16,20.79,25.71,19.94,5.55,7.03,3.11,7.39,11.28
2024-05-15,20.75,25.75,19.94,5.56,7.1,3.09,7.42,11.12
2024-05-14,20.72,25.78,19.93,5.58,7.16,NA,7.44,10.96
2024-05-13,20.69,25.82,19.92,5.6,7.22,NA,7.47,10.79
2024-05-12,20.66,25.86,19.91,5.62,7.28,NA,7.49,10.62
2024-05-11,20.63,25.89,19.91,5.64,7.34,NA,7.52,10.45
2024-05-10,20.6,25.93,19.9,5.66,7.39,NA,7.54,10.29
2024-05-09,20.58,25.97,19.89,5.68,7.43,NA,7.56,10.13
2024-03-04,20.8,30.26,18.31,7.66,6.28,2.98,8,5.2
2024-03-03,20.81,30.31,18.29,7.68,6.25,2.98,8,5.18
2024-03-02,20.82,30.36,18.27,7.7,6.23,2.98,8,5.15
2024-03-01,20.83,30.41,18.25,7.73,6.21,2.98,8,5.13
2024-02-29,20.84,30.46,18.24,7.75,6.19,2.98,8,5.11
2024-02-28,20.85,30.5,18.22,7.77,6.17,2.98,8,5.09
2024-02-27,20.86,30.55,18.2,7.79,6.15,2.98,8,5.07
2024-02-26,20.87,30.59,18.18,7.81,6.14,2.98,8,5.05
2024-02-25,20.88,30.63,18.17,7.82,6.12,2.98,8,5.03
2024-02-24,20.89,30.66,18.15,7.84,6.11,2.99,8,5.02
2024-02-23,20.9,30.7,18.14,7.86,6.1,2.99,8.01,5
2024-02-22,20.9,30.73,18.13,7.87,6.09,2.99,8.01,4.98
2024-02-21,20.91,30.76,18.12,7.88,6.09,2.99,8.01,4.97
2024-02-20,20.92,30.79,18.1,7.9,6.08,3,8.01,4.96
2024-02-19,20.92,30.82,18.09,7.91,6.07,3,8.01,4.95
2024-02-18,20.93,30.84,18.08,7.92,6.06,3,8.01,4.94
2024-02-17,20.94,30.87,18.07,7.94,6.05,3,8.01,4.93
2024-02-16,20.94,30.89,18.06,7.95,6.04,3,8.01,4.92
2024-02-15,20.95,30.92,18.04,7.96,6.03,3,8.01,4.91
2024-02-14,20.96,30.94,18.03,7.97,6.02,3,8.01,4.91
2024-02-13,20.97,30.97,18.02,7.98,6.01,3,8.01,4.9
2024-02-12,20.98,30.99,18.01,8,6,3,8.01,4.9
2024-02-11,20.98,31.02,18,8.01,5.99,3,8.01,4.9
2024-02-10,20.99,31.05,17.99,8.02,5.99,3,8.01,4.9
2024-02-09,21,31.07,17.98,8.03,5.98,3,8.01,4.9
2024-02-08,21.01,31.1,17.97,8.04,5.98,3,8.01,4.9
2024-02-07,21.02,31.13,17.96,8.06,5.98,3,8.01,4.9
2024-02-06,21.03,31.15,17.95,8.07,5.98,3,8.01,4.91
2024-02-05,21.04,31.18,17.94,8.08,5.98,3,8.01,4.91
2024-02-04,21.05,31.2,17.93,8.09,5.98,3,8.01,4.92
2024-02-03,21.06,31.22,17.92,8.1,5.97,3,8.01,4.93
2024-02-02,21.06,31.24,17.91,8.11,5.97,3,8.01,4.93
2024-02-01,21.07,31.26,17.9,8.12,5.97,3,8.01,4.94
2024-01-31,21.08,31.28,17.89,8.13,5.97,3,8.01,4.95
2024-01-30,21.09,31.3,17.88,8.14,5.97,3,8.01,4.97
2024-01-29,21.1,31.32,17.87,8.15,5.97,3,8.01,4.98
2024-01-28,21.11,31.34,17.86,8.15,5.97,3,8.02,4.99
2024-01-27,21.12,31.37,17.85,8.16,5.97,3,8.02,5.01
2024-01-26,21.13,31.39,17.84,8.17,5.98,3,8.02,5.02
2024-01-25,21.14,31.41,17.84,8.18,5.98,3,8.02,5.04
2024-01-24,21.15,31.43,17.83,8.19,5.99,3,8.02,5.06
2024-01-23,21.16,31.45,17.82,8.19,5.99,3,8.02,5.08
2024-01-22,21.17,31.47,17.82,8.2,6,3,8.02,5.1
2024-01-21,21.18,31.5,17.81,8.2,6.01,3,8.03,5.12
2024-01-20,21.19,31.52,17.81,8.2,6.03,3,8.03,5.14
2024-01-19,21.2,31.54,17.8,8.21,6.04,2.99,8.03,5.16
2023-11-03,22.27,32.35,18,7.72,8.12,2.88,8.28,NA
2023-11-02,22.3,32.34,18,7.72,8.12,2.89,8.28,NA
2023-11-01,22.33,32.33,18,7.73,8.13,2.89,8.27,NA
2023-10-31,22.36,32.32,18,7.74,8.13,2.9,8.26,NA
2023-10-30,22.39,32.31,18,7.75,8.12,2.9,8.25,NA
2023-10-29,22.42,32.29,18,7.77,8.12,2.91,8.23,NA
2023-10-28,22.46,32.28,18,7.78,8.12,2.91,8.22,NA
2023-10-27,22.49,32.26,18,7.79,8.11,2.92,8.21,NA
2023-10-26,22.53,32.24,18,7.81,8.1,2.93,8.19,NA
2023-10-25,22.57,32.22,18,7.82,8.1,2.93,8.18,NA
2023-10-24,22.61,32.2,18,7.84,8.09,2.94,8.16,NA
2023-10-23,22.64,32.18,18,7.86,8.08,2.94,8.14,NA
2023-10-22,22.68,32.16,18,7.87,8.07,2.94,8.13,NA
2023-10-21,22.72,32.14,18,7.89,8.06,2.95,8.11,NA
2023-10-20,22.76,32.13,18,7.9,8.05,2.95,8.1,NA
2023-10-19,22.79,32.11,18,7.91,8.05,2.96,8.09,NA
2023-10-18,22.83,32.09,18,7.93,8.04,2.96,8.07,NA
2023-10-17,22.87,32.07,18,7.95,8.03,2.97,8.05,NA
2023-10-16,22.91,32.05,18,7.96,8.02,2.97,8.04,NA
2023-10-15,22.95,32.02,18,7.98,8.01,2.98,8.02,NA
2023-10-14,23,32,18,8,7.99,2.98,8,NA
2023-10-13,23.04,31.97,18,8.02,7.98,2.99,7.98,NA
2023-10-12,23.09,31.94,18,8.04,7.96,2.99,7.96,NA
2023-10-11,23.14,31.91,18,8.06,7.95,3,7.94,NA
2023-10-10,23.18,31.88,18,8.08,7.93,3.01,7.92,NA
2023-10-09,23.23,31.86,18,8.1,7.92,3.02,7.9,NA
2023-10-08,23.27,31.83,18,8.12,7.91,3.03,7.88,NA
2023-10-07,23.31,31.81,18,8.14,7.89,3.04,7.86,NA
2023-10-06,23.35,31.78,18,8.16,7.88,3.06,7.84,NA
2023-10-05,23.4,31.75,18,8.18,7.86,3.07,7.82,NA
2023-10-04,23.44,31.72,18,8.2,7.84,3.09,7.8,NA
2023-10-03,23.49,31.69,18,8.22,7.82,3.1,7.78,NA
2023-10-02,23.54,31.65,18,8.25,7.79,3.11,7.75,NA
2023-10-01,23.59,31.61,18,8.27,7.76,3.12,7.72,NA
2023-09-30,23.64,31.57,18,8.3,7.73,3.13,7.7,NA
2023-09-29,23.69,31.53,18,8.33,7.7,3.15,7.67,NA
2023-09-28,23.74,31.5,18,8.35,7.67,3.16,7.64,NA
2023-09-27,23.79,31.46,17.99,8.38,7.64,3.18,7.61,NA
2023-09-26,23.84,31.42,17.99,8.41,7.62,3.19,7.59,NA
2023-09-25,23.89,31.38,17.99,8.43,7.59,3.21,7.56,NA
2023-09-24,23.94,31.35,17.99,8.45,7.57,3.22,7.54,NA
2023-09-23,23.98,31.32,17.99,8.47,7.55,3.24,7.52,NA
2023-09-22,24.03,31.28,17.99,8.5,7.52,3.25,7.49,NA
2023-09-21,24.08,31.25,17.99,8.52,7.5,3.26,7.47,NA
2023-09-20,24.13,31.22,17.99,8.55,7.47,3.28,7.44,NA
2023-09-19,24.18,31.18,17.99,8.57,7.45,3.29,7.42,NA
2023-08-20,25.98,30.01,17.93,9.45,6.48,3.82,6.47,NA
2023-08-19,26.03,29.97,17.93,9.48,6.45,3.84,6.45,NA
2023-08-18,26.08,29.93,17.93,9.5,6.42,3.85,6.42,NA
2023-08-17,26.13,29.89,17.93,9.53,6.4,3.86,6.4,NA
2023-08-16,26.18,29.84,17.93,9.55,6.38,3.87,6.38,NA
2023-08-15,26.22,29.8,17.93,9.58,6.35,3.88,6.35,NA
2023-08-14,26.27,29.76,17.93,9.6,6.33,3.9,6.33,NA
2023-08-13,26.31,29.72,17.94,9.62,6.31,3.9,6.31,NA
2023-08-12,26.36,29.68,17.94,9.65,6.29,3.91,6.29,NA
2023-08-11,26.41,29.63,17.94,9.68,6.27,3.92,6.27,NA
2023-08-10,26.46,29.59,17.94,9.7,6.24,3.92,6.24,NA
2023-08-09,26.52,29.54,17.95,9.73,6.21,3.93,6.21,NA
2023-08-08,26.57,29.5,17.95,9.76,6.19,3.93,6.19,NA
2023-08-07,26.62,29.45,17.95,9.79,6.16,3.94,6.16,NA
2023-08-06,26.68,29.4,17.95,9.81,6.14,3.94,6.14,NA
2023-08-05,26.73,29.36,17.95,9.84,6.11,3.95,6.11,NA
2023-08-04,26.78,29.31,17.96,9.87,6.09,3.96,6.09,NA
2023-08-03,26.82,29.27,17.96,9.89,6.07,3.97,6.07,NA
2023-08-02,26.87,29.22,17.96,9.91,6.05,3.98,6.05,NA
2023-08-01,26.9,29.18,17.97,9.94,6.03,3.98,6.03,NA
2023-07-31,26.94,29.13,17.97,9.96,6.02,3.99,6.02,NA
2023-07-30,26.97,29.09,17.98,9.98,6,4,6,NA
2023-07-29,27.01,29.05,17.98,10,5.99,4,5.99,NA
2023-07-28,27.04,29,17.99,10.02,5.97,4.01,5.97,NA
2023-07-27,27.07,28.96,17.99,10.03,5.96,4.02,5.96,NA
2023-07-26,27.11,28.92,18,10.05,5.95,4.02,5.95,NA
2023-07-25,27.14,28.88,18.01,10.07,5.93,4.03,5.93,NA
2023-07-24,27.17,28.83,18.01,10.09,5.92,4.04,5.92,NA
2023-07-23,27.2,28.79,18.02,10.11,5.91,4.05,5.91,NA
2023-07-22,27.23,28.75,18.03,10.13,5.9,4.06,5.9,NA
2023-07-21,27.26,28.7,18.03,10.15,5.89,4.06,5.89,NA
2023-07-20,27.29,28.66,18.04,10.16,5.87,4.07,5.87,NA
2023-07-19,27.32,28.61,18.05,10.18,5.86,4.07,5.86,NA
2023-07-18,27.34,28.56,18.06,10.2,5.86,4.07,5.86,NA
2023-07-17,27.36,28.51,18.07,10.21,5.85,4.07,5.85,NA
2023-07-16,27.38,28.46,18.08,10.23,5.85,4.08,5.85,NA
2023-07-15,27.4,28.41,18.09,10.24,5.84,4.08,5.84,NA
2023-07-14,27.42,28.36,18.1,10.26,5.84,4.09,5.84,NA
2023-07-13,27.43,28.31,18.11,10.27,5.84,4.1,5.84,NA
2023-07-12,27.45,28.26,18.12,10.28,5.84,4.11,5.84,NA
2023-07-11,27.46,28.21,18.14,10.3,5.84,4.12,5.84,NA
2023-07-10,27.48,28.17,18.15,10.31,5.84,4.13,5.84,NA
2023-07-09,27.49,28.12,18.16,10.33,5.83,4.15,5.83,NA
2023-07-08,27.51,28.07,18.17,10.34,5.83,4.16,5.83,NA
2023-07-07,27.53,28.02,18.18,10.35,5.82,4.17,5.82,NA
2023-07-06,27.55,27.98,18.19,10.37,5.82,4.19,5.82,NA
2023-05-29,27.96,26.07,18.9,10.75,5.7,4.87,5.7,NA
2023-05-28,27.96,26.02,18.91,10.76,5.71,4.88,5.71,NA
2023-05-27,27.97,25.97,18.93,10.77,5.71,4.89,5.71,NA
2023-05-26,27.97,25.92,18.94,10.78,5.72,4.9,5.72,NA
2023-05-25,27.97,25.87,18.95,10.79,5.73,4.92,5.73,NA
2023-05-24,27.98,25.82,18.96,10.8,5.74,4.93,5.74,NA
2023-05-23,27.98,25.77,18.97,10.81,5.75,4.95,5.75,NA
2023-05-22,27.99,25.72,18.98,10.82,5.75,4.96,5.75,NA
2023-05-21,27.99,25.67,18.99,10.83,5.76,4.98,5.76,NA
2023-05-20,27.99,25.62,18.99,10.84,5.78,4.99,5.78,NA
2023-05-19,28,25.58,19,10.86,5.79,5,5.79,NA
2023-05-18,28,25.53,19,10.87,5.8,5.01,5.8,NA
2023-05-17,28,25.48,19,10.88,5.81,5.01,5.81,NA
2023-05-16,28.01,25.43,19.01,10.89,5.82,5.02,5.82,NA
2023-05-15,28.01,25.39,19.01,10.9,5.84,5.02,5.84,NA
2023-05-14,28.01,25.34,19.01,10.91,5.85,5.02,5.85,NA
2023-05-13,28.02,25.3,19.02,10.93,5.86,5.03,5.86,NA
2023-05-12,28.02,25.25,19.02,10.94,5.88,5.03,5.88,NA
2023-05-11,28.02,25.21,19.02,10.95,5.89,5.04,5.89,NA
2023-05-10,28.02,25.16,19.02,10.96,5.9,5.04,5.9,NA
2023-05-09,28.03,25.11,19.03,10.97,5.92,5.04,5.92,NA
2023-05-08,28.03,25.06,19.03,10.98,5.94,5.04,5.94,NA
2023-05-07,28.03,25.02,19.03,11,5.96,5.04,5.96,NA
2023-05-06,28.03,24.96,19.03,11.01,5.97,5.04,5.97,NA
2023-05-05,28.02,24.91,19.02,11.02,6,5.04,6,NA
2023-05-04,28.02,24.86,19.02,11.03,6.02,5.03,6.02,NA
2023-05-03,28.02,24.81,19.02,11.05,6.05,5.03,6.05,NA
2023-05-02,28.01,24.76,19.01,11.06,6.07,5.03,6.07,NA
2023-05-01,28.01,24.71,19.01,11.07,6.1,5.02,6.1,NA
2023-04-30,28,24.65,19,11.09,6.13,5.02,6.13,NA
2023-04-29,27.99,24.6,18.99,11.1,6.16,5.01,6.16,NA
2023-04-28,27.98,24.55,18.98,11.11,6.19,5.01,6.19,NA
2023-04-27,27.98,24.5,18.98,11.12,6.22,5,6.22,NA
2023-04-26,27.97,24.45,18.97,11.14,6.25,4.99,6.25,NA
2023-04-25,27.96,24.4,18.96,11.15,6.28,4.98,6.28,NA
2023-04-24,27.96,24.35,18.96,11.16,6.31,4.97,6.31,NA
2023-04-23,27.95,24.3,18.95,11.18,6.33,4.95,6.33,NA
2023-04-22,27.95,24.25,18.95,11.19,6.36,4.93,6.36,NA
2023-04-21,27.94,24.19,18.94,11.2,6.4,4.92,6.4,NA
2023-04-20,27.93,24.14,18.93,11.22,6.43,4.91,6.43,NA
2023-04-19,27.92,24.08,18.92,11.23,6.47,4.89,6.47,NA
2023-04-18,27.9,24.02,18.91,11.25,6.51,4.88,6.51,NA
2023-04-17,27.89,23.96,18.9,11.26,6.55,4.87,6.55,NA
2023-04-16,27.87,23.9,18.89,11.28,6.59,4.86,6.59,NA
2023-04-15,27.86,23.84,18.88,11.29,6.63,4.85,6.63,NA
2023-04-14,27.84,23.78,18.86,11.31,6.68,4.84,6.68,NA
2023-03-12,27.19,21.79,18.3,11.82,8.34,4.22,8.34,NA
2023-03-11,27.17,21.75,18.28,11.83,8.37,4.21,8.37,NA
2023-03-10,27.17,21.72,18.27,11.83,8.4,4.19,8.4,NA
2023-03-09,27.16,21.68,18.26,11.84,8.43,4.18,8.43,NA
2023-03-08,27.15,21.64,18.25,11.85,8.46,4.17,8.46,NA
2023-03-07,27.14,21.59,18.23,11.86,8.49,4.16,8.49,NA
2023-03-06,27.12,21.55,18.22,11.88,8.53,4.15,8.53,NA
2023-03-05,27.11,21.5,18.21,11.89,8.57,4.14,8.57,NA
2023-03-04,27.1,21.45,18.19,11.9,8.6,4.12,8.6,NA
2023-03-03,27.09,21.4,18.18,11.91,8.64,4.11,8.64,NA
2023-03-02,27.08,21.35,18.17,11.92,8.68,4.09,8.68,NA
2023-03-01,27.07,21.31,18.16,11.93,8.71,4.07,8.71,NA
2023-02-28,27.06,21.27,18.14,11.94,8.74,4.06,8.74,NA
2023-02-27,27.05,21.24,18.13,11.95,8.77,4.04,8.77,NA
2023-02-26,27.04,21.22,18.12,11.96,8.79,4.03,8.79,NA
2023-02-25,27.04,21.19,18.11,11.96,8.81,4.02,8.81,NA
2023-02-24,27.03,21.16,18.09,11.97,8.84,4.01,8.84,NA
2023-02-23,27.03,21.13,18.08,11.97,8.86,4,8.86,NA
2023-02-22,27.02,21.1,18.07,11.98,8.89,4,8.89,NA
2023-02-21,27.01,21.07,18.06,11.99,8.92,4,8.92,NA
2023-02-20,27.01,21.04,18.04,11.99,8.95,3.99,8.95,NA
2023-02-19,27,21.01,18.03,12,8.97,3.99,8.97,NA
2023-02-18,26.99,20.98,18.02,12.01,9,3.98,9,NA
2023-02-17,26.99,20.95,18,12.01,9.02,3.98,9.02,NA
2023-02-16,26.98,20.93,17.99,12.02,9.05,3.97,9.05,NA
2023-02-15,26.98,20.91,17.98,12.02,9.07,3.97,9.07,NA
2023-02-14,26.97,20.89,17.97,12.03,9.09,3.97,9.09,NA
2023-02-13,26.97,20.88,17.96,12.03,9.1,3.96,9.1,NA
2023-02-12,26.97,20.87,17.94,12.03,9.11,3.96,9.11,NA
2023-02-11,26.97,20.86,17.93,12.03,9.13,3.95,9.13,NA
2023-02-10,26.97,20.86,17.92,12.03,9.14,3.95,9.14,NA
2023-02-09,26.97,20.85,17.91,12.03,9.15,3.95,9.15,NA
2023-02-08,26.97,20.84,17.9,12.03,9.16,3.94,9.16,NA
2023-02-07,26.97,20.84,17.89,12.03,9.17,3.94,9.17,NA
2023-02-06,26.97,20.84,17.88,12.03,9.18,3.94,9.18,NA
2023-02-05,26.97,20.83,17.87,12.03,9.19,3.93,9.19,NA
2023-02-04,26.97,20.83,17.86,12.03,9.19,3.93,9.19,NA
2023-02-03,26.97,20.83,17.85,12.03,9.2,3.93,9.2,NA
2023-02-02,26.98,20.84,17.84,12.02,9.21,3.92,9.21,NA
2023-02-01,26.98,20.84,17.83,12.02,9.21,3.92,9.21,NA
2023-01-31,26.98,20.84,17.82,12.02,9.22,3.92,9.22,NA
2023-01-30,26.98,20.85,17.81,12.02,9.22,3.92,9.22,NA
2023-01-29,26.99,20.86,17.8,12.01,9.23,3.91,9.23,NA
2023-01-28,26.99,20.87,17.78,12.01,9.23,3.91,9.23,NA
2023-01-27,27,20.89,17.77,12,9.23,3.91,9.22,NA
2023-01-26,27,20.91,17.76,12,9.22,3.91,9.22,NA
2022-12-03,27.75,23.6,17.11,11.25,8.2,4,8.1,NA
2022-12-02,27.76,23.64,17.1,11.24,8.18,4,8.08,NA
2022-12-01,27.77,23.66,17.1,11.23,8.17,4,8.07,NA
2022-11-30,27.78,23.69,17.09,11.22,8.16,4,8.07,NA
2022-11-29,27.8,23.71,17.08,11.2,8.15,4,8.06,NA
2022-11-28,27.81,23.73,17.08,11.19,8.14,4,8.05,NA
2022-11-27,27.82,23.75,17.07,11.18,8.13,4,8.05,NA
2022-11-26,27.83,23.77,17.07,11.17,8.12,4,8.04,NA
2022-11-25,27.84,23.79,17.06,11.16,8.11,4,8.04,NA
2022-11-24,27.84,23.81,17.05,11.16,8.11,4,8.03,NA
2022-11-23,27.85,23.84,17.05,11.15,8.1,4,8.02,NA
2022-11-22,27.86,23.86,17.04,11.14,8.09,4,8.01,NA
2022-11-21,27.87,23.89,17.03,11.13,8.08,4,8.01,NA
2022-11-20,27.88,23.91,17.02,11.12,8.07,4,8,NA
2022-11-19,27.89,23.93,17.01,11.11,8.06,4,7.99,NA
2022-11-18,27.9,23.95,17.01,11.1,8.05,4,7.99,NA
2022-11-17,27.91,23.97,17,11.09,8.05,4,7.98,NA
2022-11-16,27.92,23.98,17,11.08,8.04,4,7.98,NA
2022-11-15,27.93,23.99,17,11.07,8.03,4,7.98,NA
2022-11-14,27.94,23.99,17,11.06,8.03,4,7.98,NA
2022-11-13,27.96,23.99,17,11.04,8.02,4,7.99,NA
2022-11-12,27.97,24,17,11.03,8.01,4,7.99,NA
2022-11-11,27.98,24.01,17,11.02,8.01,4,7.99,NA
2022-11-10,27.99,24.02,16.99,11.01,8,4,7.99,NA
2022-11-09,28,24.02,16.99,11,7.99,4,7.99,NA
2022-11-08,28.02,24.03,16.99,10.98,7.99,4,7.99,NA
2022-11-07,28.03,24.03,16.99,10.97,7.98,4,8,NA
2022-11-06,28.04,24.04,16.99,10.96,7.97,4,8,NA
2022-11-05,28.05,24.04,16.99,10.95,7.97,4,8,NA
2022-11-04,28.07,24.04,16.99,10.93,7.96,4,8.01,NA
2022-11-03,28.08,24.04,16.99,10.92,7.96,4,8.01,NA
2022-11-02,28.09,24.04,16.99,10.91,7.95,4,8.02,NA
2022-11-01,28.1,24.03,17,10.9,7.95,4,8.02,NA
2022-10-31,28.11,24.03,17,10.89,7.94,4,8.03,NA
2022-10-30,28.13,24.02,17,10.87,7.94,4,8.04,NA
2022-10-29,28.14,24.02,17.01,10.86,7.93,4,8.04,NA
2022-10-28,28.15,24.01,17.01,10.85,7.93,4,8.05,NA
2022-10-27,28.16,24.01,17.01,10.84,7.93,4,8.06,NA
2022-10-26,28.17,24,17.02,10.83,7.92,4,8.06,NA
2022-10-25,28.18,23.99,17.02,10.82,7.92,4,8.07,NA
2022-10-24,28.2,23.98,17.02,10.8,7.91,4,8.08,NA
2022-10-23,28.21,23.98,17.03,10.79,7.91,4,8.09,NA
2022-10-22,28.22,23.97,17.03,10.78,7.91,4,8.1,NA
2022-10-21,28.23,23.95,17.04,10.77,7.9,4,8.11,NA
2022-10-20,28.25,23.94,17.04,10.75,7.9,4,8.12,NA
2022-10-19,28.26,23.92,17.05,10.74,7.9,4,8.13,NA
2022-07-23,29.08,19.19,19.44,8.77,8.11,3.89,11.8,NA
2022-07-22,29.13,19.17,19.42,8.78,8.1,3.89,11.77,NA
2022-07-21,29.18,19.14,19.41,8.78,8.1,3.89,11.74,NA
2022-07-20,29.23,19.12,19.39,8.79,8.09,3.89,11.7,NA
2022-07-19,29.28,19.11,19.37,8.8,8.08,3.89,11.66,NA
2022-07-18,29.34,19.09,19.35,8.81,8.07,3.89,11.62,NA
2022-07-17,29.4,19.08,19.32,8.82,8.06,3.89,11.57,NA
2022-07-16,29.46,19.07,19.29,8.83,8.05,3.89,11.52,NA
2022-07-15,29.52,19.06,19.26,8.85,8.04,3.9,11.46,NA
2022-07-14,29.59,19.06,19.23,8.86,8.03,3.9,11.4,NA
2022-07-13,29.65,19.05,19.2,8.88,8.02,3.91,11.34,NA
2022-07-12,29.72,19.05,19.16,8.9,8.01,3.91,11.27,NA
2022-07-11,29.8,19.05,19.12,8.92,8,3.92,11.2,NA
2022-07-10,29.87,19.04,19.08,8.94,7.99,3.93,11.12,NA
2022-07-09,29.95,19.04,19.04,8.96,7.98,3.94,11.05,NA
2022-07-08,30.02,19.04,18.99,8.99,7.97,3.95,10.97,NA
2022-07-07,30.11,19.03,18.95,9.01,7.95,3.97,10.89,NA
2022-07-06,30.19,19.03,18.9,9.04,7.94,3.98,10.81,NA
2022-07-05,30.27,19.02,18.86,9.06,7.93,4,10.73,NA
2022-07-04,30.35,19.01,18.81,9.09,7.92,4.02,10.65,NA
2022-07-03,30.44,19.01,18.76,9.11,7.91,4.04,10.56,NA
2022-07-02,30.52,19,18.72,9.14,7.9,4.07,10.48,NA
2022-07-01,30.61,18.99,18.67,9.17,7.9,4.09,10.39,NA
2022-06-30,30.69,18.99,18.62,9.2,7.89,4.11,10.31,NA
2022-06-29,30.78,18.98,18.57,9.23,7.88,4.14,10.22,NA
2022-06-28,30.87,18.97,18.52,9.26,7.87,4.17,10.13,NA
2022-06-27,30.96,18.96,18.46,9.29,7.86,4.19,10.04,NA
2022-06-26,31.05,18.95,18.41,9.32,7.86,4.22,9.95,NA
2022-06-25,31.14,18.94,18.36,9.35,7.85,4.25,9.86,NA
2022-06-24,31.24,18.92,18.3,9.39,7.85,4.29,9.76,NA
2022-06-23,31.33,18.91,18.25,9.42,7.84,4.32,9.67,NA
2022-06-22,31.42,18.9,18.2,9.45,7.84,4.36,9.58,NA
2022-06-21,31.51,18.88,18.14,9.49,7.83,4.4,9.49,NA
2022-06-20,31.6,18.87,18.09,9.52,7.83,4.43,9.4,NA
2022-06-19,31.69,18.85,18.04,9.55,7.83,4.47,9.31,NA
2022-06-18,31.77,18.84,17.99,9.59,7.83,4.51,9.23,NA
2022-06-17,31.86,18.82,17.94,9.62,7.83,4.55,9.14,NA
2022-06-16,31.95,18.8,17.88,9.66,7.83,4.59,9.05,NA
2022-06-15,32.04,18.78,17.83,9.7,7.83,4.63,8.96,NA
2022-06-14,32.14,18.76,17.77,9.73,7.83,4.68,8.86,NA
2022-06-13,32.23,18.74,17.71,9.77,7.83,4.73,8.77,NA
2022-06-12,32.33,18.72,17.65,9.81,7.83,4.78,8.67,NA
2022-06-11,32.43,18.7,17.59,9.85,7.83,4.84,8.57,NA
2022-06-10,32.52,18.68,17.54,9.89,7.83,4.9,8.48,NA
2022-06-09,32.62,18.66,17.48,9.93,7.83,4.96,8.38,NA
2022-06-08,32.71,18.64,17.42,9.97,7.84,5.02,8.29,NA
2022-06-07,32.79,18.61,17.37,10.01,7.84,5.07,8.21,NA
2022-06-06,32.88,18.59,17.32,10.05,7.85,5.12,8.12,NA
2022-06-05,32.96,18.56,17.26,10.09,7.86,5.17,8.04,NA
2022-06-04,33.07,18.53,17.2,10.13,7.87,5.23,7.93,NA
2022-06-03,33.18,18.51,17.13,10.18,7.87,5.3,7.82,NA
2022-06-02,33.3,18.48,17.06,10.23,7.87,5.38,7.7,NA
2022-06-01,33.43,18.45,16.98,10.29,7.88,5.45,7.57,NA
2022-05-31,33.56,18.42,16.9,10.34,7.88,5.53,7.44,NA
2022-05-30,33.69,18.39,16.82,10.4,7.88,5.61,7.31,NA
2022-05-29,33.82,18.36,16.74,10.45,7.89,5.67,7.18,NA
2022-05-28,33.95,18.33,16.66,10.5,7.89,5.73,7.05,NA
2022-05-27,34.06,18.29,16.59,10.56,7.9,5.77,6.94,NA
2022-05-26,34.17,18.26,16.52,10.61,7.91,5.8,6.83,NA
2022-05-25,34.26,18.23,16.46,10.65,7.93,5.84,6.74,NA
2022-05-24,34.34,18.19,16.41,10.7,7.95,5.87,6.66,NA
2022-05-23,34.41,18.15,16.36,10.74,7.97,5.91,6.59,NA
2022-05-22,34.47,18.11,16.32,10.79,8,5.95,6.53,NA
2022-05-21,34.54,18.07,16.27,10.83,8.02,5.98,6.46,NA
2022-05-20,34.6,18.02,16.22,10.88,8.06,6.01,6.39,NA
2022-05-19,34.67,17.97,16.17,10.93,8.09,6.04,6.33,NA
2022-05-18,34.73,17.92,16.13,10.98,8.12,6.06,6.27,NA
2022-05-17,34.78,17.87,16.08,11.03,8.16,6.07,6.21,NA
2022-05-16,34.83,17.82,16.04,11.07,8.2,6.07,6.16,NA
2022-05-15,34.88,17.77,16,11.12,8.23,6.06,6.11,NA
2022-05-14,34.93,17.72,15.96,11.16,8.27,6.05,6.07,NA
2022-05-13,34.97,17.68,15.92,11.2,8.3,6.02,6.03,NA
2022-05-12,35,17.64,15.89,11.24,8.34,5.99,5.99,NA
2022-05-11,35.02,17.59,15.87,11.27,8.37,5.96,5.97,NA
2022-05-10,35.02,17.54,15.85,11.31,8.42,5.93,5.97,NA
2022-05-09,35.01,17.49,15.84,11.34,8.48,5.9,5.98,NA
2022-05-08,34.98,17.43,15.84,11.38,8.54,5.87,6,NA
2022-05-07,34.93,17.37,15.84,11.41,8.61,5.84,6.04,NA
2022-05-06,34.89,17.3,15.84,11.44,8.68,5.82,6.08,NA
2022-05-05,34.83,17.24,15.85,11.47,8.75,5.8,6.13,NA
2022-05-04,34.78,17.18,15.86,11.5,8.82,5.76,6.17,NA
2022-05-03,34.73,17.12,15.87,11.53,8.89,5.72,6.22,NA
2022-05-02,34.69,17.06,15.87,11.56,8.95,5.66,6.26,NA
2022-05-01,34.65,17.01,15.87,11.59,9,5.61,6.29,NA
2022-04-30,34.63,16.97,15.87,11.61,9.05,5.55,6.31,NA
2022-04-29,34.62,16.93,15.87,11.63,9.08,5.5,6.32,NA
2022-04-28,34.62,16.89,15.86,11.65,9.12,5.45,6.33,NA
2022-04-27,34.59,16.84,15.87,11.67,9.16,5.41,6.36,NA
2022-04-26,34.56,16.79,15.87,11.69,9.21,5.38,6.4,NA
2022-04-25,34.51,16.74,15.89,11.71,9.27,5.36,6.44,NA
2022-04-24,34.46,16.69,15.9,11.73,9.32,5.33,6.5,NA
2022-04-23,34.4,16.64,15.92,11.75,9.38,5.29,6.55,NA
2022-04-22,34.34,16.58,15.94,11.76,9.44,5.25,6.61,NA
2022-04-21,34.29,16.53,15.95,11.78,9.49,5.21,6.67,NA
2022-04-20,34.25,16.49,15.97,11.79,9.54,5.17,6.72,NA
2022-04-19,34.21,16.45,15.98,11.8,9.58,5.14,6.76,NA
2022-04-18,34.19,16.41,15.99,11.81,9.61,5.11,6.79,NA
2022-04-17,34.18,16.38,15.99,11.82,9.63,5.08,6.8,NA
2022-04-16,34.19,16.36,15.99,11.83,9.64,5.07,6.8,NA
2022-04-15,34.2,16.34,15.99,11.83,9.64,5.06,6.81,NA
2022-04-14,34.22,16.33,15.99,11.83,9.64,5.05,6.81,NA
2022-04-13,34.24,16.31,15.99,11.83,9.64,5.05,6.81,NA
2022-04-12,34.26,16.3,15.99,11.82,9.63,5.04,6.8,NA
2022-04-11,34.28,16.29,15.99,11.82,9.62,5.04,6.8,NA
2022-04-10,34.31,16.28,15.99,11.81,9.61,5.04,6.8,NA
2022-04-09,34.33,16.27,16,11.8,9.6,5.04,6.79,NA
2022-04-08,34.36,16.27,16,11.79,9.58,5.04,6.79,NA
2022-04-07,34.38,16.26,16,11.79,9.57,5.05,6.78,NA
2022-04-06,34.41,16.26,16,11.78,9.56,5.05,6.78,NA
2022-04-05,34.43,16.25,16,11.77,9.54,5.07,6.77,NA
2022-04-04,34.46,16.25,16,11.77,9.53,5.08,6.76,NA
2022-04-03,34.48,16.24,16,11.76,9.52,5.11,6.76,NA
2022-04-02,34.5,16.24,16,11.75,9.5,5.14,6.75,NA
2022-04-01,34.53,16.24,16,11.74,9.48,5.17,6.74,NA
2022-03-31,34.56,16.25,16,11.73,9.46,5.2,6.73,NA
2022-03-30,34.59,16.25,16,11.72,9.44,5.24,6.72,NA
2022-03-29,34.63,16.25,16,11.71,9.41,5.27,6.71,NA
2022-03-28,34.66,16.26,16,11.69,9.39,5.3,6.69,NA
2022-03-27,34.69,16.27,16,11.68,9.36,5.33,6.68,NA
2022-03-26,34.73,16.28,16,11.67,9.33,5.35,6.66,NA
2022-03-25,34.76,16.29,16,11.65,9.3,5.36,6.65,NA
2022-03-24,34.8,16.3,16,11.64,9.27,5.38,6.63,NA
2022-03-23,34.83,16.31,16,11.62,9.24,5.41,6.62,NA
2022-03-22,34.87,16.32,16,11.61,9.21,5.43,6.6,NA
2022-03-21,34.9,16.33,16,11.59,9.18,5.46,6.59,NA
2022-03-20,34.94,16.35,16,11.57,9.14,5.48,6.57,NA
2022-03-19,34.98,16.36,16,11.55,9.1,5.51,6.55,NA
2022-03-18,35.02,16.38,16,11.53,9.07,5.53,6.53,NA
2022-03-17,35.06,16.4,16,11.51,9.03,5.55,6.51,NA
2022-03-16,35.1,16.42,16,11.49,8.98,5.57,6.49,NA
2022-03-15,35.15,16.44,16,11.47,8.94,5.6,6.47,NA
2022-03-14,35.19,16.46,16,11.45,8.9,5.62,6.45,NA
2022-03-13,35.23,16.49,16,11.43,8.85,5.64,6.43,NA
2022-03-12,35.28,16.51,16,11.4,8.81,5.66,6.4,NA
2022-03-11,35.32,16.54,16,11.38,8.76,5.69,6.38,NA
2022-03-10,35.37,16.57,16,11.35,8.71,5.71,6.35,NA
2022-03-09,35.42,16.59,16,11.33,8.66,5.74,6.33,NA
2022-03-08,35.47,16.62,16,11.3,8.61,5.76,6.3,NA
2022-03-07,35.52,16.65,16,11.28,8.55,5.79,6.28,NA
2022-03-06,35.57,16.69,16,11.25,8.5,5.81,6.25,NA
2022-03-05,35.62,16.72,16,11.22,8.44,5.83,6.22,NA
2022-03-04,35.67,16.75,16,11.19,8.38,5.86,6.19,NA
2022-03-03,35.72,16.79,16,11.16,8.32,5.88,6.16,NA
2022-03-02,35.78,16.83,16,11.13,8.26,5.9,6.13,NA
2022-03-01,35.83,16.86,16,11.1,8.2,5.93,6.1,NA
2022-02-28,35.89,16.9,16,11.07,8.14,5.95,6.07,NA
2022-02-27,35.95,16.94,16,11.04,8.07,5.97,6.04,NA
2022-02-26,36,16.99,16,11,8.01,6,6,NA
2022-02-25,36.06,17.03,16,10.97,7.94,6.02,5.97,NA
2022-02-24,36.12,17.07,16,10.94,7.87,6.05,5.94,NA
2022-02-23,36.18,17.11,16,10.9,7.81,6.07,5.9,NA
2022-02-22,36.23,17.16,16,10.87,7.74,6.09,5.87,NA
2022-02-21,36.29,17.2,16,10.83,7.67,6.11,5.84,NA
2022-02-20,36.35,17.25,16,10.8,7.6,6.13,5.8,NA
2022-02-19,36.41,17.3,16,10.76,7.53,6.15,5.77,NA
2022-02-18,36.47,17.34,16,10.73,7.46,6.17,5.73,NA
2022-02-17,36.53,17.39,16,10.69,7.39,6.19,5.69,NA
2022-02-16,36.59,17.44,16,10.66,7.31,6.21,5.66,NA
2022-02-15,36.65,17.49,16,10.62,7.24,6.23,5.62,NA
2022-02-14,36.72,17.54,16,10.58,7.16,6.25,5.58,NA
